{
"type": "FeatureCollection",
"name": "Redhidro",
"crs": { "type": "name", "properties": { "name": "urn:ogc:def:crs:EPSG::5360" } },
"features": [
{ "type": "Feature", "properties": { "OBJECTID": 950, "COD_BNA": "05733001-5", "NOM_ESTACI": "RUNGUE EMBALSE (Nivel Emb.)", "FECHA_INST": "01/01/1973", "FECHA_LLEN": null, "FECHA_SUSP": null, "COD_REG": "13", "COD_PROV": "133", "COD_COM": "13303", "REGION": "Metropolitana de Santiago", "PROVINCIA": "Chacabuco", "COMUNA": "Tiltil", "REGION_RES": "METROPOLITANA", "COD_CUEN": "057", "COD_SUBC": "0573", "COD_SSUBC": "05733", "NOM_CUEN": "Rio Maipo", "NOM_SUBC": "Mapocho Bajo", "NOM_SSUBC": "Estero Tiltil", "ALTITUD_MS": 707, "AREA_DRENA": 127.0, "NOM_ACUIF": "Rio Maipo", "SHAC": "Tiltil", "UBICACIÓN": null, "OBSERVACIO": null, "LUGAR": "LAGO O EMBALSE", "INSTITUCIO": "DIRECCION GENERAL DE AGUAS", "TIPO_ESTAC": "*CALIDAD DE AGUA\n*LAGOS Y EMBALSES\n", "TIPO_EST_1": "CALIDAD DE AGUA\n", "TIPO_EST_2": "LAGOS Y EMBALSES\n", "TIPO_EST_3": null, "TIPO_EST_4": null, "FUENTE_00": "*DTL\n*GPR\n", "FUENTE_01": "DTL\n", "FUENTE_02": "GPR\n", "FUENTE_03": null, "FUENTE_04": null, "PARAMETROS": "*ALTURA (m) | minimo: -2, maximo: 15\n", "INSTRUMENT": "*LIMNIMETRO DE REGLA GRADUADA\n*LIMNIMETRO DE REGLA GRADUADA\n", "PROCESOS": null, "PERFIL_TOP": null, "LAGO_ASOCI": "Nombre: EMBALSE RUNGUE | Altura: 700 |  Área Riego: 0 | Capacidad: 1.7 | Latitud: 33°00'48'' | Longitud: 70°54'10'' | Superficie: -999.9", "POZO": null, "LATITUD": -33.000517459000001, "LONGITUD": -70.866764575000005, "ESTE_8418": 0, "NORTE_8418": 0, "ESTE_8419": 325603, "NORTE_8419": 6347108, "ESTE_8412": 0, "NORTE_8412": 0, "HUSO_REAL": 19 }, "geometry": { "type": "Point", "coordinates": [ -70.866764574999934, -33.00051745899998 ] } },
{ "type": "Feature", "properties": { "OBJECTID": 951, "COD_BNA": "05733002-3", "NOM_ESTACI": "ESTERO TILTIL EN TILTIL (CA)", "FECHA_INST": "01/02/1982", "FECHA_LLEN": "01/10/2025", "FECHA_SUSP": null, "COD_REG": "13", "COD_PROV": "133", "COD_COM": "13303", "REGION": "Metropolitana de Santiago", "PROVINCIA": "Chacabuco", "COMUNA": "Tiltil", "REGION_RES": "METROPOLITANA", "COD_CUEN": "057", "COD_SUBC": "0573", "COD_SSUBC": "05733", "NOM_CUEN": "Rio Maipo", "NOM_SUBC": "Mapocho Bajo", "NOM_SSUBC": "Estero Tiltil", "ALTITUD_MS": 580, "AREA_DRENA": 305.0, "NOM_ACUIF": "Rio Maipo", "SHAC": "Tiltil", "UBICACIÓN": null, "OBSERVACIO": null, "LUGAR": "CAUCE NATURAL", "INSTITUCIO": "DIRECCION GENERAL DE AGUAS", "TIPO_ESTAC": "*CALIDAD DE AGUA\n", "TIPO_EST_1": "CALIDAD DE AGUA\n", "TIPO_EST_2": null, "TIPO_EST_3": null, "TIPO_EST_4": null, "FUENTE_00": null, "FUENTE_01": null, "FUENTE_02": null, "FUENTE_03": null, "FUENTE_04": null, "PARAMETROS": null, "INSTRUMENT": null, "PROCESOS": null, "PERFIL_TOP": null, "LAGO_ASOCI": null, "POZO": null, "LATITUD": -33.083849678999997, "LONGITUD": -70.9334419, "ESTE_8418": 0, "NORTE_8418": 0, "ESTE_8419": 319543, "NORTE_8419": 6337755, "ESTE_8412": 0, "NORTE_8412": 0, "HUSO_REAL": 19 }, "geometry": { "type": "Point", "coordinates": [ -70.933441899999934, -33.083849678999968 ] } },
{ "type": "Feature", "properties": { "OBJECTID": 952, "COD_BNA": "05733006-6", "NOM_ESTACI": "RINCON DE LOS VALLES", "FECHA_INST": "01/05/1957", "FECHA_LLEN": "18/12/2020", "FECHA_SUSP": null, "COD_REG": "13", "COD_PROV": "133", "COD_COM": "13303", "REGION": "Metropolitana de Santiago", "PROVINCIA": "Chacabuco", "COMUNA": "Tiltil", "REGION_RES": "METROPOLITANA", "COD_CUEN": "057", "COD_SUBC": "0573", "COD_SSUBC": "05733", "NOM_CUEN": "Rio Maipo", "NOM_SUBC": "Mapocho Bajo", "NOM_SSUBC": "Estero Tiltil", "ALTITUD_MS": 955, "AREA_DRENA": 0.0, "NOM_ACUIF": "Rio Maipo", "SHAC": "Tiltil", "UBICACIÓN": "10 KM. AL ORIENTE DE MONTENEGRO", "OBSERVACIO": "* SIN ESTADISTICA DESDE MAYO A DI-  CIEMBRE DE 1973.- NO SE INDICA MOTIVOS.\n* FECHA DE INSTALACION DE PLUVIOME- TRO. FECHA INICIO DE ESTADISTICA. ESTADISTICA RELLENADA EN  ABRIL DE 1957.-\n", "LUGAR": "ZONA RURAL", "INSTITUCIO": "DIRECCION GENERAL DE AGUAS", "TIPO_ESTAC": "*METEOROLOGICA\n", "TIPO_EST_1": "METEOROLOGICA\n", "TIPO_EST_2": null, "TIPO_EST_3": null, "TIPO_EST_4": null, "FUENTE_00": "*DTL\n*FOR\n*SAT\n", "FUENTE_01": "DTL\n", "FUENTE_02": "FOR\n", "FUENTE_03": "SAT\n", "FUENTE_04": null, "PARAMETROS": "*PRECIPITACION (mm) | minimo: 0, maximo: 80\n", "INSTRUMENT": "*PLUVIOMETRO HELLMAN\n", "PROCESOS": "*PROCESO DE DATOS METEOROLÓGICOS | TODAS LAS FUENTES\n", "PERFIL_TOP": null, "LAGO_ASOCI": null, "POZO": null, "LATITUD": -32.947609733, "LONGITUD": -70.753254640999998, "ESTE_8418": 0, "NORTE_8418": 0, "ESTE_8419": 336111, "NORTE_8419": 6353157, "ESTE_8412": 0, "NORTE_8412": 0, "HUSO_REAL": 19 }, "geometry": { "type": "Point", "coordinates": [ -70.753254640999955, -32.947609732999979 ] } },
{ "type": "Feature", "properties": { "OBJECTID": 953, "COD_BNA": "05733007-4", "NOM_ESTACI": "CALEU", "FECHA_INST": "01/05/1957", "FECHA_LLEN": "18/12/2020", "FECHA_SUSP": null, "COD_REG": "13", "COD_PROV": "133", "COD_COM": "13303", "REGION": "Metropolitana de Santiago", "PROVINCIA": "Chacabuco", "COMUNA": "Tiltil", "REGION_RES": "METROPOLITANA", "COD_CUEN": "057", "COD_SUBC": "0573", "COD_SSUBC": "05733", "NOM_CUEN": "Rio Maipo", "NOM_SUBC": "Mapocho Bajo", "NOM_SSUBC": "Estero Tiltil", "ALTITUD_MS": 1120, "AREA_DRENA": 0.0, "NOM_ACUIF": "Rio Maipo", "SHAC": "Tiltil", "UBICACIÓN": "RETEN CARABINEROS CALEU A LOS PIES DEL CERRO EL ROBLE", "OBSERVACIO": "* SIN LECTURAS LOS MESES DE NOV. Y  DIC. DE 1983.- NO SE INDICA MOTIVOS DE INTERRUPCION DE LECTURAS.\n* SIN LECTURAS PLUVIOMETRICAS DESDE  ENE. A OCT. 74 Y DIC. 74.- NO SE INDICA MOTIVOS.\n* SIN LECTURAS PLUVIOMETRICAS DESDE AGOSTO A DICIEMBRE DE 1973.-\n", "LUGAR": "ZONA RURAL", "INSTITUCIO": "DIRECCION GENERAL DE AGUAS", "TIPO_ESTAC": "*METEOROLOGICA\n", "TIPO_EST_1": "METEOROLOGICA\n", "TIPO_EST_2": null, "TIPO_EST_3": null, "TIPO_EST_4": null, "FUENTE_00": "*DTL\n*GPR\n", "FUENTE_01": "DTL\n", "FUENTE_02": "GPR\n", "FUENTE_03": null, "FUENTE_04": null, "PARAMETROS": "*PRECIPITACION (mm) | minimo: 0, maximo: 80\n", "INSTRUMENT": "*PLUVIOMETRO HELLMAN\n", "PROCESOS": "*PROCESO DE DATOS METEOROLÓGICOS | ALGUNAS FUENTES | SUSPENDIDO(17/05/2022)\n", "PERFIL_TOP": null, "LAGO_ASOCI": null, "POZO": null, "LATITUD": -33.005500175000002, "LONGITUD": -70.993571646999996, "ESTE_8418": 0, "NORTE_8418": 0, "ESTE_8419": 313765, "NORTE_8419": 6346338, "ESTE_8412": 0, "NORTE_8412": 0, "HUSO_REAL": 19 }, "geometry": { "type": "Point", "coordinates": [ -70.993571646999953, -33.005500174999952 ] } },
{ "type": "Feature", "properties": { "OBJECTID": 954, "COD_BNA": "05733008-2", "NOM_ESTACI": "RUNGUE EMBALSE", "FECHA_INST": "01/05/1943", "FECHA_LLEN": "18/12/2020", "FECHA_SUSP": null, "COD_REG": "13", "COD_PROV": "133", "COD_COM": "13303", "REGION": "Metropolitana de Santiago", "PROVINCIA": "Chacabuco", "COMUNA": "Tiltil", "REGION_RES": "METROPOLITANA", "COD_CUEN": "057", "COD_SUBC": "0573", "COD_SSUBC": "05733", "NOM_CUEN": "Rio Maipo", "NOM_SUBC": "Mapocho Bajo", "NOM_SSUBC": "Estero Tiltil", "ALTITUD_MS": 700, "AREA_DRENA": 0.0, "NOM_ACUIF": "Rio Maipo", "SHAC": "Tiltil", "UBICACIÓN": "CAMPTO. DEL EMBALSE,3 KM. AL PONIENTE DE RUNGUE", "OBSERVACIO": "*sin registro de temperaturas minimas hasta el 17/05/89\n*sin registro de temperaturas minimas hasta el 21/03/87\n*SE PINTA EL INSTRUMENTO                                                                        S\n", "LUGAR": "ZONA RURAL", "INSTITUCIO": "DIRECCION GENERAL DE AGUAS", "TIPO_ESTAC": "*METEOROLOGICA\n", "TIPO_EST_1": "METEOROLOGICA\n", "TIPO_EST_2": null, "TIPO_EST_3": null, "TIPO_EST_4": null, "FUENTE_00": "*DTL\n*GPR\n", "FUENTE_01": "DTL\n", "FUENTE_02": "GPR\n", "FUENTE_03": null, "FUENTE_04": null, "PARAMETROS": "*PRECIPITACION (mm) | minimo: 0, maximo: 80\n*TEMPERATURA HORARIA (ºc) | minimo: -3, maximo: 32\n*TEMPERATURA MINIMA (ºc) | minimo: -3, maximo: 32\n*TEMPERATURA MAXIMA (ºc) | minimo: -3, maximo: 32\n*TEMP. BULBO SECO (ºc) | minimo: -3, maximo: 32 | SUSPE", "INSTRUMENT": "*PLUVIOMETRO HELLMAN\n*PLUVIOGRAFO DE FLOTADOR\n*TERMOMETRO DE MAXIMA Y MINIMA\n*TERMOGRAFO\n*EVAPORIMETRO DE ESTANQUE CON REC. DIARIO DE VIENTO\n*PSICROMETRO VENTILACION NATURAL\n*PSICROMETRO VENTILACION NATURAL | SUSPENDIDO(01/06/2007)\n*HIGROTERMOGRAFO\n*ANEM", "PROCESOS": "*PROCESO DE DATOS METEOROLÓGICOS | ALGUNAS FUENTES\n", "PERFIL_TOP": null, "LAGO_ASOCI": "Nombre: EMBALSE RUNGUE | Altura: 700 |  Área Riego: 0 | Capacidad: 1.7 | Latitud: 33°00'48'' | Longitud: 70°54'10'' | Superficie: -999.9", "POZO": null, "LATITUD": -33.019942335000003, "LONGITUD": -70.907948781000002, "ESTE_8418": 0, "NORTE_8418": 0, "ESTE_8419": 321794, "NORTE_8419": 6344885, "ESTE_8412": 0, "NORTE_8412": 0, "HUSO_REAL": 19 }, "geometry": { "type": "Point", "coordinates": [ -70.907948780999959, -33.019942334999939 ] } },
{ "type": "Feature", "properties": { "OBJECTID": 955, "COD_BNA": "05733010-4", "NOM_ESTACI": "FUNDO LAS BATEAS", "FECHA_INST": "01/11/1985", "FECHA_LLEN": "18/12/2020", "FECHA_SUSP": null, "COD_REG": "13", "COD_PROV": "133", "COD_COM": "13303", "REGION": "Metropolitana de Santiago", "PROVINCIA": "Chacabuco", "COMUNA": "Tiltil", "REGION_RES": "METROPOLITANA", "COD_CUEN": "057", "COD_SUBC": "0573", "COD_SSUBC": "05733", "NOM_CUEN": "Rio Maipo", "NOM_SUBC": "Mapocho Bajo", "NOM_SSUBC": "Estero Tiltil", "ALTITUD_MS": 810, "AREA_DRENA": 0.0, "NOM_ACUIF": "Rio Maipo", "SHAC": "Tiltil", "UBICACIÓN": "1850 METROS APROX. DESDE CARRETERA 5, HACIA INTERIOR RINCON DE LOS VALLES", "OBSERVACIO": null, "LUGAR": "ZONA RURAL", "INSTITUCIO": "DIRECCION GENERAL DE AGUAS", "TIPO_ESTAC": "*METEOROLOGICA\n", "TIPO_EST_1": "METEOROLOGICA\n", "TIPO_EST_2": null, "TIPO_EST_3": null, "TIPO_EST_4": null, "FUENTE_00": "*FOR\n*SAT\n", "FUENTE_01": "FOR\n", "FUENTE_02": "SAT\n", "FUENTE_03": null, "FUENTE_04": null, "PARAMETROS": "*PRECIPITACION (mm) | minimo: 0, maximo: 80\n", "INSTRUMENT": "*PLUVIOMETRO HELLMAN\n", "PROCESOS": "*PROCESO DE DATOS METEOROLÓGICOS | ALGUNAS FUENTES | SUSPENDIDO(17/01/2024)\n", "PERFIL_TOP": null, "LAGO_ASOCI": null, "POZO": null, "LATITUD": -32.94752539, "LONGITUD": -70.806638558000003, "ESTE_8418": 0, "NORTE_8418": 0, "ESTE_8419": 331120, "NORTE_8419": 6353082, "ESTE_8412": 0, "NORTE_8412": 0, "HUSO_REAL": 19 }, "geometry": { "type": "Point", "coordinates": [ -70.806638557999975, -32.947525389999953 ] } },
{ "type": "Feature", "properties": { "OBJECTID": 956, "COD_BNA": "05733011-2", "NOM_ESTACI": "RINCON DE LOS MOLINOS", "FECHA_INST": "01/04/1966", "FECHA_LLEN": null, "FECHA_SUSP": null, "COD_REG": "13", "COD_PROV": "133", "COD_COM": "13303", "REGION": "Metropolitana de Santiago", "PROVINCIA": "Chacabuco", "COMUNA": "Tiltil", "REGION_RES": "METROPOLITANA", "COD_CUEN": "057", "COD_SUBC": "0573", "COD_SSUBC": "05733", "NOM_CUEN": "Rio Maipo", "NOM_SUBC": "Mapocho Bajo", "NOM_SSUBC": "Estero Tiltil", "ALTITUD_MS": 601, "AREA_DRENA": 0.0, "NOM_ACUIF": "Rio Maipo", "SHAC": "Tiltil", "UBICACIÓN": null, "OBSERVACIO": null, "LUGAR": "POZO", "INSTITUCIO": "DIRECCION GENERAL DE AGUAS", "TIPO_ESTAC": "*CONTROL DE NIVEL\n", "TIPO_EST_1": "CONTROL DE NIVEL\n", "TIPO_EST_2": null, "TIPO_EST_3": null, "TIPO_EST_4": null, "FUENTE_00": null, "FUENTE_01": null, "FUENTE_02": null, "FUENTE_03": null, "FUENTE_04": null, "PARAMETROS": "*PROFUNDIDAD (POZO) (m) | minimo: 0, maximo: 0\n", "INSTRUMENT": "*POZOMETRO\n", "PROCESOS": null, "PERFIL_TOP": null, "LAGO_ASOCI": null, "POZO": null, "LATITUD": -33.064873187000003, "LONGITUD": -70.928346359000003, "ESTE_8418": 0, "NORTE_8418": 0, "ESTE_8419": 319980, "NORTE_8419": 6339868, "ESTE_8412": 0, "NORTE_8412": 0, "HUSO_REAL": 19 }, "geometry": { "type": "Point", "coordinates": [ -70.928346358999988, -33.064873186999932 ] } },
{ "type": "Feature", "properties": { "OBJECTID": 957, "COD_BNA": "05733013-9", "NOM_ESTACI": "R. FUNDO SAN MANUEL", "FECHA_INST": "01/12/1972", "FECHA_LLEN": null, "FECHA_SUSP": null, "COD_REG": "13", "COD_PROV": "133", "COD_COM": "13303", "REGION": "Metropolitana de Santiago", "PROVINCIA": "Chacabuco", "COMUNA": "Tiltil", "REGION_RES": "METROPOLITANA", "COD_CUEN": "057", "COD_SUBC": "0573", "COD_SSUBC": "05733", "NOM_CUEN": "Rio Maipo", "NOM_SUBC": "Mapocho Bajo", "NOM_SSUBC": "Estero Tiltil", "ALTITUD_MS": 523, "AREA_DRENA": 0.0, "NOM_ACUIF": "Rio Maipo", "SHAC": "Tiltil", "UBICACIÓN": null, "OBSERVACIO": null, "LUGAR": "POZO", "INSTITUCIO": "DIRECCION GENERAL DE AGUAS", "TIPO_ESTAC": "*CONTROL DE NIVEL\n", "TIPO_EST_1": "CONTROL DE NIVEL\n", "TIPO_EST_2": null, "TIPO_EST_3": null, "TIPO_EST_4": null, "FUENTE_00": null, "FUENTE_01": null, "FUENTE_02": null, "FUENTE_03": null, "FUENTE_04": null, "PARAMETROS": "*PROFUNDIDAD (POZO) (m) | minimo: 0, maximo: 0\n", "INSTRUMENT": "*POZOMETRO\n", "PROCESOS": null, "PERFIL_TOP": null, "LAGO_ASOCI": null, "POZO": null, "LATITUD": -33.157405111000003, "LONGITUD": -70.899223749000001, "ESTE_8418": 0, "NORTE_8418": 0, "ESTE_8419": 322885, "NORTE_8419": 6329657, "ESTE_8412": 0, "NORTE_8412": 0, "HUSO_REAL": 19 }, "geometry": { "type": "Point", "coordinates": [ -70.899223748999987, -33.157405110999946 ] } },
{ "type": "Feature", "properties": { "OBJECTID": 958, "COD_BNA": "05733014-7", "NOM_ESTACI": "APR CALEU", "FECHA_INST": "03/11/2015", "FECHA_LLEN": "31/07/2017", "FECHA_SUSP": null, "COD_REG": "13", "COD_PROV": "133", "COD_COM": "13303", "REGION": "Metropolitana de Santiago", "PROVINCIA": "Chacabuco", "COMUNA": "Tiltil", "REGION_RES": "METROPOLITANA", "COD_CUEN": "057", "COD_SUBC": "0573", "COD_SSUBC": "05733", "NOM_CUEN": "Rio Maipo", "NOM_SUBC": "Mapocho Bajo", "NOM_SSUBC": "Estero Tiltil", "ALTITUD_MS": 1121, "AREA_DRENA": 0.0, "NOM_ACUIF": "Rio Maipo", "SHAC": "Tiltil", "UBICACIÓN": null, "OBSERVACIO": null, "LUGAR": "POZO", "INSTITUCIO": "DIRECCION GENERAL DE AGUAS", "TIPO_ESTAC": "*CALIDAD DE AGUA\n", "TIPO_EST_1": "CALIDAD DE AGUA\n", "TIPO_EST_2": null, "TIPO_EST_3": null, "TIPO_EST_4": null, "FUENTE_00": null, "FUENTE_01": null, "FUENTE_02": null, "FUENTE_03": null, "FUENTE_04": null, "PARAMETROS": "*PARAMETROS FISICO-QUIMICO (VARIOS) | minimo: 0, maximo: 0\n", "INSTRUMENT": "*INSTRUMENTOS VARIOS DE LABORATORIO\n", "PROCESOS": null, "PERFIL_TOP": null, "LAGO_ASOCI": null, "POZO": null, "LATITUD": -32.999121983000002, "LONGITUD": -70.994284305999997, "ESTE_8418": 0, "NORTE_8418": 0, "ESTE_8419": 313685, "NORTE_8419": 6347044, "ESTE_8412": 0, "NORTE_8412": 0, "HUSO_REAL": 19 }, "geometry": { "type": "Point", "coordinates": [ -70.99428430599994, -32.999121982999952 ] } },
{ "type": "Feature", "properties": { "OBJECTID": 959, "COD_BNA": "05733015-5", "NOM_ESTACI": "APR ESPINALILLO", "FECHA_INST": "05/10/2015", "FECHA_LLEN": "31/07/2017", "FECHA_SUSP": null, "COD_REG": "13", "COD_PROV": "133", "COD_COM": "13303", "REGION": "Metropolitana de Santiago", "PROVINCIA": "Chacabuco", "COMUNA": "Tiltil", "REGION_RES": "METROPOLITANA", "COD_CUEN": "057", "COD_SUBC": "0573", "COD_SSUBC": "05733", "NOM_CUEN": "Rio Maipo", "NOM_SUBC": "Mapocho Bajo", "NOM_SSUBC": "Estero Tiltil", "ALTITUD_MS": 894, "AREA_DRENA": 0.0, "NOM_ACUIF": "Rio Maipo", "SHAC": "Tiltil", "UBICACIÓN": null, "OBSERVACIO": null, "LUGAR": "POZO", "INSTITUCIO": "DIRECCION GENERAL DE AGUAS", "TIPO_ESTAC": "*CALIDAD DE AGUA\n", "TIPO_EST_1": "CALIDAD DE AGUA\n", "TIPO_EST_2": null, "TIPO_EST_3": null, "TIPO_EST_4": null, "FUENTE_00": null, "FUENTE_01": null, "FUENTE_02": null, "FUENTE_03": null, "FUENTE_04": null, "PARAMETROS": "*PARAMETROS FISICO-QUIMICO (VARIOS) | minimo: 0, maximo: 0\n", "INSTRUMENT": "*INSTRUMENTOS VARIOS DE LABORATORIO\n", "PROCESOS": null, "PERFIL_TOP": null, "LAGO_ASOCI": null, "POZO": null, "LATITUD": -33.002384917999997, "LONGITUD": -70.947566347000006, "ESTE_8418": 0, "NORTE_8418": 0, "ESTE_8419": 318057, "NORTE_8419": 6346764, "ESTE_8412": 0, "NORTE_8412": 0, "HUSO_REAL": 19 }, "geometry": { "type": "Point", "coordinates": [ -70.947566346999963, -33.002384917999962 ] } },
{ "type": "Feature", "properties": { "OBJECTID": 960, "COD_BNA": "05733016-3", "NOM_ESTACI": "APR ESTACION POLPAICO", "FECHA_INST": "05/10/2015", "FECHA_LLEN": "31/07/2017", "FECHA_SUSP": null, "COD_REG": "13", "COD_PROV": "133", "COD_COM": "13303", "REGION": "Metropolitana de Santiago", "PROVINCIA": "Chacabuco", "COMUNA": "Tiltil", "REGION_RES": "METROPOLITANA", "COD_CUEN": "057", "COD_SUBC": "0573", "COD_SSUBC": "05733", "NOM_CUEN": "Rio Maipo", "NOM_SUBC": "Mapocho Bajo", "NOM_SSUBC": "Estero Tiltil", "ALTITUD_MS": 525, "AREA_DRENA": 0.0, "NOM_ACUIF": "Rio Maipo", "SHAC": "Tiltil", "UBICACIÓN": null, "OBSERVACIO": null, "LUGAR": "POZO", "INSTITUCIO": "DIRECCION GENERAL DE AGUAS", "TIPO_ESTAC": "*CALIDAD DE AGUA\n", "TIPO_EST_1": "CALIDAD DE AGUA\n", "TIPO_EST_2": null, "TIPO_EST_3": null, "TIPO_EST_4": null, "FUENTE_00": null, "FUENTE_01": null, "FUENTE_02": null, "FUENTE_03": null, "FUENTE_04": null, "PARAMETROS": "*PARAMETROS FISICO-QUIMICO (VARIOS) | minimo: 0, maximo: 0\n", "INSTRUMENT": "*INSTRUMENTOS VARIOS DE LABORATORIO\n", "PROCESOS": null, "PERFIL_TOP": null, "LAGO_ASOCI": null, "POZO": null, "LATITUD": -33.166974791000001, "LONGITUD": -70.887270598000001, "ESTE_8418": 0, "NORTE_8418": 0, "ESTE_8419": 324019, "NORTE_8419": 6328616, "ESTE_8412": 0, "NORTE_8412": 0, "HUSO_REAL": 19 }, "geometry": { "type": "Point", "coordinates": [ -70.887270597999986, -33.166974790999973 ] } },
{ "type": "Feature", "properties": { "OBJECTID": 961, "COD_BNA": "05733017-1", "NOM_ESTACI": "APR RUNGUE", "FECHA_INST": "30/10/2015", "FECHA_LLEN": "31/07/2017", "FECHA_SUSP": null, "COD_REG": "13", "COD_PROV": "133", "COD_COM": "13303", "REGION": "Metropolitana de Santiago", "PROVINCIA": "Chacabuco", "COMUNA": "Tiltil", "REGION_RES": "METROPOLITANA", "COD_CUEN": "057", "COD_SUBC": "0573", "COD_SSUBC": "05733", "NOM_CUEN": "Rio Maipo", "NOM_SUBC": "Mapocho Bajo", "NOM_SSUBC": "Estero Tiltil", "ALTITUD_MS": 704, "AREA_DRENA": 0.0, "NOM_ACUIF": "Rio Maipo", "SHAC": "Tiltil", "UBICACIÓN": null, "OBSERVACIO": null, "LUGAR": "POZO", "INSTITUCIO": "DIRECCION GENERAL DE AGUAS", "TIPO_ESTAC": "*CALIDAD DE AGUA\n", "TIPO_EST_1": "CALIDAD DE AGUA\n", "TIPO_EST_2": null, "TIPO_EST_3": null, "TIPO_EST_4": null, "FUENTE_00": null, "FUENTE_01": null, "FUENTE_02": null, "FUENTE_03": null, "FUENTE_04": null, "PARAMETROS": "*PARAMETROS FISICO-QUIMICO (VARIOS) | minimo: 0, maximo: 0\n", "INSTRUMENT": "*INSTRUMENTOS VARIOS DE LABORATORIO\n", "PROCESOS": null, "PERFIL_TOP": null, "LAGO_ASOCI": null, "POZO": null, "LATITUD": -33.006239397999998, "LONGITUD": -70.886868053000001, "ESTE_8418": 0, "NORTE_8418": 0, "ESTE_8419": 323736, "NORTE_8419": 6346440, "ESTE_8412": 0, "NORTE_8412": 0, "HUSO_REAL": 19 }, "geometry": { "type": "Point", "coordinates": [ -70.886868052999944, -33.006239397999934 ] } },
{ "type": "Feature", "properties": { "OBJECTID": 962, "COD_BNA": "05733018-K", "NOM_ESTACI": "Cuesta La Dormida (Ex TIL TIL)", "FECHA_INST": "01/05/2025", "FECHA_LLEN": "05/06/2025", "FECHA_SUSP": null, "COD_REG": "13", "COD_PROV": "133", "COD_COM": "13303", "REGION": "Metropolitana de Santiago", "PROVINCIA": "Chacabuco", "COMUNA": "Tiltil", "REGION_RES": "METROPOLITANA", "COD_CUEN": "057", "COD_SUBC": "0573", "COD_SSUBC": "05733", "NOM_CUEN": "Rio Maipo", "NOM_SUBC": "Mapocho Bajo", "NOM_SSUBC": "Estero Tiltil", "ALTITUD_MS": 682, "AREA_DRENA": 0.0, "NOM_ACUIF": "Rio Maipo", "SHAC": "Tiltil", "UBICACIÓN": null, "OBSERVACIO": "*Se modifica nombre de estación por un nombre mas representativo de la localidad\n", "LUGAR": "ZONA RURAL", "INSTITUCIO": "DIRECCION GENERAL DE AGUAS", "TIPO_ESTAC": "*METEOROLOGICA\n", "TIPO_EST_1": "METEOROLOGICA\n", "TIPO_EST_2": null, "TIPO_EST_3": null, "TIPO_EST_4": null, "FUENTE_00": "*GPR\n", "FUENTE_01": "GPR\n", "FUENTE_02": null, "FUENTE_03": null, "FUENTE_04": null, "PARAMETROS": "*PRECIPITACION (mm) | minimo: 0, maximo: 100\n*PRECIPITACION (mm) | minimo: 0, maximo: 100\n", "INSTRUMENT": "*ESTACION AUTOMATICA M.R.I.\n", "PROCESOS": "*PROCESO DE DATOS METEOROLÓGICOS | ALGUNAS FUENTES\n", "PERFIL_TOP": null, "LAGO_ASOCI": null, "POZO": null, "LATITUD": -33.075836993000003, "LONGITUD": -70.944170849000002, "ESTE_8418": 0, "NORTE_8418": 0, "ESTE_8419": 318525, "NORTE_8419": 6338625, "ESTE_8412": 0, "NORTE_8412": 0, "HUSO_REAL": 19 }, "geometry": { "type": "Point", "coordinates": [ -70.944170848999988, -33.075836992999939 ] } },
{ "type": "Feature", "properties": { "OBJECTID": 963, "COD_BNA": "05733019-8", "NOM_ESTACI": "POZO PARQUE MANUEL RODRIGUEZ", "FECHA_INST": "29/10/2025", "FECHA_LLEN": "28/10/2025", "FECHA_SUSP": null, "COD_REG": "13", "COD_PROV": "133", "COD_COM": "13303", "REGION": "Metropolitana de Santiago", "PROVINCIA": "Chacabuco", "COMUNA": "Tiltil", "REGION_RES": "METROPOLITANA", "COD_CUEN": "057", "COD_SUBC": "0573", "COD_SSUBC": "05733", "NOM_CUEN": "Rio Maipo", "NOM_SUBC": "Mapocho Bajo", "NOM_SSUBC": "Estero Tiltil", "ALTITUD_MS": 558, "AREA_DRENA": 0.0, "NOM_ACUIF": "Rio Maipo", "SHAC": "Tiltil", "UBICACIÓN": "Parque Manuel Rodríguez, ruta G16, comuna de Til Til: SHAC Til Til\n", "OBSERVACIO": null, "LUGAR": "ZONA URBANA", "INSTITUCIO": "DIRECCION GENERAL DE AGUAS", "TIPO_ESTAC": "*CONTROL DE NIVEL\n", "TIPO_EST_1": "CONTROL DE NIVEL\n", "TIPO_EST_2": null, "TIPO_EST_3": null, "TIPO_EST_4": null, "FUENTE_00": "*GPR\n", "FUENTE_01": "GPR\n", "FUENTE_02": null, "FUENTE_03": null, "FUENTE_04": null, "PARAMETROS": null, "INSTRUMENT": "*ESTACION AUTOMATICA M.R.I.\n*PLATAFORMA D.C.P.\n", "PROCESOS": null, "PERFIL_TOP": null, "LAGO_ASOCI": null, "POZO": null, "LATITUD": -33.115005324000002, "LONGITUD": -70.928337614, "ESTE_8418": 0, "NORTE_8418": 0, "ESTE_8419": 320083, "NORTE_8419": 6334309, "ESTE_8412": 0, "NORTE_8412": 0, "HUSO_REAL": 19 }, "geometry": { "type": "Point", "coordinates": [ -70.928337613999986, -33.115005323999981 ] } },
{ "type": "Feature", "properties": { "OBJECTID": 964, "COD_BNA": "05733020-1", "NOM_ESTACI": "POZO CANCHA POLPAICO", "FECHA_INST": "19/11/2025", "FECHA_LLEN": "14/11/2025", "FECHA_SUSP": null, "COD_REG": "13", "COD_PROV": "133", "COD_COM": "13303", "REGION": "Metropolitana de Santiago", "PROVINCIA": "Chacabuco", "COMUNA": "Tiltil", "REGION_RES": "METROPOLITANA", "COD_CUEN": "057", "COD_SUBC": "0573", "COD_SSUBC": "05733", "NOM_CUEN": "Rio Maipo", "NOM_SUBC": "Mapocho Bajo", "NOM_SSUBC": "Estero Tiltil", "ALTITUD_MS": 518, "AREA_DRENA": 0.0, "NOM_ACUIF": "Rio Maipo", "SHAC": "Tiltil", "UBICACIÓN": "200m al sur del banden cam a TilTil, en sect Cancha Polpaico Reserva CORA n°1 proy parc Nva Esperanz", "OBSERVACIO": null, "LUGAR": "ZONA RURAL", "INSTITUCIO": "DIRECCION GENERAL DE AGUAS", "TIPO_ESTAC": "*METEOROLOGICA\n*CONTROL DE NIVEL\n", "TIPO_EST_1": "METEOROLOGICA\n", "TIPO_EST_2": "CONTROL DE NIVEL\n", "TIPO_EST_3": null, "TIPO_EST_4": null, "FUENTE_00": "*SAT\n*FOR\n", "FUENTE_01": "SAT\n", "FUENTE_02": "FOR\n", "FUENTE_03": null, "FUENTE_04": null, "PARAMETROS": "*PRECIPITACION (mm) | minimo: 0, maximo: 100\n*PROFUNDIDAD (POZO) (m) | minimo: 0, maximo: 150\n*PROFUNDIDAD (POZO) (m) | minimo: 0, maximo: 150\n", "INSTRUMENT": "*Sensor de nivel aguas subterráneas\n*ESTACION AUTOMATICA M.R.I.\n*PLATAFORMA D.C.P.\n", "PROCESOS": "*PROCESO DE DATOS METEOROLÓGICOS | ALGUNAS FUENTES\n", "PERFIL_TOP": null, "LAGO_ASOCI": null, "POZO": null, "LATITUD": -33.168890822000002, "LONGITUD": -70.890560721, "ESTE_8418": 0, "NORTE_8418": 0, "ESTE_8419": 323716, "NORTE_8419": 6328398, "ESTE_8412": 0, "NORTE_8412": 0, "HUSO_REAL": 19 }, "geometry": { "type": "Point", "coordinates": [ -70.890560720999986, -33.16889082199998 ] } },
{ "type": "Feature", "properties": { "OBJECTID": 980, "COD_BNA": "05731001-4", "NOM_ESTACI": "FUNDO LOS TALAVERAS", "FECHA_INST": "01/11/1963", "FECHA_LLEN": null, "FECHA_SUSP": null, "COD_REG": "13", "COD_PROV": "133", "COD_COM": "13301", "REGION": "Metropolitana de Santiago", "PROVINCIA": "Chacabuco", "COMUNA": "Colina", "REGION_RES": "METROPOLITANA", "COD_CUEN": "057", "COD_SUBC": "0573", "COD_SSUBC": "05731", "NOM_CUEN": "Rio Maipo", "NOM_SUBC": "Mapocho Bajo", "NOM_SSUBC": "Estero Quilapilun Bajo Junta Estero la Margarita", "ALTITUD_MS": 696, "AREA_DRENA": 0.0, "NOM_ACUIF": "Rio Maipo", "SHAC": "Chacabuco Polpaico", "UBICACIÓN": null, "OBSERVACIO": null, "LUGAR": "POZO", "INSTITUCIO": "DIRECCION GENERAL DE AGUAS", "TIPO_ESTAC": "*CONTROL DE NIVEL\n", "TIPO_EST_1": "CONTROL DE NIVEL\n", "TIPO_EST_2": null, "TIPO_EST_3": null, "TIPO_EST_4": null, "FUENTE_00": null, "FUENTE_01": null, "FUENTE_02": null, "FUENTE_03": null, "FUENTE_04": null, "PARAMETROS": "*PROFUNDIDAD (POZO) (m) | minimo: 0, maximo: 0\n", "INSTRUMENT": "*POZOMETRO\n", "PROCESOS": null, "PERFIL_TOP": null, "LAGO_ASOCI": null, "POZO": null, "LATITUD": -33.01620064, "LONGITUD": -70.702168508, "ESTE_8418": 0, "NORTE_8418": 0, "ESTE_8419": 341010, "NORTE_8419": 6345630, "ESTE_8412": 0, "NORTE_8412": 0, "HUSO_REAL": 19 }, "geometry": { "type": "Point", "coordinates": [ -70.702168507999943, -33.016200639999965 ] } },
{ "type": "Feature", "properties": { "OBJECTID": 981, "COD_BNA": "05731003-0", "NOM_ESTACI": "FUNDO LOS TAHURETES", "FECHA_INST": "01/08/1970", "FECHA_LLEN": null, "FECHA_SUSP": null, "COD_REG": "13", "COD_PROV": "133", "COD_COM": "13301", "REGION": "Metropolitana de Santiago", "PROVINCIA": "Chacabuco", "COMUNA": "Colina", "REGION_RES": "METROPOLITANA", "COD_CUEN": "057", "COD_SUBC": "0573", "COD_SSUBC": "05731", "NOM_CUEN": "Rio Maipo", "NOM_SUBC": "Mapocho Bajo", "NOM_SSUBC": "Estero Quilapilun Bajo Junta Estero la Margarita", "ALTITUD_MS": 664, "AREA_DRENA": 0.0, "NOM_ACUIF": "Rio Maipo", "SHAC": "Chacabuco Polpaico", "UBICACIÓN": null, "OBSERVACIO": "*Se instaló sensor PT2X, serie Nº 0021047026 de 80 m de cable.\n", "LUGAR": "POZO", "INSTITUCIO": "DIRECCION GENERAL DE AGUAS", "TIPO_ESTAC": "*CONTROL DE NIVEL\n", "TIPO_EST_1": "CONTROL DE NIVEL\n", "TIPO_EST_2": null, "TIPO_EST_3": null, "TIPO_EST_4": null, "FUENTE_00": null, "FUENTE_01": null, "FUENTE_02": null, "FUENTE_03": null, "FUENTE_04": null, "PARAMETROS": "*PROFUNDIDAD (POZO) (m) | minimo: 0, maximo: 0\n", "INSTRUMENT": "*POZOMETRO\n", "PROCESOS": null, "PERFIL_TOP": null, "LAGO_ASOCI": null, "POZO": null, "LATITUD": -33.034734348000001, "LONGITUD": -70.710062664999995, "ESTE_8418": 0, "NORTE_8418": 0, "ESTE_8419": 340306, "NORTE_8419": 6343563, "ESTE_8412": 0, "NORTE_8412": 0, "HUSO_REAL": 19 }, "geometry": { "type": "Point", "coordinates": [ -70.710062664999953, -33.034734347999972 ] } },
{ "type": "Feature", "properties": { "OBJECTID": 982, "COD_BNA": "05731004-9", "NOM_ESTACI": "LOS GUAYACANES", "FECHA_INST": "01/08/1956", "FECHA_LLEN": null, "FECHA_SUSP": null, "COD_REG": "13", "COD_PROV": "133", "COD_COM": "13301", "REGION": "Metropolitana de Santiago", "PROVINCIA": "Chacabuco", "COMUNA": "Colina", "REGION_RES": "METROPOLITANA", "COD_CUEN": "057", "COD_SUBC": "0573", "COD_SSUBC": "05731", "NOM_CUEN": "Rio Maipo", "NOM_SUBC": "Mapocho Bajo", "NOM_SSUBC": "Estero Quilapilun Bajo Junta Estero la Margarita", "ALTITUD_MS": 624, "AREA_DRENA": 0.0, "NOM_ACUIF": "Rio Maipo", "SHAC": "Chacabuco Polpaico", "UBICACIÓN": null, "OBSERVACIO": null, "LUGAR": "POZO", "INSTITUCIO": "DIRECCION GENERAL DE AGUAS", "TIPO_ESTAC": "*CONTROL DE NIVEL\n", "TIPO_EST_1": "CONTROL DE NIVEL\n", "TIPO_EST_2": null, "TIPO_EST_3": null, "TIPO_EST_4": null, "FUENTE_00": null, "FUENTE_01": null, "FUENTE_02": null, "FUENTE_03": null, "FUENTE_04": null, "PARAMETROS": "*PROFUNDIDAD (POZO) (m) | minimo: 0, maximo: 0\n", "INSTRUMENT": "*POZOMETRO\n", "PROCESOS": null, "PERFIL_TOP": null, "LAGO_ASOCI": null, "POZO": null, "LATITUD": -33.064165388, "LONGITUD": -70.734644945, "ESTE_8418": 0, "NORTE_8418": 0, "ESTE_8419": 338064, "NORTE_8419": 6340262, "ESTE_8412": 0, "NORTE_8412": 0, "HUSO_REAL": 19 }, "geometry": { "type": "Point", "coordinates": [ -70.734644944999957, -33.064165387999935 ] } },
{ "type": "Feature", "properties": { "OBJECTID": 983, "COD_BNA": "05731005-7", "NOM_ESTACI": "ASENTAMIENTO CHACABUCO", "FECHA_INST": "01/02/1951", "FECHA_LLEN": null, "FECHA_SUSP": null, "COD_REG": "13", "COD_PROV": "133", "COD_COM": "13301", "REGION": "Metropolitana de Santiago", "PROVINCIA": "Chacabuco", "COMUNA": "Colina", "REGION_RES": "METROPOLITANA", "COD_CUEN": "057", "COD_SUBC": "0573", "COD_SSUBC": "05731", "NOM_CUEN": "Rio Maipo", "NOM_SUBC": "Mapocho Bajo", "NOM_SSUBC": "Estero Quilapilun Bajo Junta Estero la Margarita", "ALTITUD_MS": 632, "AREA_DRENA": 0.0, "NOM_ACUIF": "Rio Maipo", "SHAC": "Chacabuco Polpaico", "UBICACIÓN": null, "OBSERVACIO": null, "LUGAR": "POZO", "INSTITUCIO": "DIRECCION GENERAL DE AGUAS", "TIPO_ESTAC": "*CONTROL DE NIVEL\n", "TIPO_EST_1": "CONTROL DE NIVEL\n", "TIPO_EST_2": null, "TIPO_EST_3": null, "TIPO_EST_4": null, "FUENTE_00": null, "FUENTE_01": null, "FUENTE_02": null, "FUENTE_03": null, "FUENTE_04": null, "PARAMETROS": "*PROFUNDIDAD (POZO) (m) | minimo: 0, maximo: 0\n", "INSTRUMENT": "*POZOMETRO\n", "PROCESOS": null, "PERFIL_TOP": null, "LAGO_ASOCI": null, "POZO": null, "LATITUD": -33.075138215000003, "LONGITUD": -70.71791404, "ESTE_8418": 0, "NORTE_8418": 0, "ESTE_8419": 339646, "NORTE_8419": 6339071, "ESTE_8412": 0, "NORTE_8412": 0, "HUSO_REAL": 19 }, "geometry": { "type": "Point", "coordinates": [ -70.717914039999982, -33.075138214999981 ] } },
{ "type": "Feature", "properties": { "OBJECTID": 984, "COD_BNA": "05731007-3", "NOM_ESTACI": "APR CHACABUCO", "FECHA_INST": "06/10/2015", "FECHA_LLEN": "31/07/2017", "FECHA_SUSP": null, "COD_REG": "13", "COD_PROV": "133", "COD_COM": "13301", "REGION": "Metropolitana de Santiago", "PROVINCIA": "Chacabuco", "COMUNA": "Colina", "REGION_RES": "METROPOLITANA", "COD_CUEN": "057", "COD_SUBC": "0573", "COD_SSUBC": "05731", "NOM_CUEN": "Rio Maipo", "NOM_SUBC": "Mapocho Bajo", "NOM_SSUBC": "Estero Quilapilun Bajo Junta Estero la Margarita", "ALTITUD_MS": 721, "AREA_DRENA": 0.0, "NOM_ACUIF": "Rio Maipo", "SHAC": "Chacabuco Polpaico", "UBICACIÓN": null, "OBSERVACIO": null, "LUGAR": "POZO", "INSTITUCIO": null, "TIPO_ESTAC": "*CALIDAD DE AGUA\n", "TIPO_EST_1": "CALIDAD DE AGUA\n", "TIPO_EST_2": null, "TIPO_EST_3": null, "TIPO_EST_4": null, "FUENTE_00": null, "FUENTE_01": null, "FUENTE_02": null, "FUENTE_03": null, "FUENTE_04": null, "PARAMETROS": "*PARAMETROS FISICO-QUIMICO (VARIOS) | minimo: 0, maximo: 0\n", "INSTRUMENT": "*INSTRUMENTOS VARIOS DE LABORATORIO\n", "PROCESOS": null, "PERFIL_TOP": null, "LAGO_ASOCI": null, "POZO": null, "LATITUD": -33.023770647, "LONGITUD": -70.684649487000001, "ESTE_8418": 0, "NORTE_8418": 0, "ESTE_8419": 342660, "NORTE_8419": 6344817, "ESTE_8412": 0, "NORTE_8412": 0, "HUSO_REAL": 19 }, "geometry": { "type": "Point", "coordinates": [ -70.684649486999945, -33.023770646999935 ] } },
{ "type": "Feature", "properties": { "OBJECTID": 985, "COD_BNA": "05731008-1", "NOM_ESTACI": "APR QUILAPILUN", "FECHA_INST": "06/10/2015", "FECHA_LLEN": "31/07/2017", "FECHA_SUSP": null, "COD_REG": "13", "COD_PROV": "133", "COD_COM": "13301", "REGION": "Metropolitana de Santiago", "PROVINCIA": "Chacabuco", "COMUNA": "Colina", "REGION_RES": "METROPOLITANA", "COD_CUEN": "057", "COD_SUBC": "0573", "COD_SSUBC": "05731", "NOM_CUEN": "Rio Maipo", "NOM_SUBC": "Mapocho Bajo", "NOM_SSUBC": "Estero Quilapilun Bajo Junta Estero la Margarita", "ALTITUD_MS": 674, "AREA_DRENA": 0.0, "NOM_ACUIF": "Rio Maipo", "SHAC": "Chacabuco Polpaico", "UBICACIÓN": null, "OBSERVACIO": null, "LUGAR": "POZO", "INSTITUCIO": "DIRECCION GENERAL DE AGUAS", "TIPO_ESTAC": "*CALIDAD DE AGUA\n", "TIPO_EST_1": "CALIDAD DE AGUA\n", "TIPO_EST_2": null, "TIPO_EST_3": null, "TIPO_EST_4": null, "FUENTE_00": null, "FUENTE_01": null, "FUENTE_02": null, "FUENTE_03": null, "FUENTE_04": null, "PARAMETROS": "*PARAMETROS FISICO-QUIMICO (VARIOS) | minimo: 0, maximo: 0\n", "INSTRUMENT": "*INSTRUMENTOS VARIOS DE LABORATORIO\n", "PROCESOS": null, "PERFIL_TOP": null, "LAGO_ASOCI": null, "POZO": null, "LATITUD": -33.091896005000002, "LONGITUD": -70.696758379000002, "ESTE_8418": 0, "NORTE_8418": 0, "ESTE_8419": 341651, "NORTE_8419": 6337245, "ESTE_8412": 0, "NORTE_8412": 0, "HUSO_REAL": 19 }, "geometry": { "type": "Point", "coordinates": [ -70.696758378999959, -33.091896004999967 ] } },
{ "type": "Feature", "properties": { "OBJECTID": 986, "COD_BNA": "05731009-K", "NOM_ESTACI": "APR EL COLORADO", "FECHA_INST": "06/10/2015", "FECHA_LLEN": "03/09/2018", "FECHA_SUSP": null, "COD_REG": "13", "COD_PROV": "133", "COD_COM": "13301", "REGION": "Metropolitana de Santiago", "PROVINCIA": "Chacabuco", "COMUNA": "Colina", "REGION_RES": "METROPOLITANA", "COD_CUEN": "057", "COD_SUBC": "0573", "COD_SSUBC": "05731", "NOM_CUEN": "Rio Maipo", "NOM_SUBC": "Mapocho Bajo", "NOM_SSUBC": "Estero Quilapilun Bajo Junta Estero la Margarita", "ALTITUD_MS": 0, "AREA_DRENA": 0.0, "NOM_ACUIF": "Rio Maipo", "SHAC": "Chacabuco Polpaico", "UBICACIÓN": null, "OBSERVACIO": null, "LUGAR": "POZO", "INSTITUCIO": "DIRECCION GENERAL DE AGUAS", "TIPO_ESTAC": "*CALIDAD DE AGUA\n", "TIPO_EST_1": "CALIDAD DE AGUA\n", "TIPO_EST_2": null, "TIPO_EST_3": null, "TIPO_EST_4": null, "FUENTE_00": null, "FUENTE_01": null, "FUENTE_02": null, "FUENTE_03": null, "FUENTE_04": null, "PARAMETROS": "*PARAMETROS FISICO-QUIMICO (VARIOS) | minimo: 0, maximo: 0\n", "INSTRUMENT": "*INSTRUMENTOS VARIOS DE LABORATORIO\n", "PROCESOS": null, "PERFIL_TOP": null, "LAGO_ASOCI": null, "POZO": null, "LATITUD": -33.072854149000001, "LONGITUD": -70.717430459, "ESTE_8418": 0, "NORTE_8418": 0, "ESTE_8419": 339687, "NORTE_8419": 6339325, "ESTE_8412": 0, "NORTE_8412": 0, "HUSO_REAL": 19 }, "geometry": { "type": "Point", "coordinates": [ -70.717430458999956, -33.072854148999966 ] } },
{ "type": "Feature", "properties": { "OBJECTID": 994, "COD_BNA": "05731006-5", "NOM_ESTACI": "CERA UNION HUECHUN", "FECHA_INST": "01/07/1959", "FECHA_LLEN": null, "FECHA_SUSP": null, "COD_REG": "13", "COD_PROV": "133", "COD_COM": "13303", "REGION": "Metropolitana de Santiago", "PROVINCIA": "Chacabuco", "COMUNA": "Tiltil", "REGION_RES": "METROPOLITANA", "COD_CUEN": "057", "COD_SUBC": "0573", "COD_SSUBC": "05732", "NOM_CUEN": "Rio Maipo", "NOM_SUBC": "Mapocho Bajo", "NOM_SSUBC": "Estero Chacabuco Entre Estero La Margarita y Estero Tiltil", "ALTITUD_MS": 606, "AREA_DRENA": 0.0, "NOM_ACUIF": "Rio Maipo", "SHAC": "Chacabuco Polpaico", "UBICACIÓN": "CORFO - 3  TIL TIL", "OBSERVACIO": null, "LUGAR": "ZONA RURAL", "INSTITUCIO": "DIRECCION GENERAL DE AGUAS", "TIPO_ESTAC": "*CONTROL DE NIVEL\n", "TIPO_EST_1": "CONTROL DE NIVEL\n", "TIPO_EST_2": null, "TIPO_EST_3": null, "TIPO_EST_4": null, "FUENTE_00": null, "FUENTE_01": null, "FUENTE_02": null, "FUENTE_03": null, "FUENTE_04": null, "PARAMETROS": "*PROFUNDIDAD (POZO) (m) | minimo: 0, maximo: 0\n", "INSTRUMENT": null, "PROCESOS": null, "PERFIL_TOP": null, "LAGO_ASOCI": null, "POZO": null, "LATITUD": -33.089299978, "LONGITUD": -70.752708776000006, "ESTE_8418": 0, "NORTE_8418": 0, "ESTE_8419": 336424, "NORTE_8419": 6337447, "ESTE_8412": 0, "NORTE_8412": 0, "HUSO_REAL": 19 }, "geometry": { "type": "Point", "coordinates": [ -70.752708775999963, -33.089299977999929 ] } },
{ "type": "Feature", "properties": { "OBJECTID": 995, "COD_BNA": "05732001-K", "NOM_ESTACI": "HUECHUN EMBALSE", "FECHA_INST": "01/04/1988", "FECHA_LLEN": "18/12/2020", "FECHA_SUSP": null, "COD_REG": "13", "COD_PROV": "133", "COD_COM": "13303", "REGION": "Metropolitana de Santiago", "PROVINCIA": "Chacabuco", "COMUNA": "Tiltil", "REGION_RES": "METROPOLITANA", "COD_CUEN": "057", "COD_SUBC": "0573", "COD_SSUBC": "05732", "NOM_CUEN": "Rio Maipo", "NOM_SUBC": "Mapocho Bajo", "NOM_SSUBC": "Estero Chacabuco Entre Estero La Margarita y Estero Tiltil", "ALTITUD_MS": 556, "AREA_DRENA": 0.0, "NOM_ACUIF": "Rio Maipo", "SHAC": "Chacabuco Polpaico", "UBICACIÓN": "13 KM. NE DE POLPAICO", "OBSERVACIO": "*Se realiza cambio de batería al equipo.\n", "LUGAR": "ZONA RURAL", "INSTITUCIO": "DIRECCION GENERAL DE AGUAS", "TIPO_ESTAC": "*METEOROLOGICA\n", "TIPO_EST_1": "METEOROLOGICA\n", "TIPO_EST_2": null, "TIPO_EST_3": null, "TIPO_EST_4": null, "FUENTE_00": "*DTL\n*GPR\n", "FUENTE_01": "DTL\n", "FUENTE_02": "GPR\n", "FUENTE_03": null, "FUENTE_04": null, "PARAMETROS": "*PRECIPITACION (mm) | minimo: 0, maximo: 80\n", "INSTRUMENT": "*PLUVIOMETRO HELLMAN\n", "PROCESOS": "*PROCESO DE DATOS METEOROLÓGICOS | ALGUNAS FUENTES | SUSPENDIDO(17/05/2022)\n", "PERFIL_TOP": null, "LAGO_ASOCI": null, "POZO": null, "LATITUD": -33.085624195999998, "LONGITUD": -70.80177676, "ESTE_8418": 0, "NORTE_8418": 0, "ESTE_8419": 331837, "NORTE_8419": 6337777, "ESTE_8412": 0, "NORTE_8412": 0, "HUSO_REAL": 19 }, "geometry": { "type": "Point", "coordinates": [ -70.801776759999939, -33.085624195999969 ] } },
{ "type": "Feature", "properties": { "OBJECTID": 996, "COD_BNA": "05732002-8", "NOM_ESTACI": "HUECHUN ANDINA", "FECHA_INST": "01/01/1995", "FECHA_LLEN": "18/12/2020", "FECHA_SUSP": null, "COD_REG": "13", "COD_PROV": "133", "COD_COM": "13303", "REGION": "Metropolitana de Santiago", "PROVINCIA": "Chacabuco", "COMUNA": "Tiltil", "REGION_RES": "METROPOLITANA", "COD_CUEN": "057", "COD_SUBC": "0573", "COD_SSUBC": "05732", "NOM_CUEN": "Rio Maipo", "NOM_SUBC": "Mapocho Bajo", "NOM_SSUBC": "Estero Chacabuco Entre Estero La Margarita y Estero Tiltil", "ALTITUD_MS": 590, "AREA_DRENA": 0.0, "NOM_ACUIF": "Rio Maipo", "SHAC": "Chacabuco Polpaico", "UBICACIÓN": null, "OBSERVACIO": null, "LUGAR": "ZONA RURAL", "INSTITUCIO": "DIRECCION GENERAL DE AGUAS", "TIPO_ESTAC": "*METEOROLOGICA\n", "TIPO_EST_1": "METEOROLOGICA\n", "TIPO_EST_2": null, "TIPO_EST_3": null, "TIPO_EST_4": null, "FUENTE_00": "*FOR\n*GPR\n", "FUENTE_01": "FOR\n", "FUENTE_02": "GPR\n", "FUENTE_03": null, "FUENTE_04": null, "PARAMETROS": "*PRECIPITACION (mm) | minimo: 0, maximo: 80\n*TEMPERATURA MINIMA (ºc) | minimo: -3, maximo: 32\n*TEMPERATURA MAXIMA (ºc) | minimo: -3, maximo: 32\n*TEMP. BULBO SECO (ºc) | minimo: -3, maximo: 32 | SUSPENDIDO(01/07/2001) \n*HUMEDAD RELATIVA (%) | minimo: 0", "INSTRUMENT": "*PLUVIOMETRO HELLMAN\n*PLUVIOGRAFO DE FLOTADOR\n*TERMOMETRO DE MAXIMA Y MINIMA\n*TERMOMETRO DE MAXIMA Y MINIMA\n*EVAPORIMETRO DE ESTANQUE CON REC. DIARIO DE VIENTO\n*PSICROMETRO VENTILACION NATURAL\n*HIGROTERMOGRAFO\n*ESTACION AUTOMATICA M.R.I.\n*OBSERVADOR\n", "PROCESOS": "*PROCESO DE DATOS METEOROLÓGICOS | ALGUNAS FUENTES\n", "PERFIL_TOP": null, "LAGO_ASOCI": null, "POZO": null, "LATITUD": -33.072550516, "LONGITUD": -70.767544044999994, "ESTE_8418": 0, "NORTE_8418": 0, "ESTE_8419": 335008, "NORTE_8419": 6339281, "ESTE_8412": 0, "NORTE_8412": 0, "HUSO_REAL": 19 }, "geometry": { "type": "Point", "coordinates": [ -70.767544044999966, -33.072550515999978 ] } },
{ "type": "Feature", "properties": { "OBJECTID": 997, "COD_BNA": "05732004-4", "NOM_ESTACI": "RESERVA FUNDO POLPAICO", "FECHA_INST": "01/12/1964", "FECHA_LLEN": null, "FECHA_SUSP": null, "COD_REG": "13", "COD_PROV": "133", "COD_COM": "13303", "REGION": "Metropolitana de Santiago", "PROVINCIA": "Chacabuco", "COMUNA": "Tiltil", "REGION_RES": "METROPOLITANA", "COD_CUEN": "057", "COD_SUBC": "0573", "COD_SSUBC": "05732", "NOM_CUEN": "Rio Maipo", "NOM_SUBC": "Mapocho Bajo", "NOM_SSUBC": "Estero Chacabuco Entre Estero La Margarita y Estero Tiltil", "ALTITUD_MS": 528, "AREA_DRENA": 0.0, "NOM_ACUIF": "Rio Maipo", "SHAC": "Chacabuco Polpaico", "UBICACIÓN": null, "OBSERVACIO": null, "LUGAR": "POZO", "INSTITUCIO": "DIRECCION GENERAL DE AGUAS", "TIPO_ESTAC": "*CONTROL DE NIVEL\n", "TIPO_EST_1": "CONTROL DE NIVEL\n", "TIPO_EST_2": null, "TIPO_EST_3": null, "TIPO_EST_4": null, "FUENTE_00": null, "FUENTE_01": null, "FUENTE_02": null, "FUENTE_03": null, "FUENTE_04": null, "PARAMETROS": "*PROFUNDIDAD (POZO) (m) | minimo: 0, maximo: 0\n", "INSTRUMENT": "*POZOMETRO\n", "PROCESOS": null, "PERFIL_TOP": null, "LAGO_ASOCI": null, "POZO": null, "LATITUD": -33.149862993, "LONGITUD": -70.854548983000001, "ESTE_8418": 0, "NORTE_8418": 0, "ESTE_8419": 327037, "NORTE_8419": 6330568, "ESTE_8412": 0, "NORTE_8412": 0, "HUSO_REAL": 19 }, "geometry": { "type": "Point", "coordinates": [ -70.854548982999972, -33.149862992999942 ] } },
{ "type": "Feature", "properties": { "OBJECTID": 998, "COD_BNA": "05732007-9", "NOM_ESTACI": "HUERTOS FAM. CERRO BLANCO", "FECHA_INST": "01/09/1961", "FECHA_LLEN": null, "FECHA_SUSP": null, "COD_REG": "13", "COD_PROV": "133", "COD_COM": "13303", "REGION": "Metropolitana de Santiago", "PROVINCIA": "Chacabuco", "COMUNA": "Tiltil", "REGION_RES": "METROPOLITANA", "COD_CUEN": "057", "COD_SUBC": "0573", "COD_SSUBC": "05732", "NOM_CUEN": "Rio Maipo", "NOM_SUBC": "Mapocho Bajo", "NOM_SSUBC": "Estero Chacabuco Entre Estero La Margarita y Estero Tiltil", "ALTITUD_MS": 566, "AREA_DRENA": 0.0, "NOM_ACUIF": "Rio Maipo", "SHAC": "Chacabuco Polpaico", "UBICACIÓN": null, "OBSERVACIO": null, "LUGAR": "POZO", "INSTITUCIO": "DIRECCION GENERAL DE AGUAS", "TIPO_ESTAC": "*CONTROL DE NIVEL\n", "TIPO_EST_1": "CONTROL DE NIVEL\n", "TIPO_EST_2": null, "TIPO_EST_3": null, "TIPO_EST_4": null, "FUENTE_00": null, "FUENTE_01": null, "FUENTE_02": null, "FUENTE_03": null, "FUENTE_04": null, "PARAMETROS": "*PROFUNDIDAD (POZO) (m) | minimo: 0, maximo: 0\n", "INSTRUMENT": "*POZOMETRO\n", "PROCESOS": null, "PERFIL_TOP": null, "LAGO_ASOCI": null, "POZO": null, "LATITUD": -33.140909907999998, "LONGITUD": -70.794705471, "ESTE_8418": 0, "NORTE_8418": 0, "ESTE_8419": 332602, "NORTE_8419": 6331658, "ESTE_8412": 0, "NORTE_8412": 0, "HUSO_REAL": 19 }, "geometry": { "type": "Point", "coordinates": [ -70.794705470999986, -33.140909907999969 ] } },
{ "type": "Feature", "properties": { "OBJECTID": 999, "COD_BNA": "05732008-7", "NOM_ESTACI": "FABRICA POLPAICO", "FECHA_INST": null, "FECHA_LLEN": null, "FECHA_SUSP": null, "COD_REG": "13", "COD_PROV": "133", "COD_COM": "13303", "REGION": "Metropolitana de Santiago", "PROVINCIA": "Chacabuco", "COMUNA": "Tiltil", "REGION_RES": "METROPOLITANA", "COD_CUEN": "057", "COD_SUBC": "0573", "COD_SSUBC": "05732", "NOM_CUEN": "Rio Maipo", "NOM_SUBC": "Mapocho Bajo", "NOM_SSUBC": "Estero Chacabuco Entre Estero La Margarita y Estero Tiltil", "ALTITUD_MS": 535, "AREA_DRENA": 0.0, "NOM_ACUIF": "Rio Maipo", "SHAC": "Chacabuco Polpaico", "UBICACIÓN": null, "OBSERVACIO": null, "LUGAR": "POZO", "INSTITUCIO": "DIRECCION GENERAL DE AGUAS", "TIPO_ESTAC": "*CONTROL DE NIVEL\n", "TIPO_EST_1": "CONTROL DE NIVEL\n", "TIPO_EST_2": null, "TIPO_EST_3": null, "TIPO_EST_4": null, "FUENTE_00": null, "FUENTE_01": null, "FUENTE_02": null, "FUENTE_03": null, "FUENTE_04": null, "PARAMETROS": "*PROFUNDIDAD (POZO) (m) | minimo: 0, maximo: 0\n", "INSTRUMENT": "*POZOMETRO\n", "PROCESOS": null, "PERFIL_TOP": null, "LAGO_ASOCI": null, "POZO": null, "LATITUD": -33.155126197999998, "LONGITUD": -70.836529933999998, "ESTE_8418": 0, "NORTE_8418": 0, "ESTE_8419": 328728, "NORTE_8419": 6330014, "ESTE_8412": 0, "NORTE_8412": 0, "HUSO_REAL": 19 }, "geometry": { "type": "Point", "coordinates": [ -70.836529933999941, -33.155126197999948 ] } },
{ "type": "Feature", "properties": { "OBJECTID": 1000, "COD_BNA": "05732010-9", "NOM_ESTACI": "ASENTAMIENTO LOS MAITENES", "FECHA_INST": "01/03/1973", "FECHA_LLEN": "16/04/2002", "FECHA_SUSP": null, "COD_REG": "13", "COD_PROV": "133", "COD_COM": "13303", "REGION": "Metropolitana de Santiago", "PROVINCIA": "Chacabuco", "COMUNA": "Tiltil", "REGION_RES": "METROPOLITANA", "COD_CUEN": "057", "COD_SUBC": "0573", "COD_SSUBC": "05732", "NOM_CUEN": "Rio Maipo", "NOM_SUBC": "Mapocho Bajo", "NOM_SSUBC": "Estero Chacabuco Entre Estero La Margarita y Estero Tiltil", "ALTITUD_MS": 569, "AREA_DRENA": 0.0, "NOM_ACUIF": "Rio Maipo", "SHAC": "Chacabuco Polpaico", "UBICACIÓN": "Camino a embalse Huechun", "OBSERVACIO": null, "LUGAR": "POZO", "INSTITUCIO": "DIRECCION GENERAL DE AGUAS", "TIPO_ESTAC": "*CONTROL DE NIVEL\n", "TIPO_EST_1": "CONTROL DE NIVEL\n", "TIPO_EST_2": null, "TIPO_EST_3": null, "TIPO_EST_4": null, "FUENTE_00": null, "FUENTE_01": null, "FUENTE_02": null, "FUENTE_03": null, "FUENTE_04": null, "PARAMETROS": "*PROFUNDIDAD (POZO) (m) | minimo: 0, maximo: 0\n", "INSTRUMENT": "*POZOMETRO\n", "PROCESOS": null, "PERFIL_TOP": null, "LAGO_ASOCI": null, "POZO": null, "LATITUD": -33.105528972999998, "LONGITUD": -70.794199985999995, "ESTE_8418": 0, "NORTE_8418": 0, "ESTE_8419": 332582, "NORTE_8419": 6335582, "ESTE_8412": 0, "NORTE_8412": 0, "HUSO_REAL": 19 }, "geometry": { "type": "Point", "coordinates": [ -70.794199985999967, -33.105528972999934 ] } },
{ "type": "Feature", "properties": { "OBJECTID": 1001, "COD_BNA": "05732011-7", "NOM_ESTACI": "FUNDO MONTECARLO (EX VENCEREMOS)", "FECHA_INST": "01/12/1972", "FECHA_LLEN": "16/04/2002", "FECHA_SUSP": null, "COD_REG": "13", "COD_PROV": "133", "COD_COM": "13303", "REGION": "Metropolitana de Santiago", "PROVINCIA": "Chacabuco", "COMUNA": "Tiltil", "REGION_RES": "METROPOLITANA", "COD_CUEN": "057", "COD_SUBC": "0573", "COD_SSUBC": "05732", "NOM_CUEN": "Rio Maipo", "NOM_SUBC": "Mapocho Bajo", "NOM_SSUBC": "Estero Chacabuco Entre Estero La Margarita y Estero Tiltil", "ALTITUD_MS": 590, "AREA_DRENA": 0.0, "NOM_ACUIF": "Rio Maipo", "SHAC": "Chacabuco Polpaico", "UBICACIÓN": null, "OBSERVACIO": null, "LUGAR": "POZO", "INSTITUCIO": "DIRECCION GENERAL DE AGUAS", "TIPO_ESTAC": "*CONTROL DE NIVEL\n", "TIPO_EST_1": "CONTROL DE NIVEL\n", "TIPO_EST_2": null, "TIPO_EST_3": null, "TIPO_EST_4": null, "FUENTE_00": null, "FUENTE_01": null, "FUENTE_02": null, "FUENTE_03": null, "FUENTE_04": null, "PARAMETROS": "*PROFUNDIDAD (POZO) (m) | minimo: 0, maximo: 0\n", "INSTRUMENT": "*POZOMETRO\n", "PROCESOS": null, "PERFIL_TOP": null, "LAGO_ASOCI": null, "POZO": null, "LATITUD": -33.101553133000003, "LONGITUD": -70.766335139000006, "ESTE_8418": 0, "NORTE_8418": 0, "ESTE_8419": 335175, "NORTE_8419": 6336067, "ESTE_8412": 0, "NORTE_8412": 0, "HUSO_REAL": 19 }, "geometry": { "type": "Point", "coordinates": [ -70.766335138999978, -33.101553132999982 ] } },
{ "type": "Feature", "properties": { "OBJECTID": 1002, "COD_BNA": "05732012-5", "NOM_ESTACI": "APR HUECHUN DE TILTIL", "FECHA_INST": "05/10/2015", "FECHA_LLEN": "31/07/2017", "FECHA_SUSP": null, "COD_REG": "13", "COD_PROV": "133", "COD_COM": "13303", "REGION": "Metropolitana de Santiago", "PROVINCIA": "Chacabuco", "COMUNA": "Tiltil", "REGION_RES": "METROPOLITANA", "COD_CUEN": "057", "COD_SUBC": "0573", "COD_SSUBC": "05732", "NOM_CUEN": "Rio Maipo", "NOM_SUBC": "Mapocho Bajo", "NOM_SSUBC": "Estero Chacabuco Entre Estero La Margarita y Estero Tiltil", "ALTITUD_MS": 587, "AREA_DRENA": 0.0, "NOM_ACUIF": "Rio Maipo", "SHAC": "Chacabuco Polpaico", "UBICACIÓN": null, "OBSERVACIO": null, "LUGAR": "POZO", "INSTITUCIO": "DIRECCION GENERAL DE AGUAS", "TIPO_ESTAC": "*CALIDAD DE AGUA\n", "TIPO_EST_1": "CALIDAD DE AGUA\n", "TIPO_EST_2": null, "TIPO_EST_3": null, "TIPO_EST_4": null, "FUENTE_00": null, "FUENTE_01": null, "FUENTE_02": null, "FUENTE_03": null, "FUENTE_04": null, "PARAMETROS": "*PARAMETROS FISICO-QUIMICO (VARIOS) | minimo: 0, maximo: 0\n", "INSTRUMENT": "*INSTRUMENTOS VARIOS DE LABORATORIO\n", "PROCESOS": null, "PERFIL_TOP": null, "LAGO_ASOCI": null, "POZO": null, "LATITUD": -33.076701526000001, "LONGITUD": -70.771815478999997, "ESTE_8418": 0, "NORTE_8418": 0, "ESTE_8419": 334617, "NORTE_8419": 6338814, "ESTE_8412": 0, "NORTE_8412": 0, "HUSO_REAL": 19 }, "geometry": { "type": "Point", "coordinates": [ -70.77181547899994, -33.076701525999965 ] } },
{ "type": "Feature", "properties": { "OBJECTID": 1003, "COD_BNA": "05732013-3", "NOM_ESTACI": "APR PUNTA PEUCO", "FECHA_INST": "05/10/2015", "FECHA_LLEN": "31/07/2017", "FECHA_SUSP": null, "COD_REG": "13", "COD_PROV": "133", "COD_COM": "13303", "REGION": "Metropolitana de Santiago", "PROVINCIA": "Chacabuco", "COMUNA": "Tiltil", "REGION_RES": "METROPOLITANA", "COD_CUEN": "057", "COD_SUBC": "0573", "COD_SSUBC": "05732", "NOM_CUEN": "Rio Maipo", "NOM_SUBC": "Mapocho Bajo", "NOM_SSUBC": "Estero Chacabuco Entre Estero La Margarita y Estero Tiltil", "ALTITUD_MS": 552, "AREA_DRENA": 0.0, "NOM_ACUIF": "Rio Maipo", "SHAC": "Chacabuco Polpaico", "UBICACIÓN": null, "OBSERVACIO": null, "LUGAR": "POZO", "INSTITUCIO": "DIRECCION GENERAL DE AGUAS", "TIPO_ESTAC": "*CALIDAD DE AGUA\n", "TIPO_EST_1": "CALIDAD DE AGUA\n", "TIPO_EST_2": null, "TIPO_EST_3": null, "TIPO_EST_4": null, "FUENTE_00": null, "FUENTE_01": null, "FUENTE_02": null, "FUENTE_03": null, "FUENTE_04": null, "PARAMETROS": "*PARAMETROS FISICO-QUIMICO (VARIOS) | minimo: 0, maximo: 0\n", "INSTRUMENT": "*INSTRUMENTOS VARIOS DE LABORATORIO\n", "PROCESOS": null, "PERFIL_TOP": null, "LAGO_ASOCI": null, "POZO": null, "LATITUD": -33.113567136, "LONGITUD": -70.822590441000003, "ESTE_8418": 0, "NORTE_8418": 0, "ESTE_8419": 329948, "NORTE_8419": 6334645, "ESTE_8412": 0, "NORTE_8412": 0, "HUSO_REAL": 19 }, "geometry": { "type": "Point", "coordinates": [ -70.822590440999988, -33.113567135999972 ] } },
{ "type": "Feature", "properties": { "OBJECTID": 1004, "COD_BNA": "05732014-1", "NOM_ESTACI": "APR SANTA MATILDE", "FECHA_INST": "05/10/2015", "FECHA_LLEN": "31/07/2017", "FECHA_SUSP": null, "COD_REG": "13", "COD_PROV": "133", "COD_COM": "13303", "REGION": "Metropolitana de Santiago", "PROVINCIA": "Chacabuco", "COMUNA": "Tiltil", "REGION_RES": "METROPOLITANA", "COD_CUEN": "057", "COD_SUBC": "0573", "COD_SSUBC": "05732", "NOM_CUEN": "Rio Maipo", "NOM_SUBC": "Mapocho Bajo", "NOM_SSUBC": "Estero Chacabuco Entre Estero La Margarita y Estero Tiltil", "ALTITUD_MS": 574, "AREA_DRENA": 0.0, "NOM_ACUIF": "Rio Maipo", "SHAC": "Chacabuco Polpaico", "UBICACIÓN": null, "OBSERVACIO": null, "LUGAR": "POZO", "INSTITUCIO": "DIRECCION GENERAL DE AGUAS", "TIPO_ESTAC": "*CALIDAD DE AGUA\n", "TIPO_EST_1": "CALIDAD DE AGUA\n", "TIPO_EST_2": null, "TIPO_EST_3": null, "TIPO_EST_4": null, "FUENTE_00": null, "FUENTE_01": null, "FUENTE_02": null, "FUENTE_03": null, "FUENTE_04": null, "PARAMETROS": "*PARAMETROS FISICO-QUIMICO (VARIOS) | minimo: 0, maximo: 0\n", "INSTRUMENT": "*INSTRUMENTOS VARIOS DE LABORATORIO\n", "PROCESOS": null, "PERFIL_TOP": null, "LAGO_ASOCI": null, "POZO": null, "LATITUD": -33.104115962999998, "LONGITUD": -70.791492438000006, "ESTE_8418": 0, "NORTE_8418": 0, "ESTE_8419": 332832, "NORTE_8419": 6335743, "ESTE_8412": 0, "NORTE_8412": 0, "HUSO_REAL": 19 }, "geometry": { "type": "Point", "coordinates": [ -70.791492437999977, -33.10411596299997 ] } },
{ "type": "Feature", "properties": { "OBJECTID": 1005, "COD_BNA": "05735017-2", "NOM_ESTACI": "APR HERMANOS CARRERA", "FECHA_INST": "06/10/2015", "FECHA_LLEN": "31/07/2017", "FECHA_SUSP": null, "COD_REG": "13", "COD_PROV": "133", "COD_COM": "13301", "REGION": "Metropolitana de Santiago", "PROVINCIA": "Chacabuco", "COMUNA": "Colina", "REGION_RES": "METROPOLITANA", "COD_CUEN": "057", "COD_SUBC": "0573", "COD_SSUBC": "05735", "NOM_CUEN": "Rio Maipo", "NOM_SUBC": "Mapocho Bajo", "NOM_SSUBC": "Estero Colina", "ALTITUD_MS": 542, "AREA_DRENA": 0.0, "NOM_ACUIF": "Rio Maipo", "SHAC": "Chicureo", "UBICACIÓN": null, "OBSERVACIO": null, "LUGAR": "POZO", "INSTITUCIO": "DIRECCION GENERAL DE AGUAS", "TIPO_ESTAC": "*CALIDAD DE AGUA\n", "TIPO_EST_1": "CALIDAD DE AGUA\n", "TIPO_EST_2": null, "TIPO_EST_3": null, "TIPO_EST_4": null, "FUENTE_00": null, "FUENTE_01": null, "FUENTE_02": null, "FUENTE_03": null, "FUENTE_04": null, "PARAMETROS": "*PARAMETROS FISICO-QUIMICO (VARIOS) | minimo: 0, maximo: 0\n", "INSTRUMENT": "*INSTRUMENTOS VARIOS DE LABORATORIO\n", "PROCESOS": null, "PERFIL_TOP": null, "LAGO_ASOCI": null, "POZO": null, "LATITUD": -33.265517623000001, "LONGITUD": -70.677038737999993, "ESTE_8418": 0, "NORTE_8418": 0, "ESTE_8419": 343800, "NORTE_8419": 6318023, "ESTE_8412": 0, "NORTE_8412": 0, "HUSO_REAL": 19 }, "geometry": { "type": "Point", "coordinates": [ -70.677038737999965, -33.265517622999937 ] } },
{ "type": "Feature", "properties": { "OBJECTID": 1006, "COD_BNA": "05735001-6", "NOM_ESTACI": "RIO COLINA EN PELDEHUE", "FECHA_INST": "01/12/1980", "FECHA_LLEN": "06/01/2026", "FECHA_SUSP": null, "COD_REG": "13", "COD_PROV": "133", "COD_COM": "13301", "REGION": "Metropolitana de Santiago", "PROVINCIA": "Chacabuco", "COMUNA": "Colina", "REGION_RES": "METROPOLITANA", "COD_CUEN": "057", "COD_SUBC": "0573", "COD_SSUBC": "05735", "NOM_CUEN": "Rio Maipo", "NOM_SUBC": "Mapocho Bajo", "NOM_SSUBC": "Estero Colina", "ALTITUD_MS": 860, "AREA_DRENA": 0.0, "NOM_ACUIF": "Rio Maipo", "SHAC": "Colina Inferior", "UBICACIÓN": null, "OBSERVACIO": "*Estacion embancada hasta el 12.05.95.\n*DEBIDO A TACOS DE PIEDRAS HECHOS POR REGANTE, SE PERALTA EL NIVEL DE LAS AGUAS FRENTE A hL ENTRE EL 07 Y EL 16/01/90.- DEBE DESCONT. 9 CM AL REG. LG.\n*EXISTE DIFERENCIA DE 6,5 CM ENTRE EL HL Y HLG. NO HAY INFORMACI", "LUGAR": "CAUCE NATURAL", "INSTITUCIO": "DIRECCION GENERAL DE AGUAS", "TIPO_ESTAC": "*FLUVIOMETRICA\n*METEOROLOGICA\n", "TIPO_EST_1": "FLUVIOMETRICA", "TIPO_EST_2": "METEOROLOGICA\n", "TIPO_EST_3": null, "TIPO_EST_4": null, "FUENTE_00": "*DTL\n*SAT\n*FOR\n", "FUENTE_01": "DTL\n", "FUENTE_02": "SAT\n", "FUENTE_03": "FOR\n", "FUENTE_04": null, "PARAMETROS": "*ALTURA (m) | minimo: -2, maximo: 15\n*CAUDAL (m3/s) | minimo: 0, maximo: 10000\n*AFORO (m3/s) | minimo: 0, maximo: 10000\n*CURVA DE DESCARGA (M-M3/S) | minimo: 0, maximo: 10000\n*PRECIPITACION (mm) | minimo: 0, maximo: 100\n", "INSTRUMENT": "*LIMNIGRAFO DE FLOTADOR\n*MOLINETE TIPO 622\n*ESTACION AUTOMATICA M.R.I.\n*CALCULO EN OFICINA\n", "PROCESOS": "*PROCESO DE DATOS METEOROLÓGICOS | ALGUNAS FUENTES | SUSPENDIDO(25/03/2026)\n", "PERFIL_TOP": null, "LAGO_ASOCI": null, "POZO": null, "LATITUD": -33.201995843, "LONGITUD": -70.588031767999993, "ESTE_8418": 0, "NORTE_8418": 0, "ESTE_8419": 351984, "NORTE_8419": 6325196, "ESTE_8412": 0, "NORTE_8412": 0, "HUSO_REAL": 19 }, "geometry": { "type": "Point", "coordinates": [ -70.588031767999951, -33.201995842999963 ] } },
{ "type": "Feature", "properties": { "OBJECTID": 1007, "COD_BNA": "05735002-4", "NOM_ESTACI": "CANAL COLINA EN COMPUERTA VARGAS", "FECHA_INST": "01/06/1968", "FECHA_LLEN": null, "FECHA_SUSP": null, "COD_REG": "13", "COD_PROV": "133", "COD_COM": "13301", "REGION": "Metropolitana de Santiago", "PROVINCIA": "Chacabuco", "COMUNA": "Colina", "REGION_RES": "METROPOLITANA", "COD_CUEN": "057", "COD_SUBC": "0573", "COD_SSUBC": "05735", "NOM_CUEN": "Rio Maipo", "NOM_SUBC": "Mapocho Bajo", "NOM_SSUBC": "Estero Colina", "ALTITUD_MS": 500, "AREA_DRENA": 0.0, "NOM_ACUIF": "Rio Maipo", "SHAC": "Colina Inferior", "UBICACIÓN": null, "OBSERVACIO": null, "LUGAR": "CANAL", "INSTITUCIO": "DIRECCION GENERAL DE AGUAS", "TIPO_ESTAC": "*CALIDAD DE AGUA\n", "TIPO_EST_1": "CALIDAD DE AGUA\n", "TIPO_EST_2": null, "TIPO_EST_3": null, "TIPO_EST_4": null, "FUENTE_00": null, "FUENTE_01": null, "FUENTE_02": null, "FUENTE_03": null, "FUENTE_04": null, "PARAMETROS": "*CURVA DE DESCARGA (M-M3/S) | minimo: 0, maximo: 10000 | SUSPENDIDO(01/03/1961) \n*PARAMETROS FISICO-QUIMICO (VARIOS) | minimo: 0, maximo: 0\n", "INSTRUMENT": "*LIMNIMETRO DE REGLA GRADUADA | SUSPENDIDO(01/03/1961)\n*MOLINETE TIPO 622\n*CALCULO EN OFICINA\n", "PROCESOS": null, "PERFIL_TOP": null, "LAGO_ASOCI": null, "POZO": null, "LATITUD": -33.177797194, "LONGITUD": -70.649176045000004, "ESTE_8418": 0, "NORTE_8418": 0, "ESTE_8419": 346242, "NORTE_8419": 6327791, "ESTE_8412": 0, "NORTE_8412": 0, "HUSO_REAL": 19 }, "geometry": { "type": "Point", "coordinates": [ -70.649176044999933, -33.177797193999936 ] } },
{ "type": "Feature", "properties": { "OBJECTID": 1008, "COD_BNA": "05735006-7", "NOM_ESTACI": "LO ARCAYA", "FECHA_INST": "01/01/1974", "FECHA_LLEN": null, "FECHA_SUSP": null, "COD_REG": "13", "COD_PROV": "133", "COD_COM": "13301", "REGION": "Metropolitana de Santiago", "PROVINCIA": "Chacabuco", "COMUNA": "Colina", "REGION_RES": "METROPOLITANA", "COD_CUEN": "057", "COD_SUBC": "0573", "COD_SSUBC": "05735", "NOM_CUEN": "Rio Maipo", "NOM_SUBC": "Mapocho Bajo", "NOM_SSUBC": "Estero Colina", "ALTITUD_MS": 538, "AREA_DRENA": 0.0, "NOM_ACUIF": "Rio Maipo", "SHAC": "Colina Inferior", "UBICACIÓN": null, "OBSERVACIO": "*Se cambió le sensor PT2X, que presenta problemas de oxidación, por un sensor OTT serie Nº 293075. El sensor con problemas se enviará para revisión.\n*Se instaló sensor PT2X, Serie Nº 0021047030 de 60 m de cable\n", "LUGAR": "POZO", "INSTITUCIO": "DIRECCION GENERAL DE AGUAS", "TIPO_ESTAC": "*CONTROL DE NIVEL\n", "TIPO_EST_1": "CONTROL DE NIVEL\n", "TIPO_EST_2": null, "TIPO_EST_3": null, "TIPO_EST_4": null, "FUENTE_00": null, "FUENTE_01": null, "FUENTE_02": null, "FUENTE_03": null, "FUENTE_04": null, "PARAMETROS": "*PROFUNDIDAD (POZO) (m) | minimo: 0, maximo: 0\n", "INSTRUMENT": "*POZOMETRO\n", "PROCESOS": null, "PERFIL_TOP": null, "LAGO_ASOCI": null, "POZO": null, "LATITUD": -33.238180008, "LONGITUD": -70.693869944, "ESTE_8418": 0, "NORTE_8418": 0, "ESTE_8419": 342183, "NORTE_8419": 6321029, "ESTE_8412": 0, "NORTE_8412": 0, "HUSO_REAL": 19 }, "geometry": { "type": "Point", "coordinates": [ -70.693869943999971, -33.238180007999972 ] } },
{ "type": "Feature", "properties": { "OBJECTID": 1009, "COD_BNA": "05735014-8", "NOM_ESTACI": "SAN LUIS DE COLINA", "FECHA_INST": "01/10/1953", "FECHA_LLEN": "16/04/2002", "FECHA_SUSP": null, "COD_REG": "13", "COD_PROV": "133", "COD_COM": "13301", "REGION": "Metropolitana de Santiago", "PROVINCIA": "Chacabuco", "COMUNA": "Colina", "REGION_RES": "METROPOLITANA", "COD_CUEN": "057", "COD_SUBC": "0573", "COD_SSUBC": "05735", "NOM_CUEN": "Rio Maipo", "NOM_SUBC": "Mapocho Bajo", "NOM_SSUBC": "Estero Colina", "ALTITUD_MS": 598, "AREA_DRENA": 0.0, "NOM_ACUIF": "Rio Maipo", "SHAC": "Colina Inferior", "UBICACIÓN": "San Luis de Colina - cruzando al estero colina hacia la cordillera", "OBSERVACIO": null, "LUGAR": "POZO", "INSTITUCIO": "DIRECCION GENERAL DE AGUAS", "TIPO_ESTAC": "*CONTROL DE NIVEL\n", "TIPO_EST_1": "CONTROL DE NIVEL\n", "TIPO_EST_2": null, "TIPO_EST_3": null, "TIPO_EST_4": null, "FUENTE_00": null, "FUENTE_01": null, "FUENTE_02": null, "FUENTE_03": null, "FUENTE_04": null, "PARAMETROS": "*PROFUNDIDAD (POZO) (m) | minimo: 0, maximo: 0\n", "INSTRUMENT": "*POZOMETRO\n", "PROCESOS": null, "PERFIL_TOP": null, "LAGO_ASOCI": null, "POZO": null, "LATITUD": -33.207780094999997, "LONGITUD": -70.656936881999997, "ESTE_8418": 0, "NORTE_8418": 0, "ESTE_8419": 345571, "NORTE_8419": 6324455, "ESTE_8412": 0, "NORTE_8412": 0, "HUSO_REAL": 19 }, "geometry": { "type": "Point", "coordinates": [ -70.656936881999968, -33.207780094999976 ] } },
{ "type": "Feature", "properties": { "OBJECTID": 1010, "COD_BNA": "05735015-6", "NOM_ESTACI": "FUNDO REINA SUR 3", "FECHA_INST": "01/01/2007", "FECHA_LLEN": "12/01/2007", "FECHA_SUSP": null, "COD_REG": "13", "COD_PROV": "133", "COD_COM": "13301", "REGION": "Metropolitana de Santiago", "PROVINCIA": "Chacabuco", "COMUNA": "Colina", "REGION_RES": "METROPOLITANA", "COD_CUEN": "057", "COD_SUBC": "0573", "COD_SSUBC": "05735", "NOM_CUEN": "Rio Maipo", "NOM_SUBC": "Mapocho Bajo", "NOM_SSUBC": "Estero Colina", "ALTITUD_MS": 570, "AREA_DRENA": 0.0, "NOM_ACUIF": "Rio Maipo", "SHAC": "Colina Inferior", "UBICACIÓN": null, "OBSERVACIO": null, "LUGAR": "POZO", "INSTITUCIO": "DIRECCION GENERAL DE AGUAS", "TIPO_ESTAC": "*CONTROL DE NIVEL\n", "TIPO_EST_1": "CONTROL DE NIVEL\n", "TIPO_EST_2": null, "TIPO_EST_3": null, "TIPO_EST_4": null, "FUENTE_00": "*FOR\n", "FUENTE_01": "FOR\n", "FUENTE_02": null, "FUENTE_03": null, "FUENTE_04": null, "PARAMETROS": "*PROFUNDIDAD (POZO) (m) | minimo: 0, maximo: 100\n*PROFUNDIDAD (POZO) (m) | minimo: 0, maximo: 100\n", "INSTRUMENT": "*POZOMETRO\n", "PROCESOS": null, "PERFIL_TOP": null, "LAGO_ASOCI": null, "POZO": null, "LATITUD": -33.193745854, "LONGITUD": -70.70312883, "ESTE_8418": 0, "NORTE_8418": 0, "ESTE_8419": 341240, "NORTE_8419": 6325942, "ESTE_8412": 0, "NORTE_8412": 0, "HUSO_REAL": 19 }, "geometry": { "type": "Point", "coordinates": [ -70.703128829999969, -33.193745853999928 ] } },
{ "type": "Feature", "properties": { "OBJECTID": 1011, "COD_BNA": "05735019-9", "NOM_ESTACI": "APR MANUEL RODRIGUEZ", "FECHA_INST": "06/10/2015", "FECHA_LLEN": "31/07/2017", "FECHA_SUSP": null, "COD_REG": "13", "COD_PROV": "133", "COD_COM": "13301", "REGION": "Metropolitana de Santiago", "PROVINCIA": "Chacabuco", "COMUNA": "Colina", "REGION_RES": "METROPOLITANA", "COD_CUEN": "057", "COD_SUBC": "0573", "COD_SSUBC": "05735", "NOM_CUEN": "Rio Maipo", "NOM_SUBC": "Mapocho Bajo", "NOM_SSUBC": "Estero Colina", "ALTITUD_MS": 548, "AREA_DRENA": 0.0, "NOM_ACUIF": "Rio Maipo", "SHAC": "Colina Inferior", "UBICACIÓN": null, "OBSERVACIO": null, "LUGAR": "POZO", "INSTITUCIO": "DIRECCION GENERAL DE AGUAS", "TIPO_ESTAC": "*CALIDAD DE AGUA\n", "TIPO_EST_1": "CALIDAD DE AGUA\n", "TIPO_EST_2": null, "TIPO_EST_3": null, "TIPO_EST_4": null, "FUENTE_00": null, "FUENTE_01": null, "FUENTE_02": null, "FUENTE_03": null, "FUENTE_04": null, "PARAMETROS": "*PARAMETROS FISICO-QUIMICO (VARIOS) | minimo: 0, maximo: 0\n", "INSTRUMENT": "*INSTRUMENTOS VARIOS DE LABORATORIO\n", "PROCESOS": null, "PERFIL_TOP": null, "LAGO_ASOCI": null, "POZO": null, "LATITUD": -33.241626214, "LONGITUD": -70.679823439000003, "ESTE_8418": 0, "NORTE_8418": 0, "ESTE_8419": 343498, "NORTE_8419": 6320668, "ESTE_8412": 0, "NORTE_8412": 0, "HUSO_REAL": 19 }, "geometry": { "type": "Point", "coordinates": [ -70.679823438999961, -33.24162621399995 ] } },
{ "type": "Feature", "properties": { "OBJECTID": 1012, "COD_BNA": "05735020-2", "NOM_ESTACI": "APR REINA NORTE", "FECHA_INST": "07/10/2015", "FECHA_LLEN": "31/07/2017", "FECHA_SUSP": null, "COD_REG": "13", "COD_PROV": "133", "COD_COM": "13301", "REGION": "Metropolitana de Santiago", "PROVINCIA": "Chacabuco", "COMUNA": "Colina", "REGION_RES": "METROPOLITANA", "COD_CUEN": "057", "COD_SUBC": "0573", "COD_SSUBC": "05735", "NOM_CUEN": "Rio Maipo", "NOM_SUBC": "Mapocho Bajo", "NOM_SSUBC": "Estero Colina", "ALTITUD_MS": 592, "AREA_DRENA": 0.0, "NOM_ACUIF": "Rio Maipo", "SHAC": "Colina Inferior", "UBICACIÓN": null, "OBSERVACIO": null, "LUGAR": "POZO", "INSTITUCIO": "DIRECCION GENERAL DE AGUAS", "TIPO_ESTAC": "*CALIDAD DE AGUA\n", "TIPO_EST_1": "CALIDAD DE AGUA\n", "TIPO_EST_2": null, "TIPO_EST_3": null, "TIPO_EST_4": null, "FUENTE_00": null, "FUENTE_01": null, "FUENTE_02": null, "FUENTE_03": null, "FUENTE_04": null, "PARAMETROS": "*PARAMETROS FISICO-QUIMICO (VARIOS) | minimo: 0, maximo: 0\n", "INSTRUMENT": "*INSTRUMENTOS VARIOS DE LABORATORIO\n", "PROCESOS": null, "PERFIL_TOP": null, "LAGO_ASOCI": null, "POZO": null, "LATITUD": -33.176018835999997, "LONGITUD": -70.688983621999995, "ESTE_8418": 0, "NORTE_8418": 0, "ESTE_8419": 342527, "NORTE_8419": 6327929, "ESTE_8412": 0, "NORTE_8412": 0, "HUSO_REAL": 19 }, "geometry": { "type": "Point", "coordinates": [ -70.688983621999967, -33.176018835999969 ] } },
{ "type": "Feature", "properties": { "OBJECTID": 1013, "COD_BNA": "05735021-0", "NOM_ESTACI": "APR SANTA FILOMENA-SAN LUIS", "FECHA_INST": "30/10/2015", "FECHA_LLEN": "31/07/2017", "FECHA_SUSP": null, "COD_REG": "13", "COD_PROV": "133", "COD_COM": "13301", "REGION": "Metropolitana de Santiago", "PROVINCIA": "Chacabuco", "COMUNA": "Colina", "REGION_RES": "METROPOLITANA", "COD_CUEN": "057", "COD_SUBC": "0573", "COD_SSUBC": "05735", "NOM_CUEN": "Rio Maipo", "NOM_SUBC": "Mapocho Bajo", "NOM_SSUBC": "Estero Colina", "ALTITUD_MS": 611, "AREA_DRENA": 0.0, "NOM_ACUIF": "Rio Maipo", "SHAC": "Colina Inferior", "UBICACIÓN": null, "OBSERVACIO": null, "LUGAR": "POZO", "INSTITUCIO": "DIRECCION GENERAL DE AGUAS", "TIPO_ESTAC": "*CALIDAD DE AGUA\n", "TIPO_EST_1": "CALIDAD DE AGUA\n", "TIPO_EST_2": null, "TIPO_EST_3": null, "TIPO_EST_4": null, "FUENTE_00": null, "FUENTE_01": null, "FUENTE_02": null, "FUENTE_03": null, "FUENTE_04": null, "PARAMETROS": "*PARAMETROS FISICO-QUIMICO (VARIOS) | minimo: 0, maximo: 0\n", "INSTRUMENT": "*INSTRUMENTOS VARIOS DE LABORATORIO\n", "PROCESOS": null, "PERFIL_TOP": null, "LAGO_ASOCI": null, "POZO": null, "LATITUD": -33.209126236000003, "LONGITUD": -70.656758413000006, "ESTE_8418": 0, "NORTE_8418": 0, "ESTE_8419": 345590, "NORTE_8419": 6324306, "ESTE_8412": 0, "NORTE_8412": 0, "HUSO_REAL": 19 }, "geometry": { "type": "Point", "coordinates": [ -70.656758412999977, -33.209126235999975 ] } },
{ "type": "Feature", "properties": { "OBJECTID": 1014, "COD_BNA": "05735026-1", "NOM_ESTACI": "APR REINA NORTE POZO 3", "FECHA_INST": "15/05/2023", "FECHA_LLEN": "10/04/2024", "FECHA_SUSP": null, "COD_REG": "13", "COD_PROV": "133", "COD_COM": "13301", "REGION": "Metropolitana de Santiago", "PROVINCIA": "Chacabuco", "COMUNA": "Colina", "REGION_RES": "METROPOLITANA", "COD_CUEN": "057", "COD_SUBC": "0573", "COD_SSUBC": "05735", "NOM_CUEN": "Rio Maipo", "NOM_SUBC": "Mapocho Bajo", "NOM_SSUBC": "Estero Colina", "ALTITUD_MS": 0, "AREA_DRENA": 0.0, "NOM_ACUIF": "Rio Maipo", "SHAC": "Colina Inferior", "UBICACIÓN": null, "OBSERVACIO": null, "LUGAR": "POZO", "INSTITUCIO": "DIRECCION GENERAL DE AGUAS", "TIPO_ESTAC": "*CALIDAD DE AGUA\n", "TIPO_EST_1": "CALIDAD DE AGUA\n", "TIPO_EST_2": null, "TIPO_EST_3": null, "TIPO_EST_4": null, "FUENTE_00": "*FOR\n", "FUENTE_01": "FOR\n", "FUENTE_02": null, "FUENTE_03": null, "FUENTE_04": null, "PARAMETROS": "*PARAMETROS FISICO-QUIMICO (VARIOS) | minimo: 0, maximo: 10000\n", "INSTRUMENT": null, "PROCESOS": null, "PERFIL_TOP": null, "LAGO_ASOCI": null, "POZO": null, "LATITUD": -33.18305975, "LONGITUD": -70.689172368000001, "ESTE_8418": 0, "NORTE_8418": 0, "ESTE_8419": 342522, "NORTE_8419": 6327148, "ESTE_8412": 0, "NORTE_8412": 0, "HUSO_REAL": 19 }, "geometry": { "type": "Point", "coordinates": [ -70.689172367999959, -33.183059749999984 ] } },
{ "type": "Feature", "properties": { "OBJECTID": 1015, "COD_BNA": "05735013-K", "NOM_ESTACI": "SANITARIOS COLINAS", "FECHA_INST": "01/06/1975", "FECHA_LLEN": null, "FECHA_SUSP": null, "COD_REG": "13", "COD_PROV": "133", "COD_COM": "13301", "REGION": "Metropolitana de Santiago", "PROVINCIA": "Chacabuco", "COMUNA": "Colina", "REGION_RES": "METROPOLITANA", "COD_CUEN": "057", "COD_SUBC": "0573", "COD_SSUBC": "05735", "NOM_CUEN": "Rio Maipo", "NOM_SUBC": "Mapocho Bajo", "NOM_SSUBC": "Estero Colina", "ALTITUD_MS": 500, "AREA_DRENA": 0.0, "NOM_ACUIF": "Rio Maipo", "SHAC": "Colina Sur", "UBICACIÓN": null, "OBSERVACIO": null, "LUGAR": "POZO", "INSTITUCIO": "DIRECCION GENERAL DE AGUAS", "TIPO_ESTAC": "*CONTROL DE NIVEL\n", "TIPO_EST_1": "CONTROL DE NIVEL\n", "TIPO_EST_2": null, "TIPO_EST_3": null, "TIPO_EST_4": null, "FUENTE_00": null, "FUENTE_01": null, "FUENTE_02": null, "FUENTE_03": null, "FUENTE_04": null, "PARAMETROS": "*PROFUNDIDAD (POZO) (m) | minimo: 0, maximo: 0\n", "INSTRUMENT": "*POZOMETRO\n", "PROCESOS": null, "PERFIL_TOP": null, "LAGO_ASOCI": null, "POZO": null, "LATITUD": -33.288542982000003, "LONGITUD": -70.732812142, "ESTE_8418": 0, "NORTE_8418": 0, "ESTE_8419": 338647, "NORTE_8419": 6315385, "ESTE_8412": 0, "NORTE_8412": 0, "HUSO_REAL": 19 }, "geometry": { "type": "Point", "coordinates": [ -70.732812141999943, -33.288542981999967 ] } },
{ "type": "Feature", "properties": { "OBJECTID": 1016, "COD_BNA": "05735016-4", "NOM_ESTACI": "APR ESTACION COLINA", "FECHA_INST": "07/10/2015", "FECHA_LLEN": "31/07/2017", "FECHA_SUSP": null, "COD_REG": "13", "COD_PROV": "133", "COD_COM": "13301", "REGION": "Metropolitana de Santiago", "PROVINCIA": "Chacabuco", "COMUNA": "Colina", "REGION_RES": "METROPOLITANA", "COD_CUEN": "057", "COD_SUBC": "0573", "COD_SSUBC": "05735", "NOM_CUEN": "Rio Maipo", "NOM_SUBC": "Mapocho Bajo", "NOM_SSUBC": "Estero Colina", "ALTITUD_MS": 520, "AREA_DRENA": 0.0, "NOM_ACUIF": "Rio Maipo", "SHAC": "Colina Sur", "UBICACIÓN": null, "OBSERVACIO": null, "LUGAR": "POZO", "INSTITUCIO": "DIRECCION GENERAL DE AGUAS", "TIPO_ESTAC": "*CALIDAD DE AGUA\n", "TIPO_EST_1": "CALIDAD DE AGUA\n", "TIPO_EST_2": null, "TIPO_EST_3": null, "TIPO_EST_4": null, "FUENTE_00": null, "FUENTE_01": null, "FUENTE_02": null, "FUENTE_03": null, "FUENTE_04": null, "PARAMETROS": "*PARAMETROS FISICO-QUIMICO (VARIOS) | minimo: 0, maximo: 0\n", "INSTRUMENT": "*INSTRUMENTOS VARIOS DE LABORATORIO\n", "PROCESOS": null, "PERFIL_TOP": null, "LAGO_ASOCI": null, "POZO": null, "LATITUD": -33.268849879000001, "LONGITUD": -70.736481021000003, "ESTE_8418": 0, "NORTE_8418": 0, "ESTE_8419": 338269, "NORTE_8419": 6317563, "ESTE_8412": 0, "NORTE_8412": 0, "HUSO_REAL": 19 }, "geometry": { "type": "Point", "coordinates": [ -70.736481020999975, -33.268849878999958 ] } },
{ "type": "Feature", "properties": { "OBJECTID": 1017, "COD_BNA": "05735018-0", "NOM_ESTACI": "APR LOS DIECISIETE", "FECHA_INST": "30/10/2015", "FECHA_LLEN": "31/07/2017", "FECHA_SUSP": null, "COD_REG": "13", "COD_PROV": "133", "COD_COM": "13301", "REGION": "Metropolitana de Santiago", "PROVINCIA": "Chacabuco", "COMUNA": "Colina", "REGION_RES": "METROPOLITANA", "COD_CUEN": "057", "COD_SUBC": "0573", "COD_SSUBC": "05735", "NOM_CUEN": "Rio Maipo", "NOM_SUBC": "Mapocho Bajo", "NOM_SSUBC": "Estero Colina", "ALTITUD_MS": 517, "AREA_DRENA": 0.0, "NOM_ACUIF": "Rio Maipo", "SHAC": "Colina Sur", "UBICACIÓN": null, "OBSERVACIO": null, "LUGAR": "POZO", "INSTITUCIO": "DIRECCION GENERAL DE AGUAS", "TIPO_ESTAC": "*CALIDAD DE AGUA\n", "TIPO_EST_1": "CALIDAD DE AGUA\n", "TIPO_EST_2": null, "TIPO_EST_3": null, "TIPO_EST_4": null, "FUENTE_00": null, "FUENTE_01": null, "FUENTE_02": null, "FUENTE_03": null, "FUENTE_04": null, "PARAMETROS": "*PARAMETROS FISICO-QUIMICO (VARIOS) | minimo: 0, maximo: 0\n", "INSTRUMENT": "*INSTRUMENTOS VARIOS DE LABORATORIO\n", "PROCESOS": null, "PERFIL_TOP": null, "LAGO_ASOCI": null, "POZO": null, "LATITUD": -33.262744523000002, "LONGITUD": -70.72286653, "ESTE_8418": 0, "NORTE_8418": 0, "ESTE_8419": 339526, "NORTE_8419": 6318261, "ESTE_8412": 0, "NORTE_8412": 0, "HUSO_REAL": 19 }, "geometry": { "type": "Point", "coordinates": [ -70.722866529999976, -33.262744522999981 ] } },
{ "type": "Feature", "properties": { "OBJECTID": 1018, "COD_BNA": "05735022-9", "NOM_ESTACI": "APR SANTA LUISA", "FECHA_INST": null, "FECHA_LLEN": "31/07/2017", "FECHA_SUSP": null, "COD_REG": "13", "COD_PROV": "133", "COD_COM": "13301", "REGION": "Metropolitana de Santiago", "PROVINCIA": "Chacabuco", "COMUNA": "Colina", "REGION_RES": "METROPOLITANA", "COD_CUEN": "057", "COD_SUBC": "0573", "COD_SSUBC": "05735", "NOM_CUEN": "Rio Maipo", "NOM_SUBC": "Mapocho Bajo", "NOM_SSUBC": "Estero Colina", "ALTITUD_MS": 529, "AREA_DRENA": 0.0, "NOM_ACUIF": "Rio Maipo", "SHAC": "Colina Sur", "UBICACIÓN": null, "OBSERVACIO": null, "LUGAR": "POZO", "INSTITUCIO": "DIRECCION GENERAL DE AGUAS", "TIPO_ESTAC": "*CALIDAD DE AGUA\n", "TIPO_EST_1": "CALIDAD DE AGUA\n", "TIPO_EST_2": null, "TIPO_EST_3": null, "TIPO_EST_4": null, "FUENTE_00": null, "FUENTE_01": null, "FUENTE_02": null, "FUENTE_03": null, "FUENTE_04": null, "PARAMETROS": "*PARAMETROS FISICO-QUIMICO (VARIOS) | minimo: 0, maximo: 0\n", "INSTRUMENT": "*INSTRUMENTOS VARIOS DE LABORATORIO\n", "PROCESOS": null, "PERFIL_TOP": null, "LAGO_ASOCI": null, "POZO": null, "LATITUD": -33.270510267, "LONGITUD": -70.69260455, "ESTE_8418": 0, "NORTE_8418": 0, "ESTE_8419": 342359, "NORTE_8419": 6317446, "ESTE_8412": 0, "NORTE_8412": 0, "HUSO_REAL": 19 }, "geometry": { "type": "Point", "coordinates": [ -70.692604549999942, -33.270510266999963 ] } },
{ "type": "Feature", "properties": { "OBJECTID": 1019, "COD_BNA": "05735023-7", "NOM_ESTACI": "APR SANTA MARTA DE LIRAY", "FECHA_INST": "07/10/2015", "FECHA_LLEN": "31/07/2017", "FECHA_SUSP": null, "COD_REG": "13", "COD_PROV": "133", "COD_COM": "13301", "REGION": "Metropolitana de Santiago", "PROVINCIA": "Chacabuco", "COMUNA": "Colina", "REGION_RES": "METROPOLITANA", "COD_CUEN": "057", "COD_SUBC": "0573", "COD_SSUBC": "05735", "NOM_CUEN": "Rio Maipo", "NOM_SUBC": "Mapocho Bajo", "NOM_SSUBC": "Estero Colina", "ALTITUD_MS": 532, "AREA_DRENA": 0.0, "NOM_ACUIF": "Rio Maipo", "SHAC": "Colina Sur", "UBICACIÓN": null, "OBSERVACIO": null, "LUGAR": "POZO", "INSTITUCIO": "DIRECCION GENERAL DE AGUAS", "TIPO_ESTAC": "*CALIDAD DE AGUA\n", "TIPO_EST_1": "CALIDAD DE AGUA\n", "TIPO_EST_2": null, "TIPO_EST_3": null, "TIPO_EST_4": null, "FUENTE_00": null, "FUENTE_01": null, "FUENTE_02": null, "FUENTE_03": null, "FUENTE_04": null, "PARAMETROS": "*PARAMETROS FISICO-QUIMICO (VARIOS) | minimo: 0, maximo: 0\n", "INSTRUMENT": "*INSTRUMENTOS VARIOS DE LABORATORIO\n", "PROCESOS": null, "PERFIL_TOP": null, "LAGO_ASOCI": null, "POZO": null, "LATITUD": -33.238564931, "LONGITUD": -70.732050642999994, "ESTE_8418": 0, "NORTE_8418": 0, "ESTE_8419": 338626, "NORTE_8419": 6320928, "ESTE_8412": 0, "NORTE_8412": 0, "HUSO_REAL": 19 }, "geometry": { "type": "Point", "coordinates": [ -70.73205064299998, -33.238564930999928 ] } },
{ "type": "Feature", "properties": { "OBJECTID": 1020, "COD_BNA": "05736005-4", "NOM_ESTACI": "POZO FUNDO EL ALGARROBAL", "FECHA_INST": "01/01/2000", "FECHA_LLEN": "21/07/2003", "FECHA_SUSP": null, "COD_REG": "13", "COD_PROV": "133", "COD_COM": "13301", "REGION": "Metropolitana de Santiago", "PROVINCIA": "Chacabuco", "COMUNA": "Colina", "REGION_RES": "METROPOLITANA", "COD_CUEN": "057", "COD_SUBC": "0573", "COD_SSUBC": "05735", "NOM_CUEN": "Rio Maipo", "NOM_SUBC": "Mapocho Bajo", "NOM_SSUBC": "Estero Colina", "ALTITUD_MS": 520, "AREA_DRENA": 0.0, "NOM_ACUIF": "Rio Maipo", "SHAC": "Colina Sur", "UBICACIÓN": null, "OBSERVACIO": null, "LUGAR": "POZO", "INSTITUCIO": "DIRECCION GENERAL DE AGUAS", "TIPO_ESTAC": "*CALIDAD DE AGUA\n*CONTROL DE NIVEL\n", "TIPO_EST_1": "CALIDAD DE AGUA\n", "TIPO_EST_2": "CONTROL DE NIVEL\n", "TIPO_EST_3": null, "TIPO_EST_4": null, "FUENTE_00": null, "FUENTE_01": null, "FUENTE_02": null, "FUENTE_03": null, "FUENTE_04": null, "PARAMETROS": "*PROFUNDIDAD (POZO) (m) | minimo: 0, maximo: 0\n*PARAMETROS FISICO-QUIMICO (VARIOS) | minimo: 0, maximo: 0\n", "INSTRUMENT": "*POZOMETRO\n*INSTRUMENTOS VARIOS DE LABORATORIO\n", "PROCESOS": null, "PERFIL_TOP": null, "LAGO_ASOCI": null, "POZO": null, "LATITUD": -33.272353523, "LONGITUD": -70.706199741999995, "ESTE_8418": 0, "NORTE_8418": 0, "ESTE_8419": 341096, "NORTE_8419": 6317221, "ESTE_8412": 0, "NORTE_8412": 0, "HUSO_REAL": 19 }, "geometry": { "type": "Point", "coordinates": [ -70.706199741999967, -33.272353522999936 ] } },
{ "type": "Feature", "properties": { "OBJECTID": 1021, "COD_BNA": "05735010-5", "NOM_ESTACI": "ASENTAMIENTO EL TAQUERAL", "FECHA_INST": "01/10/1974", "FECHA_LLEN": null, "FECHA_SUSP": null, "COD_REG": "13", "COD_PROV": "133", "COD_COM": "13302", "REGION": "Metropolitana de Santiago", "PROVINCIA": "Chacabuco", "COMUNA": "Lampa", "REGION_RES": "METROPOLITANA", "COD_CUEN": "057", "COD_SUBC": "0573", "COD_SSUBC": "05735", "NOM_CUEN": "Rio Maipo", "NOM_SUBC": "Mapocho Bajo", "NOM_SSUBC": "Estero Colina", "ALTITUD_MS": 482, "AREA_DRENA": 0.0, "NOM_ACUIF": "Rio Maipo", "SHAC": "Colina Sur", "UBICACIÓN": null, "OBSERVACIO": null, "LUGAR": "POZO", "INSTITUCIO": "DIRECCION GENERAL DE AGUAS", "TIPO_ESTAC": "*CONTROL DE NIVEL\n", "TIPO_EST_1": "CONTROL DE NIVEL\n", "TIPO_EST_2": null, "TIPO_EST_3": null, "TIPO_EST_4": null, "FUENTE_00": null, "FUENTE_01": null, "FUENTE_02": null, "FUENTE_03": null, "FUENTE_04": null, "PARAMETROS": "*PROFUNDIDAD (POZO) (m) | minimo: 0, maximo: 0\n", "INSTRUMENT": "*POZOMETRO\n", "PROCESOS": null, "PERFIL_TOP": null, "LAGO_ASOCI": null, "POZO": null, "LATITUD": -33.297508835000002, "LONGITUD": -70.77422721000001, "ESTE_8418": 0, "NORTE_8418": 0, "ESTE_8419": 334807, "NORTE_8419": 6314326, "ESTE_8412": 0, "NORTE_8412": 0, "HUSO_REAL": 19 }, "geometry": { "type": "Point", "coordinates": [ -70.774227209999935, -33.297508834999974 ] } },
{ "type": "Feature", "properties": { "OBJECTID": 1022, "COD_BNA": "05735025-3", "NOM_ESTACI": "POZO EL PATRONCITO ESTACION COLINA", "FECHA_INST": "03/10/2022", "FECHA_LLEN": "03/10/2022", "FECHA_SUSP": null, "COD_REG": "13", "COD_PROV": "133", "COD_COM": "13302", "REGION": "Metropolitana de Santiago", "PROVINCIA": "Chacabuco", "COMUNA": "Lampa", "REGION_RES": "METROPOLITANA", "COD_CUEN": "057", "COD_SUBC": "0573", "COD_SSUBC": "05735", "NOM_CUEN": "Rio Maipo", "NOM_SUBC": "Mapocho Bajo", "NOM_SSUBC": "Estero Colina", "ALTITUD_MS": 487, "AREA_DRENA": 0.0, "NOM_ACUIF": "Rio Maipo", "SHAC": "Colina Sur", "UBICACIÓN": "Centro Cultural El Patroncito, ubicado en calle Hogar de Cristo, comuna de Lampa", "OBSERVACIO": null, "LUGAR": "POZO", "INSTITUCIO": "DIRECCION GENERAL DE AGUAS", "TIPO_ESTAC": "*CONTROL DE NIVEL\n", "TIPO_EST_1": "CONTROL DE NIVEL\n", "TIPO_EST_2": null, "TIPO_EST_3": null, "TIPO_EST_4": null, "FUENTE_00": "*GPR\n", "FUENTE_01": "GPR\n", "FUENTE_02": null, "FUENTE_03": null, "FUENTE_04": null, "PARAMETROS": "*PROFUNDIDAD (POZO) (m) | minimo: 0, maximo: 0\n", "INSTRUMENT": "*POZOMETRO\n", "PROCESOS": null, "PERFIL_TOP": null, "LAGO_ASOCI": null, "POZO": null, "LATITUD": -33.293061665000003, "LONGITUD": -70.768617617999993, "ESTE_8418": 0, "NORTE_8418": 0, "ESTE_8419": 335321, "NORTE_8419": 6314828, "ESTE_8412": 0, "NORTE_8412": 0, "HUSO_REAL": 19 }, "geometry": { "type": "Point", "coordinates": [ -70.768617617999951, -33.293061664999982 ] } },
{ "type": "Feature", "properties": { "OBJECTID": 1030, "COD_BNA": "05741003-5", "NOM_ESTACI": "ESTERO PUANGUE ANTES DE JUNTA Q.LAS LAJAS", "FECHA_INST": "27/10/2015", "FECHA_LLEN": "09/03/2017", "FECHA_SUSP": null, "COD_REG": "13", "COD_PROV": "135", "COD_COM": "13503", "REGION": "Metropolitana de Santiago", "PROVINCIA": "Melipilla", "COMUNA": "Curacaví", "REGION_RES": "METROPOLITANA", "COD_CUEN": "057", "COD_SUBC": "0574", "COD_SSUBC": "05741", "NOM_CUEN": "Rio Maipo", "NOM_SUBC": "Rio Maipo Bajo (Entre Rio Mapocho y Desembocadura)", "NOM_SSUBC": "Estero Puangue Antes Estero Caren", "ALTITUD_MS": 320, "AREA_DRENA": 0.0, "NOM_ACUIF": "Rio Maipo", "SHAC": "Puangue Alto", "UBICACIÓN": "Estación creada para red obs de la NSCA del Maipo", "OBSERVACIO": null, "LUGAR": "CAUCE NATURAL", "INSTITUCIO": "DIRECCION GENERAL DE AGUAS", "TIPO_ESTAC": "*CALIDAD DE AGUA\n", "TIPO_EST_1": "CALIDAD DE AGUA\n", "TIPO_EST_2": null, "TIPO_EST_3": null, "TIPO_EST_4": null, "FUENTE_00": null, "FUENTE_01": null, "FUENTE_02": null, "FUENTE_03": null, "FUENTE_04": null, "PARAMETROS": "*PARAMETROS FISICO-QUIMICO (VARIOS) | minimo: 0, maximo: 0\n", "INSTRUMENT": "*INSTRUMENTOS VARIOS DE LABORATORIO\n", "PROCESOS": null, "PERFIL_TOP": null, "LAGO_ASOCI": null, "POZO": null, "LATITUD": -33.255033287000003, "LONGITUD": -71.152209772000006, "ESTE_8418": 0, "NORTE_8418": 0, "ESTE_8419": 299511, "NORTE_8419": 6318374, "ESTE_8412": 0, "NORTE_8412": 0, "HUSO_REAL": 19 }, "geometry": { "type": "Point", "coordinates": [ -71.152209771999935, -33.255033286999947 ] } },
{ "type": "Feature", "properties": { "OBJECTID": 1031, "COD_BNA": "05722002-3", "NOM_ESTACI": "RIO MAPOCHO EN LOS ALMENDROS", "FECHA_INST": "01/01/1986", "FECHA_LLEN": "16/12/2020", "FECHA_SUSP": null, "COD_REG": "13", "COD_PROV": "131", "COD_COM": "13115", "REGION": "Metropolitana de Santiago", "PROVINCIA": "Santiago", "COMUNA": "Lo Barnechea", "REGION_RES": "METROPOLITANA", "COD_CUEN": "057", "COD_SUBC": "0572", "COD_SSUBC": "05722", "NOM_CUEN": "Rio Maipo", "NOM_SUBC": "R.  Mapocho Alto", "NOM_SSUBC": "Rio Mapocho Entre Rio San Francisco y Bajo Junta Estero Arrayan", "ALTITUD_MS": 966, "AREA_DRENA": 620.0, "NOM_ACUIF": "Rio Maipo", "SHAC": "Lo Barnechea", "UBICACIÓN": null, "OBSERVACIO": "*Aforo para verificar cirva\n*Funcionado bien verificar curva\n*Aforo para calibrar curva.\n", "LUGAR": "CAUCE NATURAL", "INSTITUCIO": "DIRECCION GENERAL DE AGUAS", "TIPO_ESTAC": "*FLUVIOMETRICA\n*METEOROLOGICA\n*SEDIMENTOMETRICA\n*CALIDAD DE AGUA\n", "TIPO_EST_1": "FLUVIOMETRICA", "TIPO_EST_2": "METEOROLOGICA\n", "TIPO_EST_3": "SEDIMENTOMETRICA\n", "TIPO_EST_4": "CALIDAD DE AGUA\n", "FUENTE_00": "*SAT\n*DTL\n", "FUENTE_01": "SAT\n", "FUENTE_02": "DTL\n", "FUENTE_03": null, "FUENTE_04": null, "PARAMETROS": "*ALTURA (m) | minimo: -2, maximo: 15\n*CAUDAL (m3/s) | minimo: 0, maximo: 10000\n*AFORO (m3/s) | minimo: 0, maximo: 10000\n*CURVA DE DESCARGA (M-M3/S) | minimo: 0, maximo: 10000\n*PRECIPITACION (mm) | minimo: 0, maximo: 100\n*TEMPERATURA HORARIA (ºc) | minim", "INSTRUMENT": "*LIMNIMETRO DE REGLA GRADUADA\n*LIMNIGRAFO DE FLOTADOR\n*MOLINETE TIPO 622\n*BOTELLA MUESTREADORA SUPERFICIAL\n*BOTELLA MUESTREADORA-MUESTREO DETALLADO\n*TERMOMETRO DE MAXIMA Y MINIMA\n*TERMOGRAFO\n*ESTACION AUTOMATICA M.R.I.\n*PLATAFORMA D.C.P.\n*CALCULO EN OFIC", "PROCESOS": "*PROCESO DE DATOS METEOROLÓGICOS | ALGUNAS FUENTES | SUSPENDIDO(17/05/2022)\n", "PERFIL_TOP": "*N° Perfil: 1 | Fecha: 01/09/1988 | Delta H: 100 | Delta X: 100\n", "LAGO_ASOCI": null, "POZO": null, "LATITUD": -33.370679774000003, "LONGITUD": -70.450973290999997, "ESTE_8418": 0, "NORTE_8418": 0, "ESTE_8419": 365020, "NORTE_8419": 6306678, "ESTE_8412": 0, "NORTE_8412": 0, "HUSO_REAL": 19 }, "geometry": { "type": "Point", "coordinates": [ -70.450973290999968, -33.370679773999939 ] } },
{ "type": "Feature", "properties": { "OBJECTID": 1032, "COD_BNA": "05722007-4", "NOM_ESTACI": "RIO MAPOCHO EN LOS ALMENDROS GPRS", "FECHA_INST": "20/04/2016", "FECHA_LLEN": "22/04/2016", "FECHA_SUSP": null, "COD_REG": "13", "COD_PROV": "131", "COD_COM": "13115", "REGION": "Metropolitana de Santiago", "PROVINCIA": "Santiago", "COMUNA": "Lo Barnechea", "REGION_RES": "METROPOLITANA", "COD_CUEN": "057", "COD_SUBC": "0572", "COD_SSUBC": "05722", "NOM_CUEN": "Rio Maipo", "NOM_SUBC": "R.  Mapocho Alto", "NOM_SSUBC": "Rio Mapocho Entre Rio San Francisco y Bajo Junta Estero Arrayan", "ALTITUD_MS": 966, "AREA_DRENA": 620.0, "NOM_ACUIF": "Rio Maipo", "SHAC": "Lo Barnechea", "UBICACIÓN": null, "OBSERVACIO": "*Se deshabilta estación GPR\n*Estación ya no está vigente, se encuentra suspendida desde junio de 2023, actualmente la estación vigente corresponde a 05722002-3.\n* mmmmm\n", "LUGAR": "ZONA RURAL", "INSTITUCIO": "DIRECCION GENERAL DE AGUAS", "TIPO_ESTAC": "*FLUVIOMETRICA\n*METEOROLOGICA\n", "TIPO_EST_1": "FLUVIOMETRICA", "TIPO_EST_2": "METEOROLOGICA\n", "TIPO_EST_3": null, "TIPO_EST_4": null, "FUENTE_00": null, "FUENTE_01": null, "FUENTE_02": null, "FUENTE_03": null, "FUENTE_04": null, "PARAMETROS": "*ALTURA (m) | minimo: -2, maximo: 15\n*CAUDAL (m3/s) | minimo: 0, maximo: 10000\n*AFORO (m3/s) | minimo: 0, maximo: 10000\n*CURVA DE DESCARGA (M-M3/S) | minimo: 0, maximo: 10000\n*PRECIPITACION (mm) | minimo: 0, maximo: 100\n*TEMPERATURA MINIMA (ºc) | minimo", "INSTRUMENT": "*LIMNIMETRO DE REGLA GRADUADA\n*MOLINETE TIPO 622\n*TERMOMETRO DE MAXIMA Y MINIMA\n*ESTACION AUTOMATICA M.R.I.\n*PLATAFORMA D.C.P.\n*CALCULO EN OFICINA\n", "PROCESOS": "*PROCESO DE DATOS METEOROLÓGICOS | TODAS LAS FUENTES\n", "PERFIL_TOP": null, "LAGO_ASOCI": null, "POZO": null, "LATITUD": -33.370670757, "LONGITUD": -70.450973141000006, "ESTE_8418": 0, "NORTE_8418": 0, "ESTE_8419": 365020, "NORTE_8419": 6306679, "ESTE_8412": 0, "NORTE_8412": 0, "HUSO_REAL": 19 }, "geometry": { "type": "Point", "coordinates": [ -70.450973140999963, -33.370670756999971 ] } },
{ "type": "Feature", "properties": { "OBJECTID": 1033, "COD_BNA": "05722008-2", "NOM_ESTACI": "PARQUE EL ARRAYAN", "FECHA_INST": "14/04/2025", "FECHA_LLEN": "21/04/2025", "FECHA_SUSP": null, "COD_REG": "13", "COD_PROV": "131", "COD_COM": "13115", "REGION": "Metropolitana de Santiago", "PROVINCIA": "Santiago", "COMUNA": "Lo Barnechea", "REGION_RES": "METROPOLITANA", "COD_CUEN": "057", "COD_SUBC": "0572", "COD_SSUBC": "05722", "NOM_CUEN": "Rio Maipo", "NOM_SUBC": "R.  Mapocho Alto", "NOM_SSUBC": "Rio Mapocho Entre Rio San Francisco y Bajo Junta Estero Arrayan", "ALTITUD_MS": 970, "AREA_DRENA": 0.0, "NOM_ACUIF": "Rio Maipo", "SHAC": "Lo Barnechea", "UBICACIÓN": null, "OBSERVACIO": null, "LUGAR": "ZONA RURAL", "INSTITUCIO": "DIRECCION GENERAL DE AGUAS", "TIPO_ESTAC": "*METEOROLOGICA\n", "TIPO_EST_1": "METEOROLOGICA\n", "TIPO_EST_2": null, "TIPO_EST_3": null, "TIPO_EST_4": null, "FUENTE_00": "*GPR\n", "FUENTE_01": "GPR\n", "FUENTE_02": null, "FUENTE_03": null, "FUENTE_04": null, "PARAMETROS": "*PRECIPITACION (mm) | minimo: 0, maximo: 100\n*TEMPERATURA MINIMA (ºc) | minimo: -40, maximo: 40\n", "INSTRUMENT": "*ESTACION AUTOMATICA M.R.I.\n*PLATAFORMA D.C.P.\n", "PROCESOS": null, "PERFIL_TOP": null, "LAGO_ASOCI": null, "POZO": null, "LATITUD": -33.338341104999998, "LONGITUD": -70.469175371000006, "ESTE_8418": 0, "NORTE_8418": 0, "ESTE_8419": 363276, "NORTE_8419": 6310240, "ESTE_8412": 0, "NORTE_8412": 0, "HUSO_REAL": 19 }, "geometry": { "type": "Point", "coordinates": [ -70.469175370999949, -33.338341104999984 ] } },
{ "type": "Feature", "properties": { "OBJECTID": 1034, "COD_BNA": "05720001-4", "NOM_ESTACI": "RIO MOLINA ANTES JUNTA SAN FRANCISCO", "FECHA_INST": "01/09/1974", "FECHA_LLEN": "17/12/2020", "FECHA_SUSP": null, "COD_REG": "13", "COD_PROV": "131", "COD_COM": "13115", "REGION": "Metropolitana de Santiago", "PROVINCIA": "Santiago", "COMUNA": "Lo Barnechea", "REGION_RES": "METROPOLITANA", "COD_CUEN": "057", "COD_SUBC": "0572", "COD_SSUBC": "05722", "NOM_CUEN": "Rio Maipo", "NOM_SUBC": "R.  Mapocho Alto", "NOM_SSUBC": "Rio Mapocho Entre Rio San Francisco y Bajo Junta Estero Arrayan", "ALTITUD_MS": 1158, "AREA_DRENA": 298.0, "NOM_ACUIF": "Cuencas Altas Maipo", "SHAC": "Rio Mapocho", "UBICACIÓN": "400 MTS. AGUAS ARRIBA DE LA CONFLUENCIA DE RIO MOLINA Y SN. FRANCISCO", "OBSERVACIO": "*Estación funcionando bien\n*Aforo para verificar curva.\n*Se inia registro estación provisoria\n", "LUGAR": "CAUCE NATURAL", "INSTITUCIO": "DIRECCION GENERAL DE AGUAS", "TIPO_ESTAC": "*FLUVIOMETRICA\n*METEOROLOGICA\n*CALIDAD DE AGUA\n", "TIPO_EST_1": "FLUVIOMETRICA", "TIPO_EST_2": "METEOROLOGICA\n", "TIPO_EST_3": "CALIDAD DE AGUA\n", "TIPO_EST_4": null, "FUENTE_00": "*SAT\n*DTL\n", "FUENTE_01": "SAT\n", "FUENTE_02": "DTL\n", "FUENTE_03": null, "FUENTE_04": null, "PARAMETROS": "*ALTURA (m) | minimo: -2, maximo: 15\n*CAUDAL (m3/s) | minimo: 0, maximo: 10000\n*AFORO (m3/s) | minimo: 0, maximo: 10000\n*CURVA DE DESCARGA (M-M3/S) | minimo: 0, maximo: 10000\n*PRECIPITACION (mm) | minimo: 0, maximo: 100\n*PARAMETROS FISICO-QUIMICO (VARIOS", "INSTRUMENT": "*LIMNIMETRO DE REGLA GRADUADA | SUSPENDIDO(01/07/1987)\n*MOLINETE TIPO 622 | SUSPENDIDO(01/07/1987)\n*ESTACION AUTOMATICA M.R.I.\n", "PROCESOS": "*PROCESO DE DATOS METEOROLÓGICOS | ALGUNAS FUENTES | SUSPENDIDO(17/05/2022)\n", "PERFIL_TOP": null, "LAGO_ASOCI": null, "POZO": null, "LATITUD": -33.37364959, "LONGITUD": -70.396492706000004, "ESTE_8418": 0, "NORTE_8418": 0, "ESTE_8419": 370093, "NORTE_8419": 6306418, "ESTE_8412": 0, "NORTE_8412": 0, "HUSO_REAL": 19 }, "geometry": { "type": "Point", "coordinates": [ -70.396492705999947, -33.373649589999957 ] } },
{ "type": "Feature", "properties": { "OBJECTID": 1035, "COD_BNA": "05734014-2", "NOM_ESTACI": "APR EJEMPLO CAMPESINO", "FECHA_INST": "07/10/2015", "FECHA_LLEN": "31/07/2017", "FECHA_SUSP": null, "COD_REG": "13", "COD_PROV": "133", "COD_COM": "13301", "REGION": "Metropolitana de Santiago", "PROVINCIA": "Chacabuco", "COMUNA": "Colina", "REGION_RES": "METROPOLITANA", "COD_CUEN": "057", "COD_SUBC": "0573", "COD_SSUBC": "05734", "NOM_CUEN": "Rio Maipo", "NOM_SUBC": "Mapocho Bajo", "NOM_SSUBC": "Estero Lampa Entre Estero Tiltil y Estero Colina", "ALTITUD_MS": 0, "AREA_DRENA": 0.0, "NOM_ACUIF": "Rio Maipo", "SHAC": "Lampa", "UBICACIÓN": null, "OBSERVACIO": null, "LUGAR": "POZO", "INSTITUCIO": null, "TIPO_ESTAC": "*CALIDAD DE AGUA\n", "TIPO_EST_1": "CALIDAD DE AGUA\n", "TIPO_EST_2": null, "TIPO_EST_3": null, "TIPO_EST_4": null, "FUENTE_00": null, "FUENTE_01": null, "FUENTE_02": null, "FUENTE_03": null, "FUENTE_04": null, "PARAMETROS": "*PARAMETROS FISICO-QUIMICO (VARIOS) | minimo: 0, maximo: 0\n", "INSTRUMENT": "*INSTRUMENTOS VARIOS DE LABORATORIO\n", "PROCESOS": null, "PERFIL_TOP": null, "LAGO_ASOCI": null, "POZO": null, "LATITUD": -33.214677917000003, "LONGITUD": -70.762039051000002, "ESTE_8418": 0, "NORTE_8418": 0, "ESTE_8419": 335787, "NORTE_8419": 6323530, "ESTE_8412": 0, "NORTE_8412": 0, "HUSO_REAL": 19 }, "geometry": { "type": "Point", "coordinates": [ -70.762039050999988, -33.21467791699996 ] } },
{ "type": "Feature", "properties": { "OBJECTID": 1036, "COD_BNA": "05734003-7", "NOM_ESTACI": "FUNDO LA CADELLADA", "FECHA_INST": "01/08/1974", "FECHA_LLEN": null, "FECHA_SUSP": null, "COD_REG": "13", "COD_PROV": "133", "COD_COM": "13302", "REGION": "Metropolitana de Santiago", "PROVINCIA": "Chacabuco", "COMUNA": "Lampa", "REGION_RES": "METROPOLITANA", "COD_CUEN": "057", "COD_SUBC": "0573", "COD_SSUBC": "05734", "NOM_CUEN": "Rio Maipo", "NOM_SUBC": "Mapocho Bajo", "NOM_SSUBC": "Estero Lampa Entre Estero Tiltil y Estero Colina", "ALTITUD_MS": 487, "AREA_DRENA": 0.0, "NOM_ACUIF": "Rio Maipo", "SHAC": "Lampa", "UBICACIÓN": null, "OBSERVACIO": null, "LUGAR": "POZO", "INSTITUCIO": "DIRECCION GENERAL DE AGUAS", "TIPO_ESTAC": "*CONTROL DE NIVEL\n", "TIPO_EST_1": "CONTROL DE NIVEL\n", "TIPO_EST_2": null, "TIPO_EST_3": null, "TIPO_EST_4": null, "FUENTE_00": null, "FUENTE_01": null, "FUENTE_02": null, "FUENTE_03": null, "FUENTE_04": null, "PARAMETROS": "*PROFUNDIDAD (POZO) (m) | minimo: 0, maximo: 0\n", "INSTRUMENT": "*POZOMETRO\n", "PROCESOS": null, "PERFIL_TOP": null, "LAGO_ASOCI": null, "POZO": null, "LATITUD": -33.207503431, "LONGITUD": -70.78389825, "ESTE_8418": 0, "NORTE_8418": 0, "ESTE_8419": 333736, "NORTE_8419": 6324291, "ESTE_8412": 0, "NORTE_8412": 0, "HUSO_REAL": 19 }, "geometry": { "type": "Point", "coordinates": [ -70.783898249999936, -33.207503430999964 ] } },
{ "type": "Feature", "properties": { "OBJECTID": 1037, "COD_BNA": "05734004-5", "NOM_ESTACI": "FUNDO SANTA ROSA DE LAMPA", "FECHA_INST": "01/09/1974", "FECHA_LLEN": null, "FECHA_SUSP": null, "COD_REG": "13", "COD_PROV": "133", "COD_COM": "13302", "REGION": "Metropolitana de Santiago", "PROVINCIA": "Chacabuco", "COMUNA": "Lampa", "REGION_RES": "METROPOLITANA", "COD_CUEN": "057", "COD_SUBC": "0573", "COD_SSUBC": "05734", "NOM_CUEN": "Rio Maipo", "NOM_SUBC": "Mapocho Bajo", "NOM_SSUBC": "Estero Lampa Entre Estero Tiltil y Estero Colina", "ALTITUD_MS": 502, "AREA_DRENA": 0.0, "NOM_ACUIF": "Rio Maipo", "SHAC": "Lampa", "UBICACIÓN": null, "OBSERVACIO": null, "LUGAR": "POZO", "INSTITUCIO": "DIRECCION GENERAL DE AGUAS", "TIPO_ESTAC": "*CONTROL DE NIVEL\n", "TIPO_EST_1": "CONTROL DE NIVEL\n", "TIPO_EST_2": null, "TIPO_EST_3": null, "TIPO_EST_4": null, "FUENTE_00": null, "FUENTE_01": null, "FUENTE_02": null, "FUENTE_03": null, "FUENTE_04": null, "PARAMETROS": "*PROFUNDIDAD (POZO) (m) | minimo: 0, maximo: 0\n", "INSTRUMENT": "*POZOMETRO\n", "PROCESOS": null, "PERFIL_TOP": null, "LAGO_ASOCI": null, "POZO": null, "LATITUD": -33.247294587, "LONGITUD": -70.773007700999997, "ESTE_8418": 0, "NORTE_8418": 0, "ESTE_8419": 334826, "NORTE_8419": 6319896, "ESTE_8412": 0, "NORTE_8412": 0, "HUSO_REAL": 19 }, "geometry": { "type": "Point", "coordinates": [ -70.773007700999983, -33.247294586999942 ] } },
{ "type": "Feature", "properties": { "OBJECTID": 1038, "COD_BNA": "05734005-3", "NOM_ESTACI": "ENTEL BATUCO", "FECHA_INST": "01/08/1974", "FECHA_LLEN": null, "FECHA_SUSP": null, "COD_REG": "13", "COD_PROV": "133", "COD_COM": "13302", "REGION": "Metropolitana de Santiago", "PROVINCIA": "Chacabuco", "COMUNA": "Lampa", "REGION_RES": "METROPOLITANA", "COD_CUEN": "057", "COD_SUBC": "0573", "COD_SSUBC": "05734", "NOM_CUEN": "Rio Maipo", "NOM_SUBC": "Mapocho Bajo", "NOM_SSUBC": "Estero Lampa Entre Estero Tiltil y Estero Colina", "ALTITUD_MS": 491, "AREA_DRENA": 0.0, "NOM_ACUIF": "Rio Maipo", "SHAC": "Lampa", "UBICACIÓN": null, "OBSERVACIO": "*Se instaló sensor PT2X, serie Nº : 0021047027 de 20 m de cable.\n", "LUGAR": "POZO", "INSTITUCIO": "DIRECCION GENERAL DE AGUAS", "TIPO_ESTAC": "*CONTROL DE NIVEL\n", "TIPO_EST_1": "CONTROL DE NIVEL\n", "TIPO_EST_2": null, "TIPO_EST_3": null, "TIPO_EST_4": null, "FUENTE_00": null, "FUENTE_01": null, "FUENTE_02": null, "FUENTE_03": null, "FUENTE_04": null, "PARAMETROS": "*PROFUNDIDAD (POZO) (m) | minimo: 0, maximo: 0\n", "INSTRUMENT": "*POZOMETRO\n", "PROCESOS": null, "PERFIL_TOP": null, "LAGO_ASOCI": null, "POZO": null, "LATITUD": -33.238765086999997, "LONGITUD": -70.806715507000007, "ESTE_8418": 0, "NORTE_8418": 0, "ESTE_8419": 331669, "NORTE_8419": 6320788, "ESTE_8412": 0, "NORTE_8412": 0, "HUSO_REAL": 19 }, "geometry": { "type": "Point", "coordinates": [ -70.806715506999979, -33.238765086999933 ] } },
{ "type": "Feature", "properties": { "OBJECTID": 1039, "COD_BNA": "05734006-1", "NOM_ESTACI": "FUNDO LA LAGUNA", "FECHA_INST": "01/09/1974", "FECHA_LLEN": null, "FECHA_SUSP": null, "COD_REG": "13", "COD_PROV": "133", "COD_COM": "13302", "REGION": "Metropolitana de Santiago", "PROVINCIA": "Chacabuco", "COMUNA": "Lampa", "REGION_RES": "METROPOLITANA", "COD_CUEN": "057", "COD_SUBC": "0573", "COD_SSUBC": "05734", "NOM_CUEN": "Rio Maipo", "NOM_SUBC": "Mapocho Bajo", "NOM_SSUBC": "Estero Lampa Entre Estero Tiltil y Estero Colina", "ALTITUD_MS": 478, "AREA_DRENA": 0.0, "NOM_ACUIF": "Rio Maipo", "SHAC": "Lampa", "UBICACIÓN": null, "OBSERVACIO": null, "LUGAR": "POZO", "INSTITUCIO": "DIRECCION GENERAL DE AGUAS", "TIPO_ESTAC": "*CONTROL DE NIVEL\n", "TIPO_EST_1": "CONTROL DE NIVEL\n", "TIPO_EST_2": null, "TIPO_EST_3": null, "TIPO_EST_4": null, "FUENTE_00": null, "FUENTE_01": null, "FUENTE_02": null, "FUENTE_03": null, "FUENTE_04": null, "PARAMETROS": "*PROFUNDIDAD (POZO) (m) | minimo: 0, maximo: 0\n", "INSTRUMENT": "*POZOMETRO\n", "PROCESOS": null, "PERFIL_TOP": null, "LAGO_ASOCI": null, "POZO": null, "LATITUD": -33.200132062000002, "LONGITUD": -70.841695662000006, "ESTE_8418": 0, "NORTE_8418": 0, "ESTE_8419": 328334, "NORTE_8419": 6325015, "ESTE_8412": 0, "NORTE_8412": 0, "HUSO_REAL": 19 }, "geometry": { "type": "Point", "coordinates": [ -70.84169566199995, -33.200132061999966 ] } },
{ "type": "Feature", "properties": { "OBJECTID": 1040, "COD_BNA": "05734007-K", "NOM_ESTACI": "ASENTAMIENTO LAGUNA", "FECHA_INST": "01/11/1956", "FECHA_LLEN": null, "FECHA_SUSP": null, "COD_REG": "13", "COD_PROV": "133", "COD_COM": "13302", "REGION": "Metropolitana de Santiago", "PROVINCIA": "Chacabuco", "COMUNA": "Lampa", "REGION_RES": "METROPOLITANA", "COD_CUEN": "057", "COD_SUBC": "0573", "COD_SSUBC": "05734", "NOM_CUEN": "Rio Maipo", "NOM_SUBC": "Mapocho Bajo", "NOM_SSUBC": "Estero Lampa Entre Estero Tiltil y Estero Colina", "ALTITUD_MS": 494, "AREA_DRENA": 0.0, "NOM_ACUIF": "Rio Maipo", "SHAC": "Lampa", "UBICACIÓN": null, "OBSERVACIO": null, "LUGAR": "POZO", "INSTITUCIO": "DIRECCION GENERAL DE AGUAS", "TIPO_ESTAC": "*CONTROL DE NIVEL\n", "TIPO_EST_1": "CONTROL DE NIVEL\n", "TIPO_EST_2": null, "TIPO_EST_3": null, "TIPO_EST_4": null, "FUENTE_00": null, "FUENTE_01": null, "FUENTE_02": null, "FUENTE_03": null, "FUENTE_04": null, "PARAMETROS": "*PROFUNDIDAD (POZO) (m) | minimo: 0, maximo: 0\n", "INSTRUMENT": "*POZOMETRO\n", "PROCESOS": null, "PERFIL_TOP": null, "LAGO_ASOCI": null, "POZO": null, "LATITUD": -33.212934392999998, "LONGITUD": -70.816172623, "ESTE_8418": 0, "NORTE_8418": 0, "ESTE_8419": 330738, "NORTE_8419": 6323637, "ESTE_8412": 0, "NORTE_8412": 0, "HUSO_REAL": 19 }, "geometry": { "type": "Point", "coordinates": [ -70.816172622999943, -33.212934392999955 ] } },
{ "type": "Feature", "properties": { "OBJECTID": 1041, "COD_BNA": "05734008-8", "NOM_ESTACI": "FDO. EL ALMENDRAL", "FECHA_INST": "01/09/1959", "FECHA_LLEN": null, "FECHA_SUSP": null, "COD_REG": "13", "COD_PROV": "133", "COD_COM": "13302", "REGION": "Metropolitana de Santiago", "PROVINCIA": "Chacabuco", "COMUNA": "Lampa", "REGION_RES": "METROPOLITANA", "COD_CUEN": "057", "COD_SUBC": "0573", "COD_SSUBC": "05734", "NOM_CUEN": "Rio Maipo", "NOM_SUBC": "Mapocho Bajo", "NOM_SSUBC": "Estero Lampa Entre Estero Tiltil y Estero Colina", "ALTITUD_MS": 486, "AREA_DRENA": 0.0, "NOM_ACUIF": "Rio Maipo", "SHAC": "Lampa", "UBICACIÓN": null, "OBSERVACIO": null, "LUGAR": "ZONA RURAL", "INSTITUCIO": "DIRECCION GENERAL DE AGUAS", "TIPO_ESTAC": "*CONTROL DE NIVEL\n", "TIPO_EST_1": "CONTROL DE NIVEL\n", "TIPO_EST_2": null, "TIPO_EST_3": null, "TIPO_EST_4": null, "FUENTE_00": null, "FUENTE_01": null, "FUENTE_02": null, "FUENTE_03": null, "FUENTE_04": null, "PARAMETROS": "*PROFUNDIDAD (POZO) (m) | minimo: 0, maximo: 0\n", "INSTRUMENT": null, "PROCESOS": null, "PERFIL_TOP": null, "LAGO_ASOCI": null, "POZO": null, "LATITUD": -33.25900554, "LONGITUD": -70.829899256999994, "ESTE_8418": 0, "NORTE_8418": 0, "ESTE_8419": 329548, "NORTE_8419": 6318506, "ESTE_8412": 0, "NORTE_8412": 0, "HUSO_REAL": 19 }, "geometry": { "type": "Point", "coordinates": [ -70.829899256999965, -33.259005539999976 ] } },
{ "type": "Feature", "properties": { "OBJECTID": 1042, "COD_BNA": "05734010-K", "NOM_ESTACI": "ASENTAMIENTO LO VARGAS", "FECHA_INST": "01/10/1958", "FECHA_LLEN": "16/04/2002", "FECHA_SUSP": null, "COD_REG": "13", "COD_PROV": "133", "COD_COM": "13302", "REGION": "Metropolitana de Santiago", "PROVINCIA": "Chacabuco", "COMUNA": "Lampa", "REGION_RES": "METROPOLITANA", "COD_CUEN": "057", "COD_SUBC": "0573", "COD_SSUBC": "05734", "NOM_CUEN": "Rio Maipo", "NOM_SUBC": "Mapocho Bajo", "NOM_SSUBC": "Estero Lampa Entre Estero Tiltil y Estero Colina", "ALTITUD_MS": 500, "AREA_DRENA": 0.0, "NOM_ACUIF": "Rio Maipo", "SHAC": "Lampa", "UBICACIÓN": null, "OBSERVACIO": null, "LUGAR": "POZO", "INSTITUCIO": "DIRECCION GENERAL DE AGUAS", "TIPO_ESTAC": "*CONTROL DE NIVEL\n", "TIPO_EST_1": "CONTROL DE NIVEL\n", "TIPO_EST_2": null, "TIPO_EST_3": null, "TIPO_EST_4": null, "FUENTE_00": null, "FUENTE_01": null, "FUENTE_02": null, "FUENTE_03": null, "FUENTE_04": null, "PARAMETROS": "*PROFUNDIDAD (POZO) (m) | minimo: 0, maximo: 0\n", "INSTRUMENT": "*POZOMETRO\n", "PROCESOS": null, "PERFIL_TOP": null, "LAGO_ASOCI": null, "POZO": null, "LATITUD": -33.273126243, "LONGITUD": -70.872396210999995, "ESTE_8418": 0, "NORTE_8418": 0, "ESTE_8419": 325617, "NORTE_8419": 6316870, "ESTE_8412": 0, "NORTE_8412": 0, "HUSO_REAL": 19 }, "geometry": { "type": "Point", "coordinates": [ -70.872396210999966, -33.273126242999979 ] } },
{ "type": "Feature", "properties": { "OBJECTID": 1043, "COD_BNA": "05734012-6", "NOM_ESTACI": "PARCELA 4 EL VALLE CHICAUMA", "FECHA_INST": "01/01/2007", "FECHA_LLEN": "12/01/2007", "FECHA_SUSP": null, "COD_REG": "13", "COD_PROV": "133", "COD_COM": "13302", "REGION": "Metropolitana de Santiago", "PROVINCIA": "Chacabuco", "COMUNA": "Lampa", "REGION_RES": "METROPOLITANA", "COD_CUEN": "057", "COD_SUBC": "0573", "COD_SSUBC": "05734", "NOM_CUEN": "Rio Maipo", "NOM_SUBC": "Mapocho Bajo", "NOM_SSUBC": "Estero Lampa Entre Estero Tiltil y Estero Colina", "ALTITUD_MS": 509, "AREA_DRENA": 0.0, "NOM_ACUIF": "Rio Maipo", "SHAC": "Lampa", "UBICACIÓN": null, "OBSERVACIO": null, "LUGAR": "POZO", "INSTITUCIO": "DIRECCION GENERAL DE AGUAS", "TIPO_ESTAC": "*CONTROL DE NIVEL\n", "TIPO_EST_1": "CONTROL DE NIVEL\n", "TIPO_EST_2": null, "TIPO_EST_3": null, "TIPO_EST_4": null, "FUENTE_00": null, "FUENTE_01": null, "FUENTE_02": null, "FUENTE_03": null, "FUENTE_04": null, "PARAMETROS": "*PROFUNDIDAD (POZO) (m) | minimo: 0, maximo: 0\n", "INSTRUMENT": "*POZOMETRO\n", "PROCESOS": null, "PERFIL_TOP": null, "LAGO_ASOCI": null, "POZO": null, "LATITUD": -33.239181944000002, "LONGITUD": -70.916218595999993, "ESTE_8418": 0, "NORTE_8418": 0, "ESTE_8419": 321466, "NORTE_8419": 6320560, "ESTE_8412": 0, "NORTE_8412": 0, "HUSO_REAL": 19 }, "geometry": { "type": "Point", "coordinates": [ -70.916218595999965, -33.239181943999938 ] } },
{ "type": "Feature", "properties": { "OBJECTID": 1044, "COD_BNA": "05734013-4", "NOM_ESTACI": "APR BATUCO-SANTA SARA", "FECHA_INST": "07/10/2015", "FECHA_LLEN": "31/07/2017", "FECHA_SUSP": null, "COD_REG": "13", "COD_PROV": "133", "COD_COM": "13302", "REGION": "Metropolitana de Santiago", "PROVINCIA": "Chacabuco", "COMUNA": "Lampa", "REGION_RES": "METROPOLITANA", "COD_CUEN": "057", "COD_SUBC": "0573", "COD_SSUBC": "05734", "NOM_CUEN": "Rio Maipo", "NOM_SUBC": "Mapocho Bajo", "NOM_SSUBC": "Estero Lampa Entre Estero Tiltil y Estero Colina", "ALTITUD_MS": 515, "AREA_DRENA": 0.0, "NOM_ACUIF": "Rio Maipo", "SHAC": "Lampa", "UBICACIÓN": null, "OBSERVACIO": null, "LUGAR": "POZO", "INSTITUCIO": "DIRECCION GENERAL DE AGUAS", "TIPO_ESTAC": "*CALIDAD DE AGUA\n", "TIPO_EST_1": "CALIDAD DE AGUA\n", "TIPO_EST_2": null, "TIPO_EST_3": null, "TIPO_EST_4": null, "FUENTE_00": null, "FUENTE_01": null, "FUENTE_02": null, "FUENTE_03": null, "FUENTE_04": null, "PARAMETROS": "*PARAMETROS FISICO-QUIMICO (VARIOS) | minimo: 0, maximo: 0\n", "INSTRUMENT": "*INSTRUMENTOS VARIOS DE LABORATORIO\n", "PROCESOS": null, "PERFIL_TOP": null, "LAGO_ASOCI": null, "POZO": null, "LATITUD": -33.223289422999997, "LONGITUD": -70.77036644, "ESTE_8418": 0, "NORTE_8418": 0, "ESTE_8419": 335027, "NORTE_8419": 6322562, "ESTE_8412": 0, "NORTE_8412": 0, "HUSO_REAL": 19 }, "geometry": { "type": "Point", "coordinates": [ -70.770366439999975, -33.223289422999983 ] } },
{ "type": "Feature", "properties": { "OBJECTID": 1045, "COD_BNA": "05734015-0", "NOM_ESTACI": "APR EL LUCERO", "FECHA_INST": "30/10/2015", "FECHA_LLEN": "31/07/2017", "FECHA_SUSP": null, "COD_REG": "13", "COD_PROV": "133", "COD_COM": "13302", "REGION": "Metropolitana de Santiago", "PROVINCIA": "Chacabuco", "COMUNA": "Lampa", "REGION_RES": "METROPOLITANA", "COD_CUEN": "057", "COD_SUBC": "0573", "COD_SSUBC": "05734", "NOM_CUEN": "Rio Maipo", "NOM_SUBC": "Mapocho Bajo", "NOM_SSUBC": "Estero Lampa Entre Estero Tiltil y Estero Colina", "ALTITUD_MS": 0, "AREA_DRENA": 0.0, "NOM_ACUIF": "Rio Maipo", "SHAC": "Lampa", "UBICACIÓN": null, "OBSERVACIO": null, "LUGAR": "POZO", "INSTITUCIO": "DIRECCION GENERAL DE AGUAS", "TIPO_ESTAC": "*CALIDAD DE AGUA\n", "TIPO_EST_1": "CALIDAD DE AGUA\n", "TIPO_EST_2": null, "TIPO_EST_3": null, "TIPO_EST_4": null, "FUENTE_00": null, "FUENTE_01": null, "FUENTE_02": null, "FUENTE_03": null, "FUENTE_04": null, "PARAMETROS": "*PARAMETROS FISICO-QUIMICO (VARIOS) | minimo: 0, maximo: 0\n", "INSTRUMENT": "*INSTRUMENTOS VARIOS DE LABORATORIO\n", "PROCESOS": null, "PERFIL_TOP": null, "LAGO_ASOCI": null, "POZO": null, "LATITUD": -33.254124751, "LONGITUD": -70.878999597000004, "ESTE_8418": 0, "NORTE_8418": 0, "ESTE_8419": 324964, "NORTE_8419": 6318966, "ESTE_8412": 0, "NORTE_8412": 0, "HUSO_REAL": 19 }, "geometry": { "type": "Point", "coordinates": [ -70.878999596999961, -33.254124750999949 ] } },
{ "type": "Feature", "properties": { "OBJECTID": 1046, "COD_BNA": "05734016-9", "NOM_ESTACI": "APR NUEVO PORVENIR", "FECHA_INST": "30/10/2015", "FECHA_LLEN": "31/07/2017", "FECHA_SUSP": null, "COD_REG": "13", "COD_PROV": "133", "COD_COM": "13302", "REGION": "Metropolitana de Santiago", "PROVINCIA": "Chacabuco", "COMUNA": "Lampa", "REGION_RES": "METROPOLITANA", "COD_CUEN": "057", "COD_SUBC": "0573", "COD_SSUBC": "05734", "NOM_CUEN": "Rio Maipo", "NOM_SUBC": "Mapocho Bajo", "NOM_SSUBC": "Estero Lampa Entre Estero Tiltil y Estero Colina", "ALTITUD_MS": 496, "AREA_DRENA": 0.0, "NOM_ACUIF": "Rio Maipo", "SHAC": "Lampa", "UBICACIÓN": null, "OBSERVACIO": null, "LUGAR": "POZO", "INSTITUCIO": "DIRECCION GENERAL DE AGUAS", "TIPO_ESTAC": "*CALIDAD DE AGUA\n", "TIPO_EST_1": "CALIDAD DE AGUA\n", "TIPO_EST_2": null, "TIPO_EST_3": null, "TIPO_EST_4": null, "FUENTE_00": null, "FUENTE_01": null, "FUENTE_02": null, "FUENTE_03": null, "FUENTE_04": null, "PARAMETROS": "*PARAMETROS FISICO-QUIMICO (VARIOS) | minimo: 0, maximo: 0\n", "INSTRUMENT": "*INSTRUMENTOS VARIOS DE LABORATORIO\n", "PROCESOS": null, "PERFIL_TOP": null, "LAGO_ASOCI": null, "POZO": null, "LATITUD": -33.272194208999998, "LONGITUD": -70.848510972, "ESTE_8418": 0, "NORTE_8418": 0, "ESTE_8419": 327840, "NORTE_8419": 6317013, "ESTE_8412": 0, "NORTE_8412": 0, "HUSO_REAL": 19 }, "geometry": { "type": "Point", "coordinates": [ -70.848510971999985, -33.272194208999963 ] } },
{ "type": "Feature", "properties": { "OBJECTID": 1047, "COD_BNA": "05734017-7", "NOM_ESTACI": "LAGUNA NORTE BATUCO", "FECHA_INST": "11/12/2020", "FECHA_LLEN": "11/12/2020", "FECHA_SUSP": null, "COD_REG": "13", "COD_PROV": "133", "COD_COM": "13302", "REGION": "Metropolitana de Santiago", "PROVINCIA": "Chacabuco", "COMUNA": "Lampa", "REGION_RES": "METROPOLITANA", "COD_CUEN": "057", "COD_SUBC": "0573", "COD_SSUBC": "05734", "NOM_CUEN": "Rio Maipo", "NOM_SUBC": "Mapocho Bajo", "NOM_SSUBC": "Estero Lampa Entre Estero Tiltil y Estero Colina", "ALTITUD_MS": 0, "AREA_DRENA": 0.0, "NOM_ACUIF": "Rio Maipo", "SHAC": "Lampa", "UBICACIÓN": null, "OBSERVACIO": null, "LUGAR": "LAGO O EMBALSE", "INSTITUCIO": "DIRECCION GENERAL DE AGUAS", "TIPO_ESTAC": "*CALIDAD DE AGUA\n", "TIPO_EST_1": "CALIDAD DE AGUA\n", "TIPO_EST_2": null, "TIPO_EST_3": null, "TIPO_EST_4": null, "FUENTE_00": null, "FUENTE_01": null, "FUENTE_02": null, "FUENTE_03": null, "FUENTE_04": null, "PARAMETROS": "*PARAMETROS FISICO-QUIMICO (VARIOS) | minimo: 0, maximo: 0\n", "INSTRUMENT": "*INSTRUMENTOS VARIOS DE LABORATORIO\n", "PROCESOS": null, "PERFIL_TOP": null, "LAGO_ASOCI": null, "POZO": null, "LATITUD": -33.197430887000003, "LONGITUD": -70.832242632000003, "ESTE_8418": 0, "NORTE_8418": 0, "ESTE_8419": 329210, "NORTE_8419": 6325330, "ESTE_8412": 0, "NORTE_8412": 0, "HUSO_REAL": 19 }, "geometry": { "type": "Point", "coordinates": [ -70.832242631999975, -33.197430886999939 ] } },
{ "type": "Feature", "properties": { "OBJECTID": 1089, "COD_BNA": "05742002-2", "NOM_ESTACI": "ESTERO PUANGUE ANTES PTE CURACAVI NUEVA", "FECHA_INST": "01/02/2018", "FECHA_LLEN": "06/07/2018", "FECHA_SUSP": null, "COD_REG": "13", "COD_PROV": "135", "COD_COM": "13503", "REGION": "Metropolitana de Santiago", "PROVINCIA": "Melipilla", "COMUNA": "Curacaví", "REGION_RES": "METROPOLITANA", "COD_CUEN": "057", "COD_SUBC": "0574", "COD_SSUBC": "05742", "NOM_CUEN": "Rio Maipo", "NOM_SUBC": "Rio Maipo Bajo (Entre Rio Mapocho y Desembocadura)", "NOM_SSUBC": "Estero Puangue Entre Antes Estero Caren y Antes Estero Zapata", "ALTITUD_MS": 575, "AREA_DRENA": 0.0, "NOM_ACUIF": "Rio Maipo", "SHAC": "Puangue Alto", "UBICACIÓN": "Se modifica estación PU-1 de la NSCA del Maipo por encontrarse fuera del área de vigilancia", "OBSERVACIO": null, "LUGAR": "CAUCE NATURAL", "INSTITUCIO": "DIRECCION GENERAL DE AGUAS", "TIPO_ESTAC": "*CALIDAD DE AGUA\n", "TIPO_EST_1": "CALIDAD DE AGUA\n", "TIPO_EST_2": null, "TIPO_EST_3": null, "TIPO_EST_4": null, "FUENTE_00": null, "FUENTE_01": null, "FUENTE_02": null, "FUENTE_03": null, "FUENTE_04": null, "PARAMETROS": "*PARAMETROS FISICO-QUIMICO (VARIOS) | minimo: 0, maximo: 0\n", "INSTRUMENT": "*INSTRUMENTOS VARIOS DE LABORATORIO\n", "PROCESOS": null, "PERFIL_TOP": null, "LAGO_ASOCI": null, "POZO": null, "LATITUD": -33.392741154, "LONGITUD": -71.15511533, "ESTE_8418": 0, "NORTE_8418": 0, "ESTE_8419": 299556, "NORTE_8419": 6303097, "ESTE_8412": 0, "NORTE_8412": 0, "HUSO_REAL": 19 }, "geometry": { "type": "Point", "coordinates": [ -71.155115329999944, -33.392741153999964 ] } },
{ "type": "Feature", "properties": { "OBJECTID": 1090, "COD_BNA": "05742003-0", "NOM_ESTACI": "POZO JULIO RIESCO", "FECHA_INST": "14/11/2023", "FECHA_LLEN": "14/11/2023", "FECHA_SUSP": null, "COD_REG": "13", "COD_PROV": "135", "COD_COM": "13503", "REGION": "Metropolitana de Santiago", "PROVINCIA": "Melipilla", "COMUNA": "Curacaví", "REGION_RES": "METROPOLITANA", "COD_CUEN": "057", "COD_SUBC": "0574", "COD_SSUBC": "05742", "NOM_CUEN": "Rio Maipo", "NOM_SUBC": "Rio Maipo Bajo (Entre Rio Mapocho y Desembocadura)", "NOM_SSUBC": "Estero Puangue Entre Antes Estero Caren y Antes Estero Zapata", "ALTITUD_MS": 200, "AREA_DRENA": 0.0, "NOM_ACUIF": "Rio Maipo", "SHAC": "Puangue Alto", "UBICACIÓN": null, "OBSERVACIO": null, "LUGAR": "POZO", "INSTITUCIO": "DIRECCION GENERAL DE AGUAS", "TIPO_ESTAC": "*CONTROL DE NIVEL\n", "TIPO_EST_1": "CONTROL DE NIVEL\n", "TIPO_EST_2": null, "TIPO_EST_3": null, "TIPO_EST_4": null, "FUENTE_00": "*GPR\n", "FUENTE_01": "GPR\n", "FUENTE_02": null, "FUENTE_03": null, "FUENTE_04": null, "PARAMETROS": "*PROFUNDIDAD (POZO) (m) | minimo: 0, maximo: 100\n*PROFUNDIDAD (POZO) (m) | minimo: 0, maximo: 100\n", "INSTRUMENT": null, "PROCESOS": null, "PERFIL_TOP": null, "LAGO_ASOCI": null, "POZO": null, "LATITUD": -33.403338433999998, "LONGITUD": -71.155000768999997, "ESTE_8418": 0, "NORTE_8418": 0, "ESTE_8419": 299591, "NORTE_8419": 6301922, "ESTE_8412": 0, "NORTE_8412": 0, "HUSO_REAL": 19 }, "geometry": { "type": "Point", "coordinates": [ -71.155000768999969, -33.403338433999977 ] } },
{ "type": "Feature", "properties": { "OBJECTID": 1091, "COD_BNA": "05723003-7", "NOM_ESTACI": "LAS GUALTATAS", "FECHA_INST": "11/12/2024", "FECHA_LLEN": "09/11/2024", "FECHA_SUSP": null, "COD_REG": "13", "COD_PROV": "131", "COD_COM": "13115", "REGION": "Metropolitana de Santiago", "PROVINCIA": "Santiago", "COMUNA": "Lo Barnechea", "REGION_RES": "METROPOLITANA", "COD_CUEN": "057", "COD_SUBC": "0572", "COD_SSUBC": "05723", "NOM_CUEN": "Rio Maipo", "NOM_SUBC": "R.  Mapocho Alto", "NOM_SSUBC": "Rio Mapocho entre Estero Arrayan y bajo unta Estero de Las Rosas", "ALTITUD_MS": 843, "AREA_DRENA": 0.0, "NOM_ACUIF": "Rio Maipo", "SHAC": "Las Gualtatas", "UBICACIÓN": "BNUP , vereda oriente de  calle El Puente, a 50 metros de av. José Alcalde Délano, Lo Barnechea", "OBSERVACIO": null, "LUGAR": "POZO", "INSTITUCIO": "DIRECCION GENERAL DE AGUAS", "TIPO_ESTAC": "*CONTROL DE NIVEL\n", "TIPO_EST_1": "CONTROL DE NIVEL\n", "TIPO_EST_2": null, "TIPO_EST_3": null, "TIPO_EST_4": null, "FUENTE_00": "*GPR\n*FOR\n", "FUENTE_01": "GPR\n", "FUENTE_02": "FOR\n", "FUENTE_03": null, "FUENTE_04": null, "PARAMETROS": "*PROFUNDIDAD (POZO) (m) | minimo: 0, maximo: 150\n*PROFUNDIDAD (POZO) (m) | minimo: 0, maximo: 150\n", "INSTRUMENT": "*Sensor de nivel aguas subterráneas\n*POZOMETRO\n", "PROCESOS": null, "PERFIL_TOP": null, "LAGO_ASOCI": null, "POZO": null, "LATITUD": -33.353059363, "LONGITUD": -70.525282258999994, "ESTE_8418": 0, "NORTE_8418": 0, "ESTE_8419": 358078, "NORTE_8419": 6308533, "ESTE_8412": 0, "NORTE_8412": 0, "HUSO_REAL": 19 }, "geometry": { "type": "Point", "coordinates": [ -70.525282258999937, -33.353059362999943 ] } },
{ "type": "Feature", "properties": { "OBJECTID": 1092, "COD_BNA": "05720006-5", "NOM_ESTACI": "POZO LA JUNTA", "FECHA_INST": "29/10/2025", "FECHA_LLEN": "28/10/2025", "FECHA_SUSP": null, "COD_REG": "13", "COD_PROV": "131", "COD_COM": "13115", "REGION": "Metropolitana de Santiago", "PROVINCIA": "Santiago", "COMUNA": "Lo Barnechea", "REGION_RES": "METROPOLITANA", "COD_CUEN": "057", "COD_SUBC": "0572", "COD_SSUBC": "05720", "NOM_CUEN": "Rio Maipo", "NOM_SUBC": "R.  Mapocho Alto", "NOM_SSUBC": "Rio Molina", "ALTITUD_MS": 1222, "AREA_DRENA": 0.0, "NOM_ACUIF": "Cuencas Altas Maipo", "SHAC": "Rio Molina - Estero Covarrubias", "UBICACIÓN": "SecLa Junta entre Est Covarrubias y RioMolina,Parque Antawaya,com Lo Barnechea: SHAC Est Covarrubias", "OBSERVACIO": null, "LUGAR": "ZONA RURAL", "INSTITUCIO": "DIRECCION GENERAL DE AGUAS", "TIPO_ESTAC": "*METEOROLOGICA\n*CONTROL DE NIVEL\n", "TIPO_EST_1": "METEOROLOGICA\n", "TIPO_EST_2": "CONTROL DE NIVEL\n", "TIPO_EST_3": null, "TIPO_EST_4": null, "FUENTE_00": "*SAT\n*FOR\n", "FUENTE_01": "SAT\n", "FUENTE_02": "FOR\n", "FUENTE_03": null, "FUENTE_04": null, "PARAMETROS": "*PRECIPITACION (mm) | minimo: 0, maximo: 100\n*PROFUNDIDAD (POZO) (m) | minimo: 0, maximo: 100\n*PROFUNDIDAD (POZO) (m) | minimo: 0, maximo: 100\n", "INSTRUMENT": "*Sensor de nivel aguas subterráneas\n*POZOMETRO\n*ESTACION AUTOMATICA M.R.I.\n*PLATAFORMA D.C.P.\n", "PROCESOS": "*PROCESO DE DATOS METEOROLÓGICOS | ALGUNAS FUENTES\n", "PERFIL_TOP": null, "LAGO_ASOCI": null, "POZO": null, "LATITUD": -33.388897147000002, "LONGITUD": -70.373342343000004, "ESTE_8418": 0, "NORTE_8418": 0, "ESTE_8419": 372269, "NORTE_8419": 6304756, "ESTE_8412": 0, "NORTE_8412": 0, "HUSO_REAL": 19 }, "geometry": { "type": "Point", "coordinates": [ -70.373342342999933, -33.388897146999966 ] } },
{ "type": "Feature", "properties": { "OBJECTID": 1093, "COD_BNA": "05736012-7", "NOM_ESTACI": "CHICUREO", "FECHA_INST": "11/12/2024", "FECHA_LLEN": "08/11/2024", "FECHA_SUSP": null, "COD_REG": "13", "COD_PROV": "133", "COD_COM": "13301", "REGION": "Metropolitana de Santiago", "PROVINCIA": "Chacabuco", "COMUNA": "Colina", "REGION_RES": "METROPOLITANA", "COD_CUEN": "057", "COD_SUBC": "0573", "COD_SSUBC": "05736", "NOM_CUEN": "Rio Maipo", "NOM_SUBC": "Mapocho Bajo", "NOM_SSUBC": "Estero Lampa Entre Estero Colina y Rio Mapocho", "ALTITUD_MS": 560, "AREA_DRENA": 0.0, "NOM_ACUIF": "Rio Maipo", "SHAC": "Chicureo", "UBICACIÓN": null, "OBSERVACIO": null, "LUGAR": "POZO", "INSTITUCIO": "DIRECCION GENERAL DE AGUAS", "TIPO_ESTAC": "*METEOROLOGICA\n*CONTROL DE NIVEL\n", "TIPO_EST_1": "METEOROLOGICA\n", "TIPO_EST_2": "CONTROL DE NIVEL\n", "TIPO_EST_3": null, "TIPO_EST_4": null, "FUENTE_00": "*GPR\n*GPR\n*FOR\n", "FUENTE_01": "GPR\n", "FUENTE_02": "FOR\n", "FUENTE_03": null, "FUENTE_04": null, "PARAMETROS": "*PRECIPITACION (mm) | minimo: 0, maximo: 100\n*PROFUNDIDAD (POZO) (m) | minimo: 0, maximo: 150\n*PROFUNDIDAD (POZO) (m) | minimo: 0, maximo: 150\n", "INSTRUMENT": "*Sensor de nivel aguas subterráneas\n*POZOMETRO\n*ESTACION AUTOMATICA M.R.I.\n", "PROCESOS": "*PROCESO DE DATOS METEOROLÓGICOS | ALGUNAS FUENTES\n", "PERFIL_TOP": null, "LAGO_ASOCI": null, "POZO": null, "LATITUD": -33.283612953000002, "LONGITUD": -70.651120899000006, "ESTE_8418": 0, "NORTE_8418": 0, "ESTE_8419": 346246, "NORTE_8419": 6316055, "ESTE_8412": 0, "NORTE_8412": 0, "HUSO_REAL": 19 }, "geometry": { "type": "Point", "coordinates": [ -70.651120898999977, -33.283612952999931 ] } },
{ "type": "Feature", "properties": { "OBJECTID": 1094, "COD_BNA": "05736010-0", "NOM_ESTACI": "APR LAS CANTERAS", "FECHA_INST": "06/10/2015", "FECHA_LLEN": "31/07/2017", "FECHA_SUSP": null, "COD_REG": "13", "COD_PROV": "133", "COD_COM": "13301", "REGION": "Metropolitana de Santiago", "PROVINCIA": "Chacabuco", "COMUNA": "Colina", "REGION_RES": "METROPOLITANA", "COD_CUEN": "057", "COD_SUBC": "0573", "COD_SSUBC": "05736", "NOM_CUEN": "Rio Maipo", "NOM_SUBC": "Mapocho Bajo", "NOM_SSUBC": "Estero Lampa Entre Estero Colina y Rio Mapocho", "ALTITUD_MS": 516, "AREA_DRENA": 0.0, "NOM_ACUIF": "Rio Maipo", "SHAC": "Colina Sur", "UBICACIÓN": null, "OBSERVACIO": null, "LUGAR": "POZO", "INSTITUCIO": "DIRECCION GENERAL DE AGUAS", "TIPO_ESTAC": "*CALIDAD DE AGUA\n", "TIPO_EST_1": "CALIDAD DE AGUA\n", "TIPO_EST_2": null, "TIPO_EST_3": null, "TIPO_EST_4": null, "FUENTE_00": null, "FUENTE_01": null, "FUENTE_02": null, "FUENTE_03": null, "FUENTE_04": null, "PARAMETROS": "*PARAMETROS FISICO-QUIMICO (VARIOS) | minimo: 0, maximo: 0\n", "INSTRUMENT": "*INSTRUMENTOS VARIOS DE LABORATORIO\n", "PROCESOS": null, "PERFIL_TOP": null, "LAGO_ASOCI": null, "POZO": null, "LATITUD": -33.291074844000001, "LONGITUD": -70.697039228999998, "ESTE_8418": 0, "NORTE_8418": 0, "ESTE_8419": 341983, "NORTE_8419": 6315159, "ESTE_8412": 0, "NORTE_8412": 0, "HUSO_REAL": 19 }, "geometry": { "type": "Point", "coordinates": [ -70.697039228999984, -33.291074843999979 ] } },
{ "type": "Feature", "properties": { "OBJECTID": 1095, "COD_BNA": "05735009-1", "NOM_ESTACI": "FUNDO LA MONTAÑA", "FECHA_INST": "01/08/1974", "FECHA_LLEN": null, "FECHA_SUSP": null, "COD_REG": "13", "COD_PROV": "133", "COD_COM": "13302", "REGION": "Metropolitana de Santiago", "PROVINCIA": "Chacabuco", "COMUNA": "Lampa", "REGION_RES": "METROPOLITANA", "COD_CUEN": "057", "COD_SUBC": "0573", "COD_SSUBC": "05736", "NOM_CUEN": "Rio Maipo", "NOM_SUBC": "Mapocho Bajo", "NOM_SSUBC": "Estero Lampa Entre Estero Colina y Rio Mapocho", "ALTITUD_MS": 506, "AREA_DRENA": 0.0, "NOM_ACUIF": "Rio Maipo", "SHAC": "Colina Sur", "UBICACIÓN": null, "OBSERVACIO": null, "LUGAR": "POZO", "INSTITUCIO": "DIRECCION GENERAL DE AGUAS", "TIPO_ESTAC": "*CONTROL DE NIVEL\n", "TIPO_EST_1": "CONTROL DE NIVEL\n", "TIPO_EST_2": null, "TIPO_EST_3": null, "TIPO_EST_4": null, "FUENTE_00": null, "FUENTE_01": null, "FUENTE_02": null, "FUENTE_03": null, "FUENTE_04": null, "PARAMETROS": "*PROFUNDIDAD (POZO) (m) | minimo: 0, maximo: 0\n", "INSTRUMENT": "*POZOMETRO\n", "PROCESOS": null, "PERFIL_TOP": null, "LAGO_ASOCI": null, "POZO": null, "LATITUD": -33.317098039000001, "LONGITUD": -70.724160913000006, "ESTE_8418": 0, "NORTE_8418": 0, "ESTE_8419": 339505, "NORTE_8419": 6312232, "ESTE_8412": 0, "NORTE_8412": 0, "HUSO_REAL": 19 }, "geometry": { "type": "Point", "coordinates": [ -70.724160912999935, -33.317098038999973 ] } },
{ "type": "Feature", "properties": { "OBJECTID": 1096, "COD_BNA": "05730048-5", "NOM_ESTACI": "POZO CASAS DE COLO COLO", "FECHA_INST": "01/01/2003", "FECHA_LLEN": "13/11/2003", "FECHA_SUSP": null, "COD_REG": "13", "COD_PROV": "131", "COD_COM": "13125", "REGION": "Metropolitana de Santiago", "PROVINCIA": "Santiago", "COMUNA": "Quilicura", "REGION_RES": "METROPOLITANA", "COD_CUEN": "057", "COD_SUBC": "0573", "COD_SSUBC": "05736", "NOM_CUEN": "Rio Maipo", "NOM_SUBC": "Mapocho Bajo", "NOM_SSUBC": "Estero Lampa Entre Estero Colina y Rio Mapocho", "ALTITUD_MS": 482, "AREA_DRENA": 0.0, "NOM_ACUIF": "Rio Maipo", "SHAC": "Colina Sur", "UBICACIÓN": null, "OBSERVACIO": null, "LUGAR": "POZO", "INSTITUCIO": "DIRECCION GENERAL DE AGUAS", "TIPO_ESTAC": "*CALIDAD DE AGUA\n*CONTROL DE NIVEL\n", "TIPO_EST_1": "CALIDAD DE AGUA\n", "TIPO_EST_2": "CONTROL DE NIVEL\n", "TIPO_EST_3": null, "TIPO_EST_4": null, "FUENTE_00": null, "FUENTE_01": null, "FUENTE_02": null, "FUENTE_03": null, "FUENTE_04": null, "PARAMETROS": "*PROFUNDIDAD (POZO) (m) | minimo: 0, maximo: 0\n*PARAMETROS FISICO-QUIMICO (VARIOS) | minimo: 0, maximo: 0\n", "INSTRUMENT": "*POZOMETRO\n*INSTRUMENTOS VARIOS DE LABORATORIO\n", "PROCESOS": null, "PERFIL_TOP": null, "LAGO_ASOCI": null, "POZO": null, "LATITUD": -33.362432886999997, "LONGITUD": -70.765216241999994, "ESTE_8418": 0, "NORTE_8418": 0, "ESTE_8419": 335768, "NORTE_8419": 6307141, "ESTE_8412": 0, "NORTE_8412": 0, "HUSO_REAL": 19 }, "geometry": { "type": "Point", "coordinates": [ -70.765216241999951, -33.362432886999954 ] } },
{ "type": "Feature", "properties": { "OBJECTID": 1097, "COD_BNA": "05736009-7", "NOM_ESTACI": "APR COLO COLO", "FECHA_INST": "03/11/2015", "FECHA_LLEN": "31/07/2017", "FECHA_SUSP": null, "COD_REG": "13", "COD_PROV": "131", "COD_COM": "13125", "REGION": "Metropolitana de Santiago", "PROVINCIA": "Santiago", "COMUNA": "Quilicura", "REGION_RES": "METROPOLITANA", "COD_CUEN": "057", "COD_SUBC": "0573", "COD_SSUBC": "05736", "NOM_CUEN": "Rio Maipo", "NOM_SUBC": "Mapocho Bajo", "NOM_SSUBC": "Estero Lampa Entre Estero Colina y Rio Mapocho", "ALTITUD_MS": 479, "AREA_DRENA": 0.0, "NOM_ACUIF": "Rio Maipo", "SHAC": "Colina Sur", "UBICACIÓN": null, "OBSERVACIO": null, "LUGAR": "POZO", "INSTITUCIO": null, "TIPO_ESTAC": "*CALIDAD DE AGUA\n", "TIPO_EST_1": "CALIDAD DE AGUA\n", "TIPO_EST_2": null, "TIPO_EST_3": null, "TIPO_EST_4": null, "FUENTE_00": null, "FUENTE_01": null, "FUENTE_02": null, "FUENTE_03": null, "FUENTE_04": null, "PARAMETROS": "*PARAMETROS FISICO-QUIMICO (VARIOS) | minimo: 0, maximo: 0\n", "INSTRUMENT": "*INSTRUMENTOS VARIOS DE LABORATORIO\n", "PROCESOS": null, "PERFIL_TOP": null, "LAGO_ASOCI": null, "POZO": null, "LATITUD": -33.360714582, "LONGITUD": -70.765557674999997, "ESTE_8418": 0, "NORTE_8418": 0, "ESTE_8419": 335733, "NORTE_8419": 6307331, "ESTE_8412": 0, "NORTE_8412": 0, "HUSO_REAL": 19 }, "geometry": { "type": "Point", "coordinates": [ -70.765557674999968, -33.360714581999957 ] } },
{ "type": "Feature", "properties": { "OBJECTID": 1098, "COD_BNA": "05736001-1", "NOM_ESTACI": "ESTERO LAMPA ANTES  RIO MAPOCHO (CA)", "FECHA_INST": "01/03/1972", "FECHA_LLEN": "01/10/2025", "FECHA_SUSP": null, "COD_REG": "13", "COD_PROV": "131", "COD_COM": "13124", "REGION": "Metropolitana de Santiago", "PROVINCIA": "Santiago", "COMUNA": "Pudahuel", "REGION_RES": "METROPOLITANA", "COD_CUEN": "057", "COD_SUBC": "0573", "COD_SSUBC": "05736", "NOM_CUEN": "Rio Maipo", "NOM_SUBC": "Mapocho Bajo", "NOM_SSUBC": "Estero Lampa Entre Estero Colina y Rio Mapocho", "ALTITUD_MS": 450, "AREA_DRENA": 2218.0, "NOM_ACUIF": "Rio Maipo", "SHAC": "Santiago Central", "UBICACIÓN": null, "OBSERVACIO": null, "LUGAR": "CAUCE NATURAL", "INSTITUCIO": "DIRECCION GENERAL DE AGUAS", "TIPO_ESTAC": "*CALIDAD DE AGUA\n", "TIPO_EST_1": "CALIDAD DE AGUA\n", "TIPO_EST_2": null, "TIPO_EST_3": null, "TIPO_EST_4": null, "FUENTE_00": null, "FUENTE_01": null, "FUENTE_02": null, "FUENTE_03": null, "FUENTE_04": null, "PARAMETROS": "*PARAMETROS FISICO-QUIMICO (VARIOS) | minimo: 0, maximo: 0\n", "INSTRUMENT": null, "PROCESOS": null, "PERFIL_TOP": null, "LAGO_ASOCI": null, "POZO": null, "LATITUD": -33.436604981000002, "LONGITUD": -70.828800850999997, "ESTE_8418": 0, "NORTE_8418": 0, "ESTE_8419": 329996, "NORTE_8419": 6298814, "ESTE_8412": 0, "NORTE_8412": 0, "HUSO_REAL": 19 }, "geometry": { "type": "Point", "coordinates": [ -70.828800850999983, -33.436604980999959 ] } },
{ "type": "Feature", "properties": { "OBJECTID": 1099, "COD_BNA": "05736002-K", "NOM_ESTACI": "AEROPUERTO PUDAHUEL", "FECHA_INST": "01/10/1974", "FECHA_LLEN": null, "FECHA_SUSP": null, "COD_REG": "13", "COD_PROV": "131", "COD_COM": "13124", "REGION": "Metropolitana de Santiago", "PROVINCIA": "Santiago", "COMUNA": "Pudahuel", "REGION_RES": "METROPOLITANA", "COD_CUEN": "057", "COD_SUBC": "0573", "COD_SSUBC": "05736", "NOM_CUEN": "Rio Maipo", "NOM_SUBC": "Mapocho Bajo", "NOM_SSUBC": "Estero Lampa Entre Estero Colina y Rio Mapocho", "ALTITUD_MS": 482, "AREA_DRENA": 0.0, "NOM_ACUIF": "Rio Maipo", "SHAC": "Santiago Central", "UBICACIÓN": null, "OBSERVACIO": "*Se instaló sensor PT2X, serie Nº 0021047025 de 20 m de cable.\n", "LUGAR": "POZO", "INSTITUCIO": "DIRECCION GENERAL DE AGUAS", "TIPO_ESTAC": "*CONTROL DE NIVEL\n", "TIPO_EST_1": "CONTROL DE NIVEL\n", "TIPO_EST_2": null, "TIPO_EST_3": null, "TIPO_EST_4": null, "FUENTE_00": null, "FUENTE_01": null, "FUENTE_02": null, "FUENTE_03": null, "FUENTE_04": null, "PARAMETROS": "*PROFUNDIDAD (POZO) (m) | minimo: 0, maximo: 0\n", "INSTRUMENT": "*POZOMETRO\n", "PROCESOS": null, "PERFIL_TOP": null, "LAGO_ASOCI": null, "POZO": null, "LATITUD": -33.393260890999997, "LONGITUD": -70.76873131000001, "ESTE_8418": 0, "NORTE_8418": 0, "ESTE_8419": 335499, "NORTE_8419": 6303717, "ESTE_8412": 0, "NORTE_8412": 0, "HUSO_REAL": 19 }, "geometry": { "type": "Point", "coordinates": [ -70.768731309999964, -33.393260890999954 ] } },
{ "type": "Feature", "properties": { "OBJECTID": 1100, "COD_BNA": "05736007-0", "NOM_ESTACI": "POZO CRUCERO PERALILLO", "FECHA_INST": "01/01/2000", "FECHA_LLEN": "21/07/2003", "FECHA_SUSP": null, "COD_REG": "13", "COD_PROV": "133", "COD_COM": "13302", "REGION": "Metropolitana de Santiago", "PROVINCIA": "Chacabuco", "COMUNA": "Lampa", "REGION_RES": "METROPOLITANA", "COD_CUEN": "057", "COD_SUBC": "0573", "COD_SSUBC": "05736", "NOM_CUEN": "Rio Maipo", "NOM_SUBC": "Mapocho Bajo", "NOM_SSUBC": "Estero Lampa Entre Estero Colina y Rio Mapocho", "ALTITUD_MS": 474, "AREA_DRENA": 0.0, "NOM_ACUIF": "Rio Maipo", "SHAC": "Santiago Norte", "UBICACIÓN": null, "OBSERVACIO": null, "LUGAR": "POZO", "INSTITUCIO": "DIRECCION GENERAL DE AGUAS", "TIPO_ESTAC": "*CALIDAD DE AGUA\n*CONTROL DE NIVEL\n", "TIPO_EST_1": "CALIDAD DE AGUA\n", "TIPO_EST_2": "CONTROL DE NIVEL\n", "TIPO_EST_3": null, "TIPO_EST_4": null, "FUENTE_00": null, "FUENTE_01": null, "FUENTE_02": null, "FUENTE_03": null, "FUENTE_04": null, "PARAMETROS": "*PROFUNDIDAD (POZO) (m) | minimo: 0, maximo: 0\n*PARAMETROS FISICO-QUIMICO (VARIOS) | minimo: 0, maximo: 0\n", "INSTRUMENT": "*POZOMETRO\n*INSTRUMENTOS VARIOS DE LABORATORIO\n", "PROCESOS": null, "PERFIL_TOP": null, "LAGO_ASOCI": null, "POZO": null, "LATITUD": -33.367582292999998, "LONGITUD": -70.848828261999998, "ESTE_8418": 0, "NORTE_8418": 0, "ESTE_8419": 327998, "NORTE_8419": 6306435, "ESTE_8412": 0, "NORTE_8412": 0, "HUSO_REAL": 19 }, "geometry": { "type": "Point", "coordinates": [ -70.848828261999984, -33.367582292999941 ] } },
{ "type": "Feature", "properties": { "OBJECTID": 1101, "COD_BNA": "05736003-8", "NOM_ESTACI": "PARCELA 62 NOVICIADO", "FECHA_INST": "01/08/1974", "FECHA_LLEN": null, "FECHA_SUSP": null, "COD_REG": "13", "COD_PROV": "131", "COD_COM": "13124", "REGION": "Metropolitana de Santiago", "PROVINCIA": "Santiago", "COMUNA": "Pudahuel", "REGION_RES": "METROPOLITANA", "COD_CUEN": "057", "COD_SUBC": "0573", "COD_SSUBC": "05736", "NOM_CUEN": "Rio Maipo", "NOM_SUBC": "Mapocho Bajo", "NOM_SSUBC": "Estero Lampa Entre Estero Colina y Rio Mapocho", "ALTITUD_MS": 474, "AREA_DRENA": 0.0, "NOM_ACUIF": "Rio Maipo", "SHAC": "Santiago Norte", "UBICACIÓN": null, "OBSERVACIO": null, "LUGAR": "POZO", "INSTITUCIO": "DIRECCION GENERAL DE AGUAS", "TIPO_ESTAC": "*CONTROL DE NIVEL\n", "TIPO_EST_1": "CONTROL DE NIVEL\n", "TIPO_EST_2": null, "TIPO_EST_3": null, "TIPO_EST_4": null, "FUENTE_00": null, "FUENTE_01": null, "FUENTE_02": null, "FUENTE_03": null, "FUENTE_04": null, "PARAMETROS": "*PROFUNDIDAD (POZO) (m) | minimo: 0, maximo: 0\n", "INSTRUMENT": "*POZOMETRO\n", "PROCESOS": null, "PERFIL_TOP": null, "LAGO_ASOCI": null, "POZO": null, "LATITUD": -33.398029104000003, "LONGITUD": -70.889381023, "ESTE_8418": 0, "NORTE_8418": 0, "ESTE_8419": 324286, "NORTE_8419": 6302991, "ESTE_8412": 0, "NORTE_8412": 0, "HUSO_REAL": 19 }, "geometry": { "type": "Point", "coordinates": [ -70.889381022999942, -33.398029103999932 ] } },
{ "type": "Feature", "properties": { "OBJECTID": 1102, "COD_BNA": "05736004-6", "NOM_ESTACI": "FUNDO EL PERAL", "FECHA_INST": "01/11/1974", "FECHA_LLEN": null, "FECHA_SUSP": null, "COD_REG": "13", "COD_PROV": "131", "COD_COM": "13124", "REGION": "Metropolitana de Santiago", "PROVINCIA": "Santiago", "COMUNA": "Pudahuel", "REGION_RES": "METROPOLITANA", "COD_CUEN": "057", "COD_SUBC": "0573", "COD_SSUBC": "05736", "NOM_CUEN": "Rio Maipo", "NOM_SUBC": "Mapocho Bajo", "NOM_SSUBC": "Estero Lampa Entre Estero Colina y Rio Mapocho", "ALTITUD_MS": 464, "AREA_DRENA": 0.0, "NOM_ACUIF": "Rio Maipo", "SHAC": "Santiago Norte", "UBICACIÓN": null, "OBSERVACIO": "*Se instaló sensor PT2X, serie Nº 0021047023 de 30 m de cable.\n", "LUGAR": "POZO", "INSTITUCIO": "DIRECCION GENERAL DE AGUAS", "TIPO_ESTAC": "*CONTROL DE NIVEL\n", "TIPO_EST_1": "CONTROL DE NIVEL\n", "TIPO_EST_2": null, "TIPO_EST_3": null, "TIPO_EST_4": null, "FUENTE_00": null, "FUENTE_01": null, "FUENTE_02": null, "FUENTE_03": null, "FUENTE_04": null, "PARAMETROS": "*PROFUNDIDAD (POZO) (m) | minimo: 0, maximo: 0\n", "INSTRUMENT": "*POZOMETRO\n", "PROCESOS": null, "PERFIL_TOP": null, "LAGO_ASOCI": null, "POZO": null, "LATITUD": -33.395810785000002, "LONGITUD": -70.81200203, "ESTE_8418": 0, "NORTE_8418": 0, "ESTE_8419": 331479, "NORTE_8419": 6303365, "ESTE_8412": 0, "NORTE_8412": 0, "HUSO_REAL": 19 }, "geometry": { "type": "Point", "coordinates": [ -70.812002029999974, -33.395810784999981 ] } },
{ "type": "Feature", "properties": { "OBJECTID": 1103, "COD_BNA": "05736011-9", "NOM_ESTACI": "APR NOVICIADO-PERALITO", "FECHA_INST": "03/11/2015", "FECHA_LLEN": "31/07/2017", "FECHA_SUSP": null, "COD_REG": "13", "COD_PROV": "131", "COD_COM": "13124", "REGION": "Metropolitana de Santiago", "PROVINCIA": "Santiago", "COMUNA": "Pudahuel", "REGION_RES": "METROPOLITANA", "COD_CUEN": "057", "COD_SUBC": "0573", "COD_SSUBC": "05736", "NOM_CUEN": "Rio Maipo", "NOM_SUBC": "Mapocho Bajo", "NOM_SSUBC": "Estero Lampa Entre Estero Colina y Rio Mapocho", "ALTITUD_MS": 481, "AREA_DRENA": 0.0, "NOM_ACUIF": "Rio Maipo", "SHAC": "Santiago Norte", "UBICACIÓN": null, "OBSERVACIO": null, "LUGAR": "POZO", "INSTITUCIO": "DIRECCION GENERAL DE AGUAS", "TIPO_ESTAC": "*CALIDAD DE AGUA\n", "TIPO_EST_1": "CALIDAD DE AGUA\n", "TIPO_EST_2": null, "TIPO_EST_3": null, "TIPO_EST_4": null, "FUENTE_00": null, "FUENTE_01": null, "FUENTE_02": null, "FUENTE_03": null, "FUENTE_04": null, "PARAMETROS": "*PARAMETROS FISICO-QUIMICO (VARIOS) | minimo: 0, maximo: 0\n", "INSTRUMENT": "*INSTRUMENTOS VARIOS DE LABORATORIO\n", "PROCESOS": null, "PERFIL_TOP": null, "LAGO_ASOCI": null, "POZO": null, "LATITUD": -33.397472723, "LONGITUD": -70.881488505999997, "ESTE_8418": 0, "NORTE_8418": 0, "ESTE_8419": 325019, "NORTE_8419": 6303066, "ESTE_8412": 0, "NORTE_8412": 0, "HUSO_REAL": 19 }, "geometry": { "type": "Point", "coordinates": [ -70.881488505999982, -33.397472722999964 ] } },
{ "type": "Feature", "properties": { "OBJECTID": 1104, "COD_BNA": "05743000-1", "NOM_ESTACI": "APR LAS ROSAS", "FECHA_INST": "22/10/2015", "FECHA_LLEN": "31/07/2017", "FECHA_SUSP": null, "COD_REG": "13", "COD_PROV": "135", "COD_COM": "13503", "REGION": "Metropolitana de Santiago", "PROVINCIA": "Melipilla", "COMUNA": "Curacaví", "REGION_RES": "METROPOLITANA", "COD_CUEN": "057", "COD_SUBC": "0574", "COD_SSUBC": "05743", "NOM_CUEN": "Rio Maipo", "NOM_SUBC": "Rio Maipo Bajo (Entre Rio Mapocho y Desembocadura)", "NOM_SSUBC": "Estero Puangue Entre Antes Estero Zapata y Estero Sin Nombre", "ALTITUD_MS": 196, "AREA_DRENA": 0.0, "NOM_ACUIF": "Rio Maipo", "SHAC": "Puangue Alto", "UBICACIÓN": null, "OBSERVACIO": null, "LUGAR": "POZO", "INSTITUCIO": "DIRECCION GENERAL DE AGUAS", "TIPO_ESTAC": "*CALIDAD DE AGUA\n", "TIPO_EST_1": "CALIDAD DE AGUA\n", "TIPO_EST_2": null, "TIPO_EST_3": null, "TIPO_EST_4": null, "FUENTE_00": null, "FUENTE_01": null, "FUENTE_02": null, "FUENTE_03": null, "FUENTE_04": null, "PARAMETROS": "*PARAMETROS FISICO-QUIMICO (VARIOS) | minimo: 0, maximo: 0\n", "INSTRUMENT": "*INSTRUMENTOS VARIOS DE LABORATORIO\n", "PROCESOS": null, "PERFIL_TOP": null, "LAGO_ASOCI": null, "POZO": null, "LATITUD": -33.408014489000003, "LONGITUD": -71.126495469000005, "ESTE_8418": 0, "NORTE_8418": 0, "ESTE_8419": 302253, "NORTE_8419": 6301458, "ESTE_8412": 0, "NORTE_8412": 0, "HUSO_REAL": 19 }, "geometry": { "type": "Point", "coordinates": [ -71.126495468999963, -33.408014488999981 ] } },
{ "type": "Feature", "properties": { "OBJECTID": 1105, "COD_BNA": "05743002-8", "NOM_ESTACI": "ESTADIO CUYUNCAVI", "FECHA_INST": "10/12/2024", "FECHA_LLEN": "03/12/2024", "FECHA_SUSP": null, "COD_REG": "13", "COD_PROV": "135", "COD_COM": "13503", "REGION": "Metropolitana de Santiago", "PROVINCIA": "Melipilla", "COMUNA": "Curacaví", "REGION_RES": "METROPOLITANA", "COD_CUEN": "057", "COD_SUBC": "0574", "COD_SSUBC": "05743", "NOM_CUEN": "Rio Maipo", "NOM_SUBC": "Rio Maipo Bajo (Entre Rio Mapocho y Desembocadura)", "NOM_SSUBC": "Estero Puangue Entre Antes Estero Zapata y Estero Sin Nombre", "ALTITUD_MS": 221, "AREA_DRENA": 0.0, "NOM_ACUIF": "Rio Maipo", "SHAC": "Puangue Alto", "UBICACIÓN": null, "OBSERVACIO": null, "LUGAR": "POZO", "INSTITUCIO": "DIRECCION GENERAL DE AGUAS", "TIPO_ESTAC": "*METEOROLOGICA\n*CONTROL DE NIVEL\n", "TIPO_EST_1": "METEOROLOGICA\n", "TIPO_EST_2": "CONTROL DE NIVEL\n", "TIPO_EST_3": null, "TIPO_EST_4": null, "FUENTE_00": "*GPR\n*FOR\n", "FUENTE_01": "GPR\n", "FUENTE_02": "FOR\n", "FUENTE_03": null, "FUENTE_04": null, "PARAMETROS": "*PRECIPITACION (mm) | minimo: 0, maximo: 100\n*PROFUNDIDAD (POZO) (m) | minimo: 0, maximo: 100\n*PROFUNDIDAD (POZO) (m) | minimo: 0, maximo: 100\n", "INSTRUMENT": "*Sensor de nivel aguas subterráneas\n*POZOMETRO\n*ESTACION AUTOMATICA M.R.I.\n", "PROCESOS": "*PROCESO DE DATOS METEOROLÓGICOS | ALGUNAS FUENTES\n", "PERFIL_TOP": null, "LAGO_ASOCI": null, "POZO": null, "LATITUD": -33.392227491, "LONGITUD": -71.12056393, "ESTE_8418": 0, "NORTE_8418": 0, "ESTE_8419": 302769, "NORTE_8419": 6303220, "ESTE_8412": 0, "NORTE_8412": 0, "HUSO_REAL": 19 }, "geometry": { "type": "Point", "coordinates": [ -71.120563929999946, -33.392227490999971 ] } },
{ "type": "Feature", "properties": { "OBJECTID": 1106, "COD_BNA": "05730060-4", "NOM_ESTACI": "RIO MAPOCHO DESP DE JUNTA CON ESTERO HUALTATAS", "FECHA_INST": "06/09/2017", "FECHA_LLEN": "25/09/2017", "FECHA_SUSP": null, "COD_REG": "13", "COD_PROV": "131", "COD_COM": "13132", "REGION": "Metropolitana de Santiago", "PROVINCIA": "Santiago", "COMUNA": "Vitacura", "REGION_RES": "METROPOLITANA", "COD_CUEN": "057", "COD_SUBC": "0573", "COD_SSUBC": "05730", "NOM_CUEN": "Rio Maipo", "NOM_SUBC": "Mapocho Bajo", "NOM_SSUBC": "Rio Mapocho Entre Estero de Las Rosas y Estero Lampa y Bajo Zanjon de la Aguada", "ALTITUD_MS": 792, "AREA_DRENA": 0.0, "NOM_ACUIF": "Rio Maipo", "SHAC": "Lo Barnechea", "UBICACIÓN": null, "OBSERVACIO": "*ESTACION CREADA PARA LA RED DE OBSERVACION DE LA NSCA DEL MAIPO\n", "LUGAR": "CAUCE NATURAL", "INSTITUCIO": "DIRECCION GENERAL DE AGUAS", "TIPO_ESTAC": "*CALIDAD DE AGUA\n", "TIPO_EST_1": "CALIDAD DE AGUA\n", "TIPO_EST_2": null, "TIPO_EST_3": null, "TIPO_EST_4": null, "FUENTE_00": null, "FUENTE_01": null, "FUENTE_02": null, "FUENTE_03": null, "FUENTE_04": null, "PARAMETROS": "*PARAMETROS FISICO-QUIMICO (VARIOS) | minimo: 0, maximo: 0\n", "INSTRUMENT": "*INSTRUMENTOS VARIOS DE LABORATORIO\n", "PROCESOS": null, "PERFIL_TOP": null, "LAGO_ASOCI": null, "POZO": null, "LATITUD": -33.370998061000002, "LONGITUD": -70.520812231999997, "ESTE_8418": 0, "NORTE_8418": 0, "ESTE_8419": 358523, "NORTE_8419": 6306550, "ESTE_8412": 0, "NORTE_8412": 0, "HUSO_REAL": 19 }, "geometry": { "type": "Point", "coordinates": [ -70.520812231999969, -33.370998060999966 ] } },
{ "type": "Feature", "properties": { "OBJECTID": 1107, "COD_BNA": "05730019-1", "NOM_ESTACI": "CURAMAVIDA 729", "FECHA_INST": "01/05/1971", "FECHA_LLEN": null, "FECHA_SUSP": null, "COD_REG": "13", "COD_PROV": "131", "COD_COM": "13114", "REGION": "Metropolitana de Santiago", "PROVINCIA": "Santiago", "COMUNA": "Las Condes", "REGION_RES": "METROPOLITANA", "COD_CUEN": "057", "COD_SUBC": "0573", "COD_SSUBC": "05730", "NOM_CUEN": "Rio Maipo", "NOM_SUBC": "Mapocho Bajo", "NOM_SSUBC": "Rio Mapocho Entre Estero de Las Rosas y Estero Lampa y Bajo Zanjon de la Aguada", "ALTITUD_MS": 791, "AREA_DRENA": 0.0, "NOM_ACUIF": "Rio Maipo", "SHAC": "Lo Barnechea", "UBICACIÓN": null, "OBSERVACIO": null, "LUGAR": "POZO", "INSTITUCIO": "DIRECCION GENERAL DE AGUAS", "TIPO_ESTAC": "*CONTROL DE NIVEL\n", "TIPO_EST_1": "CONTROL DE NIVEL\n", "TIPO_EST_2": null, "TIPO_EST_3": null, "TIPO_EST_4": null, "FUENTE_00": null, "FUENTE_01": null, "FUENTE_02": null, "FUENTE_03": null, "FUENTE_04": null, "PARAMETROS": "*PROFUNDIDAD (POZO) (m) | minimo: 0, maximo: 0\n", "INSTRUMENT": "*POZOMETRO\n", "PROCESOS": null, "PERFIL_TOP": null, "LAGO_ASOCI": null, "POZO": null, "LATITUD": -33.385437437999997, "LONGITUD": -70.525901278000006, "ESTE_8418": 0, "NORTE_8418": 0, "ESTE_8419": 358073, "NORTE_8419": 6304942, "ESTE_8412": 0, "NORTE_8412": 0, "HUSO_REAL": 19 }, "geometry": { "type": "Point", "coordinates": [ -70.525901277999935, -33.38543743799994 ] } },
{ "type": "Feature", "properties": { "OBJECTID": 1108, "COD_BNA": "05730020-5", "NOM_ESTACI": "ESTADIO SAN JORGE", "FECHA_INST": "01/10/1973", "FECHA_LLEN": null, "FECHA_SUSP": null, "COD_REG": "13", "COD_PROV": "131", "COD_COM": "13114", "REGION": "Metropolitana de Santiago", "PROVINCIA": "Santiago", "COMUNA": "Las Condes", "REGION_RES": "METROPOLITANA", "COD_CUEN": "057", "COD_SUBC": "0573", "COD_SSUBC": "05730", "NOM_CUEN": "Rio Maipo", "NOM_SUBC": "Mapocho Bajo", "NOM_SSUBC": "Rio Mapocho Entre Estero de Las Rosas y Estero Lampa y Bajo Zanjon de la Aguada", "ALTITUD_MS": 763, "AREA_DRENA": 0.0, "NOM_ACUIF": "Rio Maipo", "SHAC": "Lo Barnechea", "UBICACIÓN": null, "OBSERVACIO": "*Se instaló sensor PT2X, serie Nº 0021047029 de 80 m de cable.\n", "LUGAR": "POZO", "INSTITUCIO": "DIRECCION GENERAL DE AGUAS", "TIPO_ESTAC": "*CONTROL DE NIVEL\n", "TIPO_EST_1": "CONTROL DE NIVEL\n", "TIPO_EST_2": null, "TIPO_EST_3": null, "TIPO_EST_4": null, "FUENTE_00": null, "FUENTE_01": null, "FUENTE_02": null, "FUENTE_03": null, "FUENTE_04": null, "PARAMETROS": "*PROFUNDIDAD (POZO) (m) | minimo: 0, maximo: 0\n", "INSTRUMENT": "*POZOMETRO\n", "PROCESOS": null, "PERFIL_TOP": null, "LAGO_ASOCI": null, "POZO": null, "LATITUD": -33.390600886999998, "LONGITUD": -70.5357426, "ESTE_8418": 0, "NORTE_8418": 0, "ESTE_8419": 357166, "NORTE_8419": 6304356, "ESTE_8412": 0, "NORTE_8412": 0, "HUSO_REAL": 19 }, "geometry": { "type": "Point", "coordinates": [ -70.535742599999935, -33.390600886999948 ] } },
{ "type": "Feature", "properties": { "OBJECTID": 1109, "COD_BNA": "05730034-5", "NOM_ESTACI": "ESTADIO CORFO", "FECHA_INST": "01/02/1962", "FECHA_LLEN": null, "FECHA_SUSP": null, "COD_REG": "13", "COD_PROV": "131", "COD_COM": "13114", "REGION": "Metropolitana de Santiago", "PROVINCIA": "Santiago", "COMUNA": "Las Condes", "REGION_RES": "METROPOLITANA", "COD_CUEN": "057", "COD_SUBC": "0573", "COD_SSUBC": "05730", "NOM_CUEN": "Rio Maipo", "NOM_SUBC": "Mapocho Bajo", "NOM_SSUBC": "Rio Mapocho Entre Estero de Las Rosas y Estero Lampa y Bajo Zanjon de la Aguada", "ALTITUD_MS": 797, "AREA_DRENA": 0.0, "NOM_ACUIF": "Rio Maipo", "SHAC": "Lo Barnechea", "UBICACIÓN": null, "OBSERVACIO": null, "LUGAR": "POZO", "INSTITUCIO": "DIRECCION GENERAL DE AGUAS", "TIPO_ESTAC": "*CONTROL DE NIVEL\n", "TIPO_EST_1": "CONTROL DE NIVEL\n", "TIPO_EST_2": null, "TIPO_EST_3": null, "TIPO_EST_4": null, "FUENTE_00": null, "FUENTE_01": null, "FUENTE_02": null, "FUENTE_03": null, "FUENTE_04": null, "PARAMETROS": "*PROFUNDIDAD (POZO) (m) | minimo: 0, maximo: 0\n", "INSTRUMENT": "*POZOMETRO\n", "PROCESOS": null, "PERFIL_TOP": null, "LAGO_ASOCI": null, "POZO": null, "LATITUD": -33.375384932000003, "LONGITUD": -70.522705187, "ESTE_8418": 0, "NORTE_8418": 0, "ESTE_8419": 358354, "NORTE_8419": 6306061, "ESTE_8412": 0, "NORTE_8412": 0, "HUSO_REAL": 19 }, "geometry": { "type": "Point", "coordinates": [ -70.522705186999985, -33.375384931999974 ] } },
{ "type": "Feature", "properties": { "OBJECTID": 1110, "COD_BNA": "05730045-0", "NOM_ESTACI": "POZO INIA", "FECHA_INST": "01/01/2000", "FECHA_LLEN": "21/07/2003", "FECHA_SUSP": null, "COD_REG": "13", "COD_PROV": "131", "COD_COM": "13112", "REGION": "Metropolitana de Santiago", "PROVINCIA": "Santiago", "COMUNA": "La Pintana", "REGION_RES": "METROPOLITANA", "COD_CUEN": "057", "COD_SUBC": "0573", "COD_SSUBC": "05730", "NOM_CUEN": "Rio Maipo", "NOM_SUBC": "Mapocho Bajo", "NOM_SSUBC": "Rio Mapocho Entre Estero de Las Rosas y Estero Lampa y Bajo Zanjon de la Aguada", "ALTITUD_MS": 629, "AREA_DRENA": 0.0, "NOM_ACUIF": "Rio Maipo", "SHAC": "Pirque", "UBICACIÓN": null, "OBSERVACIO": null, "LUGAR": "POZO", "INSTITUCIO": "DIRECCION GENERAL DE AGUAS", "TIPO_ESTAC": "*CALIDAD DE AGUA\n*CONTROL DE NIVEL\n", "TIPO_EST_1": "CALIDAD DE AGUA\n", "TIPO_EST_2": "CONTROL DE NIVEL\n", "TIPO_EST_3": null, "TIPO_EST_4": null, "FUENTE_00": null, "FUENTE_01": null, "FUENTE_02": null, "FUENTE_03": null, "FUENTE_04": null, "PARAMETROS": "*PROFUNDIDAD (POZO) (m) | minimo: 0, maximo: 0\n*PARAMETROS FISICO-QUIMICO (VARIOS) | minimo: 0, maximo: 0\n", "INSTRUMENT": "*POZOMETRO\n*INSTRUMENTOS VARIOS DE LABORATORIO\n", "PROCESOS": null, "PERFIL_TOP": null, "LAGO_ASOCI": null, "POZO": null, "LATITUD": -33.571603853, "LONGITUD": -70.626505396, "ESTE_8418": 0, "NORTE_8418": 0, "ESTE_8419": 349038, "NORTE_8419": 6284157, "ESTE_8412": 0, "NORTE_8412": 0, "HUSO_REAL": 19 }, "geometry": { "type": "Point", "coordinates": [ -70.62650539599997, -33.571603852999942 ] } },
{ "type": "Feature", "properties": { "OBJECTID": 1111, "COD_BNA": "05730058-2", "NOM_ESTACI": "RIO MAPOCHO DESPUES DE JUNTA E.COLINA", "FECHA_INST": "20/10/2015", "FECHA_LLEN": "09/03/2017", "FECHA_SUSP": null, "COD_REG": "13", "COD_PROV": "131", "COD_COM": "13124", "REGION": "Metropolitana de Santiago", "PROVINCIA": "Santiago", "COMUNA": "Pudahuel", "REGION_RES": "METROPOLITANA", "COD_CUEN": "057", "COD_SUBC": "0573", "COD_SSUBC": "05730", "NOM_CUEN": "Rio Maipo", "NOM_SUBC": "Mapocho Bajo", "NOM_SSUBC": "Rio Mapocho Entre Estero de Las Rosas y Estero Lampa y Bajo Zanjon de la Aguada", "ALTITUD_MS": 463, "AREA_DRENA": 0.0, "NOM_ACUIF": "Rio Maipo", "SHAC": "Santiago Central", "UBICACIÓN": "Estación creada para la red de obs de la NSCA del Maipo", "OBSERVACIO": null, "LUGAR": "CAUCE NATURAL", "INSTITUCIO": "DIRECCION GENERAL DE AGUAS", "TIPO_ESTAC": "*CALIDAD DE AGUA\n", "TIPO_EST_1": "CALIDAD DE AGUA\n", "TIPO_EST_2": null, "TIPO_EST_3": null, "TIPO_EST_4": null, "FUENTE_00": null, "FUENTE_01": null, "FUENTE_02": null, "FUENTE_03": null, "FUENTE_04": null, "PARAMETROS": "*PARAMETROS FISICO-QUIMICO (VARIOS) | minimo: 0, maximo: 0\n", "INSTRUMENT": "*INSTRUMENTOS VARIOS DE LABORATORIO\n", "PROCESOS": null, "PERFIL_TOP": null, "LAGO_ASOCI": null, "POZO": null, "LATITUD": -33.447230949000001, "LONGITUD": -70.823709797999996, "ESTE_8418": 0, "NORTE_8418": 0, "ESTE_8419": 330490, "NORTE_8419": 6297644, "ESTE_8412": 0, "NORTE_8412": 0, "HUSO_REAL": 19 }, "geometry": { "type": "Point", "coordinates": [ -70.823709797999982, -33.447230948999959 ] } },
{ "type": "Feature", "properties": { "OBJECTID": 1112, "COD_BNA": "05730059-0", "NOM_ESTACI": "APR CASAS DE PUDAHUEL", "FECHA_INST": "04/11/2015", "FECHA_LLEN": "31/07/2017", "FECHA_SUSP": null, "COD_REG": "13", "COD_PROV": "131", "COD_COM": "13124", "REGION": "Metropolitana de Santiago", "PROVINCIA": "Santiago", "COMUNA": "Pudahuel", "REGION_RES": "METROPOLITANA", "COD_CUEN": "057", "COD_SUBC": "0573", "COD_SSUBC": "05730", "NOM_CUEN": "Rio Maipo", "NOM_SUBC": "Mapocho Bajo", "NOM_SSUBC": "Rio Mapocho Entre Estero de Las Rosas y Estero Lampa y Bajo Zanjon de la Aguada", "ALTITUD_MS": 468, "AREA_DRENA": 0.0, "NOM_ACUIF": "Rio Maipo", "SHAC": "Santiago Central", "UBICACIÓN": null, "OBSERVACIO": null, "LUGAR": "POZO", "INSTITUCIO": null, "TIPO_ESTAC": "*CALIDAD DE AGUA\n", "TIPO_EST_1": "CALIDAD DE AGUA\n", "TIPO_EST_2": null, "TIPO_EST_3": null, "TIPO_EST_4": null, "FUENTE_00": null, "FUENTE_01": null, "FUENTE_02": null, "FUENTE_03": null, "FUENTE_04": null, "PARAMETROS": "*PARAMETROS FISICO-QUIMICO (VARIOS) | minimo: 0, maximo: 0\n", "INSTRUMENT": "*INSTRUMENTOS VARIOS DE LABORATORIO\n", "PROCESOS": null, "PERFIL_TOP": null, "LAGO_ASOCI": null, "POZO": null, "LATITUD": -33.433311539000002, "LONGITUD": -70.822192369000007, "ESTE_8418": 0, "NORTE_8418": 0, "ESTE_8419": 330604, "NORTE_8419": 6299190, "ESTE_8412": 0, "NORTE_8412": 0, "HUSO_REAL": 19 }, "geometry": { "type": "Point", "coordinates": [ -70.822192368999936, -33.433311538999931 ] } },
{ "type": "Feature", "properties": { "OBJECTID": 1113, "COD_BNA": "05730038-8", "NOM_ESTACI": "AGUA POTABLE SANTA VICTORIA", "FECHA_INST": "01/06/1973", "FECHA_LLEN": "16/04/2002", "FECHA_SUSP": null, "COD_REG": "13", "COD_PROV": "131", "COD_COM": "13107", "REGION": "Metropolitana de Santiago", "PROVINCIA": "Santiago", "COMUNA": "Huechuraba", "REGION_RES": "METROPOLITANA", "COD_CUEN": "057", "COD_SUBC": "0573", "COD_SSUBC": "05730", "NOM_CUEN": "Rio Maipo", "NOM_SUBC": "Mapocho Bajo", "NOM_SSUBC": "Rio Mapocho Entre Estero de Las Rosas y Estero Lampa y Bajo Zanjon de la Aguada", "ALTITUD_MS": 514, "AREA_DRENA": 0.0, "NOM_ACUIF": "Rio Maipo", "SHAC": "Santiago Central", "UBICACIÓN": null, "OBSERVACIO": null, "LUGAR": "POZO", "INSTITUCIO": "DIRECCION GENERAL DE AGUAS", "TIPO_ESTAC": "*CONTROL DE NIVEL\n", "TIPO_EST_1": "CONTROL DE NIVEL\n", "TIPO_EST_2": null, "TIPO_EST_3": null, "TIPO_EST_4": null, "FUENTE_00": "*FOR\n", "FUENTE_01": "FOR\n", "FUENTE_02": null, "FUENTE_03": null, "FUENTE_04": null, "PARAMETROS": "*PROFUNDIDAD (POZO) (m) | minimo: 0, maximo: 100\n*PROFUNDIDAD (POZO) (m) | minimo: 0, maximo: 100\n", "INSTRUMENT": "*POZOMETRO\n", "PROCESOS": null, "PERFIL_TOP": null, "LAGO_ASOCI": null, "POZO": null, "LATITUD": -33.377412602, "LONGITUD": -70.647785866000007, "ESTE_8418": 0, "NORTE_8418": 0, "ESTE_8419": 346721, "NORTE_8419": 6305659, "ESTE_8412": 0, "NORTE_8412": 0, "HUSO_REAL": 19 }, "geometry": { "type": "Point", "coordinates": [ -70.647785865999936, -33.377412601999936 ] } },
{ "type": "Feature", "properties": { "OBJECTID": 1114, "COD_BNA": "05730008-6", "NOM_ESTACI": "QUEBRADA RAMON EN RECINTO EMOS", "FECHA_INST": "02/07/1996", "FECHA_LLEN": "17/12/2020", "FECHA_SUSP": null, "COD_REG": "13", "COD_PROV": "131", "COD_COM": "13114", "REGION": "Metropolitana de Santiago", "PROVINCIA": "Santiago", "COMUNA": "Las Condes", "REGION_RES": "METROPOLITANA", "COD_CUEN": "057", "COD_SUBC": "0573", "COD_SSUBC": "05730", "NOM_CUEN": "Rio Maipo", "NOM_SUBC": "Mapocho Bajo", "NOM_SSUBC": "Rio Mapocho Entre Estero de Las Rosas y Estero Lampa y Bajo Zanjon de la Aguada", "ALTITUD_MS": 845, "AREA_DRENA": 26.0, "NOM_ACUIF": "Rio Maipo", "SHAC": "Santiago Central", "UBICACIÓN": "80 M AGUAS ARRIBA ANTIGUAS COMPUERTAS, REINA ALTA (FINAL CALLE ONOFRE JARPA)", "OBSERVACIO": "*Faenas de EMOS en el cauce hasta el 13.07.95.\n*Faenas de EMOS en el cauce hasta el 21.06.95.\n", "LUGAR": "ZONA URBANA", "INSTITUCIO": "DIRECCION GENERAL DE AGUAS", "TIPO_ESTAC": "*FLUVIOMETRICA\n", "TIPO_EST_1": "FLUVIOMETRICA", "TIPO_EST_2": null, "TIPO_EST_3": null, "TIPO_EST_4": null, "FUENTE_00": "*SAT\n", "FUENTE_01": "SAT\n", "FUENTE_02": null, "FUENTE_03": null, "FUENTE_04": null, "PARAMETROS": "*ALTURA (m) | minimo: -2, maximo: 15\n*CAUDAL (m3/s) | minimo: 0, maximo: 10000\n*AFORO (m3/s) | minimo: 0, maximo: 10000\n*CURVA DE DESCARGA (M-M3/S) | minimo: 0, maximo: 10000\n*PRECIPITACION (mm) | minimo: 0, maximo: 100\n", "INSTRUMENT": "*MOLINETE TIPO 622 | SUSPENDIDO(28/01/2003)\n*ESTACION AUTOMATICA M.R.I.\n", "PROCESOS": "*PROCESO DE DATOS METEOROLÓGICOS | ALGUNAS FUENTES | SUSPENDIDO(17/05/2022)\n*PROCESO DE DATOS FLUVIOMÉTRICOS | ALGUNAS FUENTES\n", "PERFIL_TOP": null, "LAGO_ASOCI": null, "POZO": null, "LATITUD": -33.433187974, "LONGITUD": -70.514334708999996, "ESTE_8418": 0, "NORTE_8418": 0, "ESTE_8419": 359226, "NORTE_8419": 6299663, "ESTE_8412": 0, "NORTE_8412": 0, "HUSO_REAL": 19 }, "geometry": { "type": "Point", "coordinates": [ -70.514334708999968, -33.433187973999964 ] } },
{ "type": "Feature", "properties": { "OBJECTID": 1115, "COD_BNA": "05730012-4", "NOM_ESTACI": "CERRO CALAN", "FECHA_INST": "02/06/1975", "FECHA_LLEN": "18/12/2020", "FECHA_SUSP": null, "COD_REG": "13", "COD_PROV": "131", "COD_COM": "13114", "REGION": "Metropolitana de Santiago", "PROVINCIA": "Santiago", "COMUNA": "Las Condes", "REGION_RES": "METROPOLITANA", "COD_CUEN": "057", "COD_SUBC": "0573", "COD_SSUBC": "05730", "NOM_CUEN": "Rio Maipo", "NOM_SUBC": "Mapocho Bajo", "NOM_SSUBC": "Rio Mapocho Entre Estero de Las Rosas y Estero Lampa y Bajo Zanjon de la Aguada", "ALTITUD_MS": 848, "AREA_DRENA": 0.0, "NOM_ACUIF": "Rio Maipo", "SHAC": "Santiago Central", "UBICACIÓN": null, "OBSERVACIO": "*SE PINTA EL INSTRUMENTO\n*INSTRUEMENTO LEVEMENTE FUERA DE ORIENTACION HASTA AGOSTO 1986\n*INSTRUMENTO LEVEMENTE DESNIVELADO DURANTE MAYO Y JUNIO\n", "LUGAR": "ZONA URBANA", "INSTITUCIO": "DIRECCION GENERAL DE AGUAS", "TIPO_ESTAC": "*METEOROLOGICA\n", "TIPO_EST_1": "METEOROLOGICA\n", "TIPO_EST_2": null, "TIPO_EST_3": null, "TIPO_EST_4": null, "FUENTE_00": "*SAT\n*FOR\n*DTL\n", "FUENTE_01": "SAT\n", "FUENTE_02": "FOR\n", "FUENTE_03": "DTL\n", "FUENTE_04": null, "PARAMETROS": "*PRECIPITACION (mm) | minimo: 0, maximo: 80\n*TEMPERATURA HORARIA (ºc) | minimo: 1, maximo: 31\n*TEMPERATURA MINIMA (ºc) | minimo: 1, maximo: 31\n*TEMPERATURA MAXIMA (ºc) | minimo: 1, maximo: 31\n*TEMP. BULBO SECO (ºc) | minimo: 1, maximo: 31 | SUSPENDID", "INSTRUMENT": "*PLUVIOMETRO HELLMAN\n*PLUVIOGRAFO DE FLOTADOR\n*PLUVIOGRAFO DE BASCULA\n*TERMOMETRO DE MAXIMA Y MINIMA\n*EVAPORIMETRO DE ESTANQUE CON REC. DIARIO DE VIENTO\n*PSICROMETRO VENTILACION NATURAL\n*HIGROTERMOGRAFO\n*ANEMOMETRO Y VELETA\n*ANEMOMETRO TOTALIZADOR\n*HELIO", "PROCESOS": "*PROCESO DE DATOS METEOROLÓGICOS | ALGUNAS FUENTES | SUSPENDIDO(20/07/2022)\n", "PERFIL_TOP": null, "LAGO_ASOCI": null, "POZO": null, "LATITUD": -33.394980237, "LONGITUD": -70.536765766000002, "ESTE_8418": 0, "NORTE_8418": 0, "ESTE_8419": 357078, "NORTE_8419": 6303869, "ESTE_8412": 0, "NORTE_8412": 0, "HUSO_REAL": 19 }, "geometry": { "type": "Point", "coordinates": [ -70.536765765999974, -33.39498023699997 ] } },
{ "type": "Feature", "properties": { "OBJECTID": 1116, "COD_BNA": "05730061-2", "NOM_ESTACI": "QUEBRADA DE RAMON 1", "FECHA_INST": "28/11/2022", "FECHA_LLEN": "28/11/2022", "FECHA_SUSP": null, "COD_REG": "13", "COD_PROV": "131", "COD_COM": "13114", "REGION": "Metropolitana de Santiago", "PROVINCIA": "Santiago", "COMUNA": "Las Condes", "REGION_RES": "METROPOLITANA", "COD_CUEN": "057", "COD_SUBC": "0573", "COD_SSUBC": "05730", "NOM_CUEN": "Rio Maipo", "NOM_SUBC": "Mapocho Bajo", "NOM_SSUBC": "Rio Mapocho Entre Estero de Las Rosas y Estero Lampa y Bajo Zanjon de la Aguada", "ALTITUD_MS": 1110, "AREA_DRENA": 0.0, "NOM_ACUIF": "Rio Maipo", "SHAC": "Santiago Central", "UBICACIÓN": "A unos 2,13km desde el acceso del Parque Aguas de Ramon calle Alvaro Casanova hacia el Oriente", "OBSERVACIO": null, "LUGAR": "ZONA RURAL", "INSTITUCIO": "DIRECCION GENERAL DE AGUAS", "TIPO_ESTAC": "*METEOROLOGICA\n", "TIPO_EST_1": "METEOROLOGICA\n", "TIPO_EST_2": null, "TIPO_EST_3": null, "TIPO_EST_4": null, "FUENTE_00": "*SAT\n", "FUENTE_01": "SAT\n", "FUENTE_02": null, "FUENTE_03": null, "FUENTE_04": null, "PARAMETROS": "*PRECIPITACION (mm) | minimo: 0, maximo: 100\n*TEMPERATURA HORARIA (ºc) | minimo: -40, maximo: 40\n*TEMPERATURA HORARIA (ºc) | minimo: -40, maximo: 40\n*TEMPERATURA MAXIMA (ºc) | minimo: -40, maximo: 40\n*TEMPERATURA MAXIMA (ºc) | minimo: -40, maximo: 40", "INSTRUMENT": "*ESTACION AUTOMATICA M.R.I.\n*PLATAFORMA D.C.P.\n", "PROCESOS": null, "PERFIL_TOP": null, "LAGO_ASOCI": null, "POZO": null, "LATITUD": -33.438335514000002, "LONGITUD": -70.496675315000005, "ESTE_8418": 0, "NORTE_8418": 0, "ESTE_8419": 360876, "NORTE_8419": 6299116, "ESTE_8412": 0, "NORTE_8412": 0, "HUSO_REAL": 19 }, "geometry": { "type": "Point", "coordinates": [ -70.496675314999948, -33.438335513999959 ] } },
{ "type": "Feature", "properties": { "OBJECTID": 1117, "COD_BNA": "05730062-0", "NOM_ESTACI": "QUEBRADA DE RAMON 2", "FECHA_INST": "28/11/2022", "FECHA_LLEN": "28/11/2022", "FECHA_SUSP": null, "COD_REG": "13", "COD_PROV": "131", "COD_COM": "13114", "REGION": "Metropolitana de Santiago", "PROVINCIA": "Santiago", "COMUNA": "Las Condes", "REGION_RES": "METROPOLITANA", "COD_CUEN": "057", "COD_SUBC": "0573", "COD_SSUBC": "05730", "NOM_CUEN": "Rio Maipo", "NOM_SUBC": "Mapocho Bajo", "NOM_SSUBC": "Rio Mapocho Entre Estero de Las Rosas y Estero Lampa y Bajo Zanjon de la Aguada", "ALTITUD_MS": 973, "AREA_DRENA": 0.0, "NOM_ACUIF": "Rio Maipo", "SHAC": "Santiago Central", "UBICACIÓN": "A unos 1,34 km desde el acceso del Parque Aguas de Ramon en calle Alvaro Casanova,hacia el Oriente.", "OBSERVACIO": null, "LUGAR": "ZONA RURAL", "INSTITUCIO": "DIRECCION GENERAL DE AGUAS", "TIPO_ESTAC": "*METEOROLOGICA\n", "TIPO_EST_1": "METEOROLOGICA\n", "TIPO_EST_2": null, "TIPO_EST_3": null, "TIPO_EST_4": null, "FUENTE_00": "*GPR\n", "FUENTE_01": "GPR\n", "FUENTE_02": null, "FUENTE_03": null, "FUENTE_04": null, "PARAMETROS": "*PRECIPITACION (mm) | minimo: 0, maximo: 100\n*TEMPERATURA HORARIA (ºc) | minimo: -40, maximo: 40\n*TEMPERATURA HORARIA (ºc) | minimo: -40, maximo: 40\n*TEMPERATURA MAXIMA (ºc) | minimo: -40, maximo: 40\n*TEMPERATURA MAXIMA (ºc) | minimo: -40, maximo: 40", "INSTRUMENT": "*ESTACION AUTOMATICA M.R.I.\n*PLATAFORMA D.C.P.\n", "PROCESOS": null, "PERFIL_TOP": null, "LAGO_ASOCI": null, "POZO": null, "LATITUD": -33.435283307, "LONGITUD": -70.504453635000004, "ESTE_8418": 0, "NORTE_8418": 0, "ESTE_8419": 360148, "NORTE_8419": 6299444, "ESTE_8412": 0, "NORTE_8412": 0, "HUSO_REAL": 19 }, "geometry": { "type": "Point", "coordinates": [ -70.504453634999948, -33.435283306999963 ] } },
{ "type": "Feature", "properties": { "OBJECTID": 1118, "COD_BNA": "05730016-7", "NOM_ESTACI": "TERRAZA OFICINAS CENTRALES DGA", "FECHA_INST": "01/01/1960", "FECHA_LLEN": "17/12/2020", "FECHA_SUSP": null, "COD_REG": "13", "COD_PROV": "131", "COD_COM": "13101", "REGION": "Metropolitana de Santiago", "PROVINCIA": "Santiago", "COMUNA": "Santiago", "REGION_RES": "METROPOLITANA", "COD_CUEN": "057", "COD_SUBC": "0573", "COD_SSUBC": "05730", "NOM_CUEN": "Rio Maipo", "NOM_SUBC": "Mapocho Bajo", "NOM_SSUBC": "Rio Mapocho Entre Estero de Las Rosas y Estero Lampa y Bajo Zanjon de la Aguada", "ALTITUD_MS": 560, "AREA_DRENA": 0.0, "NOM_ACUIF": "Rio Maipo", "SHAC": "Santiago Central", "UBICACIÓN": "TERRAZA MINISTERIO OBRAS PUBLICAS,MORANDE 59", "OBSERVACIO": "*prueba\n", "LUGAR": "ZONA URBANA", "INSTITUCIO": "DIRECCION GENERAL DE AGUAS", "TIPO_ESTAC": "*METEOROLOGICA\n", "TIPO_EST_1": "METEOROLOGICA\n", "TIPO_EST_2": null, "TIPO_EST_3": null, "TIPO_EST_4": null, "FUENTE_00": "*GPR\n", "FUENTE_01": "GPR\n", "FUENTE_02": null, "FUENTE_03": null, "FUENTE_04": null, "PARAMETROS": "*PRECIPITACION (mm) | minimo: 0, maximo: 80\n*TEMPERATURA HORARIA (ºc) | minimo: -40, maximo: 40\n*TEMPERATURA MINIMA (ºc) | minimo: -40, maximo: 40\n*TEMPERATURA MAXIMA (ºc) | minimo: -40, maximo: 40\n", "INSTRUMENT": "*PLUVIOMETRO HELLMAN\n*PLATAFORMA D.C.P.\n*PLATAFORMA D.C.P. | SUSPENDIDO(31/12/2009)\n", "PROCESOS": "*PROCESO DE DATOS METEOROLÓGICOS | ALGUNAS FUENTES | SUSPENDIDO(15/09/2021)\n", "PERFIL_TOP": null, "LAGO_ASOCI": null, "POZO": null, "LATITUD": -33.448622698999998, "LONGITUD": -70.644268972000006, "ESTE_8418": 0, "NORTE_8418": 0, "ESTE_8419": 347173, "NORTE_8419": 6297768, "ESTE_8412": 0, "NORTE_8412": 0, "HUSO_REAL": 19 }, "geometry": { "type": "Point", "coordinates": [ -70.644268971999963, -33.448622698999941 ] } },
{ "type": "Feature", "properties": { "OBJECTID": 1119, "COD_BNA": "05730044-2", "NOM_ESTACI": "POZO PARQUE O\"HIGGINS", "FECHA_INST": "01/01/2000", "FECHA_LLEN": "22/07/2003", "FECHA_SUSP": null, "COD_REG": "13", "COD_PROV": "131", "COD_COM": "13101", "REGION": "Metropolitana de Santiago", "PROVINCIA": "Santiago", "COMUNA": "Santiago", "REGION_RES": "METROPOLITANA", "COD_CUEN": "057", "COD_SUBC": "0573", "COD_SSUBC": "05730", "NOM_CUEN": "Rio Maipo", "NOM_SUBC": "Mapocho Bajo", "NOM_SSUBC": "Rio Mapocho Entre Estero de Las Rosas y Estero Lampa y Bajo Zanjon de la Aguada", "ALTITUD_MS": 543, "AREA_DRENA": 0.0, "NOM_ACUIF": "Rio Maipo", "SHAC": "Santiago Central", "UBICACIÓN": null, "OBSERVACIO": null, "LUGAR": "POZO", "INSTITUCIO": "DIRECCION GENERAL DE AGUAS", "TIPO_ESTAC": "*CALIDAD DE AGUA\n", "TIPO_EST_1": "CALIDAD DE AGUA\n", "TIPO_EST_2": null, "TIPO_EST_3": null, "TIPO_EST_4": null, "FUENTE_00": null, "FUENTE_01": null, "FUENTE_02": null, "FUENTE_03": null, "FUENTE_04": null, "PARAMETROS": "*PROFUNDIDAD (POZO) (m) | minimo: 0, maximo: 100\n*PROFUNDIDAD (POZO) (m) | minimo: 0, maximo: 100\n*PARAMETROS FISICO-QUIMICO (VARIOS) | minimo: 0, maximo: 0\n", "INSTRUMENT": "*INSTRUMENTOS VARIOS DE LABORATORIO\n", "PROCESOS": null, "PERFIL_TOP": null, "LAGO_ASOCI": null, "POZO": null, "LATITUD": -33.465997285, "LONGITUD": -70.660769304, "ESTE_8418": 0, "NORTE_8418": 0, "ESTE_8419": 345670, "NORTE_8419": 6295817, "ESTE_8412": 0, "NORTE_8412": 0, "HUSO_REAL": 19 }, "geometry": { "type": "Point", "coordinates": [ -70.660769303999984, -33.465997284999958 ] } },
{ "type": "Feature", "properties": { "OBJECTID": 1120, "COD_BNA": "05730049-3", "NOM_ESTACI": "MOLINA 704", "FECHA_INST": "01/01/1960", "FECHA_LLEN": "31/03/2004", "FECHA_SUSP": null, "COD_REG": "13", "COD_PROV": "131", "COD_COM": "13101", "REGION": "Metropolitana de Santiago", "PROVINCIA": "Santiago", "COMUNA": "Santiago", "REGION_RES": "METROPOLITANA", "COD_CUEN": "057", "COD_SUBC": "0573", "COD_SSUBC": "05730", "NOM_CUEN": "Rio Maipo", "NOM_SUBC": "Mapocho Bajo", "NOM_SSUBC": "Rio Mapocho Entre Estero de Las Rosas y Estero Lampa y Bajo Zanjon de la Aguada", "ALTITUD_MS": 527, "AREA_DRENA": 0.0, "NOM_ACUIF": "Rio Maipo", "SHAC": "Santiago Central", "UBICACIÓN": "Interior del recinto al lado de Concha Acústica", "OBSERVACIO": null, "LUGAR": "POZO", "INSTITUCIO": "DIRECCION GENERAL DE AGUAS", "TIPO_ESTAC": "*CONTROL DE NIVEL\n", "TIPO_EST_1": "CONTROL DE NIVEL\n", "TIPO_EST_2": null, "TIPO_EST_3": null, "TIPO_EST_4": null, "FUENTE_00": "*FOR\n", "FUENTE_01": "FOR\n", "FUENTE_02": null, "FUENTE_03": null, "FUENTE_04": null, "PARAMETROS": "*PROFUNDIDAD (POZO) (m) | minimo: 0, maximo: 100\n*PROFUNDIDAD (POZO) (m) | minimo: 0, maximo: 100\n", "INSTRUMENT": "*POZOMETRO\n", "PROCESOS": null, "PERFIL_TOP": null, "LAGO_ASOCI": null, "POZO": null, "LATITUD": -33.458705648, "LONGITUD": -70.669861499000007, "ESTE_8418": 0, "NORTE_8418": 0, "ESTE_8419": 344812, "NORTE_8419": 6296612, "ESTE_8412": 0, "NORTE_8412": 0, "HUSO_REAL": 19 }, "geometry": { "type": "Point", "coordinates": [ -70.669861498999978, -33.458705647999977 ] } },
{ "type": "Feature", "properties": { "OBJECTID": 1121, "COD_BNA": "05730054-K", "NOM_ESTACI": "PORTUGAL 125", "FECHA_INST": "01/01/1960", "FECHA_LLEN": "19/03/2004", "FECHA_SUSP": null, "COD_REG": "13", "COD_PROV": "131", "COD_COM": "13101", "REGION": "Metropolitana de Santiago", "PROVINCIA": "Santiago", "COMUNA": "Santiago", "REGION_RES": "METROPOLITANA", "COD_CUEN": "057", "COD_SUBC": "0573", "COD_SSUBC": "05730", "NOM_CUEN": "Rio Maipo", "NOM_SUBC": "Mapocho Bajo", "NOM_SSUBC": "Rio Mapocho Entre Estero de Las Rosas y Estero Lampa y Bajo Zanjon de la Aguada", "ALTITUD_MS": 579, "AREA_DRENA": 0.0, "NOM_ACUIF": "Rio Maipo", "SHAC": "Santiago Central", "UBICACIÓN": "Portugal 328 - Jardín interior", "OBSERVACIO": null, "LUGAR": "ZONA URBANA", "INSTITUCIO": "DIRECCION GENERAL DE AGUAS", "TIPO_ESTAC": "*CONTROL DE NIVEL\n", "TIPO_EST_1": "CONTROL DE NIVEL\n", "TIPO_EST_2": null, "TIPO_EST_3": null, "TIPO_EST_4": null, "FUENTE_00": null, "FUENTE_01": null, "FUENTE_02": null, "FUENTE_03": null, "FUENTE_04": null, "PARAMETROS": "*PROFUNDIDAD (POZO) (m) | minimo: 0, maximo: 0\n", "INSTRUMENT": "*POZOMETRO\n", "PROCESOS": null, "PERFIL_TOP": null, "LAGO_ASOCI": null, "POZO": null, "LATITUD": -33.443851322999997, "LONGITUD": -70.637509417000004, "ESTE_8418": 0, "NORTE_8418": 0, "ESTE_8419": 347793, "NORTE_8419": 6298307, "ESTE_8412": 0, "NORTE_8412": 0, "HUSO_REAL": 19 }, "geometry": { "type": "Point", "coordinates": [ -70.637509416999933, -33.443851322999933 ] } },
{ "type": "Feature", "properties": { "OBJECTID": 1122, "COD_BNA": "05730028-0", "NOM_ESTACI": "5 DE ABRIL 4534 DINAMIC OIL", "FECHA_INST": "01/09/1963", "FECHA_LLEN": null, "FECHA_SUSP": null, "COD_REG": "13", "COD_PROV": "131", "COD_COM": "13106", "REGION": "Metropolitana de Santiago", "PROVINCIA": "Santiago", "COMUNA": "Estación Central", "REGION_RES": "METROPOLITANA", "COD_CUEN": "057", "COD_SUBC": "0573", "COD_SSUBC": "05730", "NOM_CUEN": "Rio Maipo", "NOM_SUBC": "Mapocho Bajo", "NOM_SSUBC": "Rio Mapocho Entre Estero de Las Rosas y Estero Lampa y Bajo Zanjon de la Aguada", "ALTITUD_MS": 478, "AREA_DRENA": 0.0, "NOM_ACUIF": "Rio Maipo", "SHAC": "Santiago Central", "UBICACIÓN": null, "OBSERVACIO": null, "LUGAR": "POZO", "INSTITUCIO": "DIRECCION GENERAL DE AGUAS", "TIPO_ESTAC": "*CONTROL DE NIVEL\n", "TIPO_EST_1": "CONTROL DE NIVEL\n", "TIPO_EST_2": null, "TIPO_EST_3": null, "TIPO_EST_4": null, "FUENTE_00": null, "FUENTE_01": null, "FUENTE_02": null, "FUENTE_03": null, "FUENTE_04": null, "PARAMETROS": "*PROFUNDIDAD (POZO) (m) | minimo: 0, maximo: 0\n", "INSTRUMENT": "*POZOMETRO\n", "PROCESOS": null, "PERFIL_TOP": null, "LAGO_ASOCI": null, "POZO": null, "LATITUD": -33.461643158999998, "LONGITUD": -70.696601091999995, "ESTE_8418": 0, "NORTE_8418": 0, "ESTE_8419": 342332, "NORTE_8419": 6296246, "ESTE_8412": 0, "NORTE_8412": 0, "HUSO_REAL": 19 }, "geometry": { "type": "Point", "coordinates": [ -70.69660109199998, -33.461643158999948 ] } },
{ "type": "Feature", "properties": { "OBJECTID": 1123, "COD_BNA": "05730036-1", "NOM_ESTACI": "LIQUIDADORA CARBONES", "FECHA_INST": "01/04/1950", "FECHA_LLEN": null, "FECHA_SUSP": null, "COD_REG": "13", "COD_PROV": "131", "COD_COM": "13106", "REGION": "Metropolitana de Santiago", "PROVINCIA": "Santiago", "COMUNA": "Estación Central", "REGION_RES": "METROPOLITANA", "COD_CUEN": "057", "COD_SUBC": "0573", "COD_SSUBC": "05730", "NOM_CUEN": "Rio Maipo", "NOM_SUBC": "Mapocho Bajo", "NOM_SSUBC": "Rio Mapocho Entre Estero de Las Rosas y Estero Lampa y Bajo Zanjon de la Aguada", "ALTITUD_MS": 502, "AREA_DRENA": 0.0, "NOM_ACUIF": "Rio Maipo", "SHAC": "Santiago Central", "UBICACIÓN": null, "OBSERVACIO": null, "LUGAR": "POZO", "INSTITUCIO": "DIRECCION GENERAL DE AGUAS", "TIPO_ESTAC": "*CONTROL DE NIVEL\n", "TIPO_EST_1": "CONTROL DE NIVEL\n", "TIPO_EST_2": null, "TIPO_EST_3": null, "TIPO_EST_4": null, "FUENTE_00": null, "FUENTE_01": null, "FUENTE_02": null, "FUENTE_03": null, "FUENTE_04": null, "PARAMETROS": "*PROFUNDIDAD (POZO) (m) | minimo: 0, maximo: 0\n", "INSTRUMENT": "*POZOMETRO\n", "PROCESOS": null, "PERFIL_TOP": null, "LAGO_ASOCI": null, "POZO": null, "LATITUD": -33.467634755, "LONGITUD": -70.700290206000005, "ESTE_8418": 0, "NORTE_8418": 0, "ESTE_8419": 342000, "NORTE_8419": 6295576, "ESTE_8412": 0, "NORTE_8412": 0, "HUSO_REAL": 19 }, "geometry": { "type": "Point", "coordinates": [ -70.700290205999977, -33.467634754999949 ] } },
{ "type": "Feature", "properties": { "OBJECTID": 1124, "COD_BNA": "05730027-2", "NOM_ESTACI": "HIJUELA EL OLIVO", "FECHA_INST": "01/01/1973", "FECHA_LLEN": null, "FECHA_SUSP": null, "COD_REG": "13", "COD_PROV": "131", "COD_COM": "13119", "REGION": "Metropolitana de Santiago", "PROVINCIA": "Santiago", "COMUNA": "Maipú", "REGION_RES": "METROPOLITANA", "COD_CUEN": "057", "COD_SUBC": "0573", "COD_SSUBC": "05730", "NOM_CUEN": "Rio Maipo", "NOM_SUBC": "Mapocho Bajo", "NOM_SSUBC": "Rio Mapocho Entre Estero de Las Rosas y Estero Lampa y Bajo Zanjon de la Aguada", "ALTITUD_MS": 477, "AREA_DRENA": 0.0, "NOM_ACUIF": "Rio Maipo", "SHAC": "Santiago Central", "UBICACIÓN": null, "OBSERVACIO": null, "LUGAR": "POZO", "INSTITUCIO": "DIRECCION GENERAL DE AGUAS", "TIPO_ESTAC": "*CONTROL DE NIVEL\n", "TIPO_EST_1": "CONTROL DE NIVEL\n", "TIPO_EST_2": null, "TIPO_EST_3": null, "TIPO_EST_4": null, "FUENTE_00": null, "FUENTE_01": null, "FUENTE_02": null, "FUENTE_03": null, "FUENTE_04": null, "PARAMETROS": "*PROFUNDIDAD (POZO) (m) | minimo: 0, maximo: 0\n", "INSTRUMENT": "*POZOMETRO\n", "PROCESOS": null, "PERFIL_TOP": null, "LAGO_ASOCI": null, "POZO": null, "LATITUD": -33.470911325000003, "LONGITUD": -70.767746677000005, "ESTE_8418": 0, "NORTE_8418": 0, "ESTE_8419": 335737, "NORTE_8419": 6295108, "ESTE_8412": 0, "NORTE_8412": 0, "HUSO_REAL": 19 }, "geometry": { "type": "Point", "coordinates": [ -70.767746676999934, -33.470911324999975 ] } },
{ "type": "Feature", "properties": { "OBJECTID": 1125, "COD_BNA": "05730046-9", "NOM_ESTACI": "POZO CHACRA EL OLIVO", "FECHA_INST": "01/01/2000", "FECHA_LLEN": "21/07/2003", "FECHA_SUSP": null, "COD_REG": "13", "COD_PROV": "131", "COD_COM": "13119", "REGION": "Metropolitana de Santiago", "PROVINCIA": "Santiago", "COMUNA": "Maipú", "REGION_RES": "METROPOLITANA", "COD_CUEN": "057", "COD_SUBC": "0573", "COD_SSUBC": "05730", "NOM_CUEN": "Rio Maipo", "NOM_SUBC": "Mapocho Bajo", "NOM_SSUBC": "Rio Mapocho Entre Estero de Las Rosas y Estero Lampa y Bajo Zanjon de la Aguada", "ALTITUD_MS": 0, "AREA_DRENA": 0.0, "NOM_ACUIF": "Rio Maipo", "SHAC": "Santiago Central", "UBICACIÓN": null, "OBSERVACIO": null, "LUGAR": "POZO", "INSTITUCIO": "DIRECCION GENERAL DE AGUAS", "TIPO_ESTAC": "*CALIDAD DE AGUA\n", "TIPO_EST_1": "CALIDAD DE AGUA\n", "TIPO_EST_2": null, "TIPO_EST_3": null, "TIPO_EST_4": null, "FUENTE_00": null, "FUENTE_01": null, "FUENTE_02": null, "FUENTE_03": null, "FUENTE_04": null, "PARAMETROS": "*PARAMETROS FISICO-QUIMICO (VARIOS) | minimo: 0, maximo: 0\n", "INSTRUMENT": "*INSTRUMENTOS VARIOS DE LABORATORIO\n", "PROCESOS": null, "PERFIL_TOP": null, "LAGO_ASOCI": null, "POZO": null, "LATITUD": -33.478016988999997, "LONGITUD": -70.771571353, "ESTE_8418": 0, "NORTE_8418": 0, "ESTE_8419": 335395, "NORTE_8419": 6294314, "ESTE_8412": 0, "NORTE_8412": 0, "HUSO_REAL": 19 }, "geometry": { "type": "Point", "coordinates": [ -70.771571352999956, -33.478016988999968 ] } },
{ "type": "Feature", "properties": { "OBJECTID": 1126, "COD_BNA": "05730053-1", "NOM_ESTACI": "CAMINO A MELIPILLA 10803", "FECHA_INST": "01/01/1960", "FECHA_LLEN": "31/03/2004", "FECHA_SUSP": null, "COD_REG": "13", "COD_PROV": "131", "COD_COM": "13119", "REGION": "Metropolitana de Santiago", "PROVINCIA": "Santiago", "COMUNA": "Maipú", "REGION_RES": "METROPOLITANA", "COD_CUEN": "057", "COD_SUBC": "0573", "COD_SSUBC": "05730", "NOM_CUEN": "Rio Maipo", "NOM_SUBC": "Mapocho Bajo", "NOM_SSUBC": "Rio Mapocho Entre Estero de Las Rosas y Estero Lampa y Bajo Zanjon de la Aguada", "ALTITUD_MS": 500, "AREA_DRENA": 0.0, "NOM_ACUIF": "Rio Maipo", "SHAC": "Santiago Central", "UBICACIÓN": "En prado a la entrada del recinto. Pozo principal", "OBSERVACIO": null, "LUGAR": "POZO", "INSTITUCIO": "DIRECCION GENERAL DE AGUAS", "TIPO_ESTAC": "*CONTROL DE NIVEL\n", "TIPO_EST_1": "CONTROL DE NIVEL\n", "TIPO_EST_2": null, "TIPO_EST_3": null, "TIPO_EST_4": null, "FUENTE_00": null, "FUENTE_01": null, "FUENTE_02": null, "FUENTE_03": null, "FUENTE_04": null, "PARAMETROS": "*PROFUNDIDAD (POZO) (m) | minimo: 0, maximo: 0\n", "INSTRUMENT": "*POZOMETRO\n", "PROCESOS": null, "PERFIL_TOP": null, "LAGO_ASOCI": null, "POZO": null, "LATITUD": -33.519579870999998, "LONGITUD": -70.743036942000003, "ESTE_8418": 0, "NORTE_8418": 0, "ESTE_8419": 338124, "NORTE_8419": 6289750, "ESTE_8412": 0, "NORTE_8412": 0, "HUSO_REAL": 19 }, "geometry": { "type": "Point", "coordinates": [ -70.743036941999947, -33.519579870999962 ] } },
{ "type": "Feature", "properties": { "OBJECTID": 1127, "COD_BNA": "05730063-9", "NOM_ESTACI": "POZO CERRILLOS", "FECHA_INST": "29/10/2025", "FECHA_LLEN": "28/10/2025", "FECHA_SUSP": null, "COD_REG": "13", "COD_PROV": "131", "COD_COM": "13102", "REGION": "Metropolitana de Santiago", "PROVINCIA": "Santiago", "COMUNA": "Cerrillos", "REGION_RES": "METROPOLITANA", "COD_CUEN": "057", "COD_SUBC": "0573", "COD_SSUBC": "05730", "NOM_CUEN": "Rio Maipo", "NOM_SUBC": "Mapocho Bajo", "NOM_SSUBC": "Rio Mapocho Entre Estero de Las Rosas y Estero Lampa y Bajo Zanjon de la Aguada", "ALTITUD_MS": 512, "AREA_DRENA": 0.0, "NOM_ACUIF": "Rio Maipo", "SHAC": "Santiago Central", "UBICACIÓN": "Se encuentra al interior del parque Don Oriones, entre estac y la multicancha. SHAC Stgo Central", "OBSERVACIO": null, "LUGAR": "ZONA URBANA", "INSTITUCIO": "DIRECCION GENERAL DE AGUAS", "TIPO_ESTAC": "*METEOROLOGICA\n*CONTROL DE NIVEL\n", "TIPO_EST_1": "METEOROLOGICA\n", "TIPO_EST_2": "CONTROL DE NIVEL\n", "TIPO_EST_3": null, "TIPO_EST_4": null, "FUENTE_00": "*GPR\n*FOR\n", "FUENTE_01": "GPR\n", "FUENTE_02": "FOR\n", "FUENTE_03": null, "FUENTE_04": null, "PARAMETROS": "*PRECIPITACION (mm) | minimo: 0, maximo: 100\n*PROFUNDIDAD (POZO) (m) | minimo: 0, maximo: 120\n*PROFUNDIDAD (POZO) (m) | minimo: 0, maximo: 120\n", "INSTRUMENT": "*Sensor de nivel aguas subterráneas\n*ESTACION AUTOMATICA M.R.I.\n*PLATAFORMA D.C.P.\n", "PROCESOS": "*PROCESO DE DATOS METEOROLÓGICOS | ALGUNAS FUENTES\n", "PERFIL_TOP": null, "LAGO_ASOCI": null, "POZO": null, "LATITUD": -33.50972415, "LONGITUD": -70.713891540999995, "ESTE_8418": 0, "NORTE_8418": 0, "ESTE_8419": 340813, "NORTE_8419": 6290888, "ESTE_8412": 0, "NORTE_8412": 0, "HUSO_REAL": 19 }, "geometry": { "type": "Point", "coordinates": [ -70.713891540999953, -33.509724149999954 ] } },
{ "type": "Feature", "properties": { "OBJECTID": 1128, "COD_BNA": "05730013-2", "NOM_ESTACI": "ANTUPIREN", "FECHA_INST": "01/08/1979", "FECHA_LLEN": "16/12/2020", "FECHA_SUSP": null, "COD_REG": "13", "COD_PROV": "131", "COD_COM": "13122", "REGION": "Metropolitana de Santiago", "PROVINCIA": "Santiago", "COMUNA": "Peñalolén", "REGION_RES": "METROPOLITANA", "COD_CUEN": "057", "COD_SUBC": "0573", "COD_SSUBC": "05730", "NOM_CUEN": "Rio Maipo", "NOM_SUBC": "Mapocho Bajo", "NOM_SSUBC": "Rio Mapocho Entre Estero de Las Rosas y Estero Lampa y Bajo Zanjon de la Aguada", "ALTITUD_MS": 904, "AREA_DRENA": 0.0, "NOM_ACUIF": "Rio Maipo", "SHAC": "Santiago Central", "UBICACIÓN": "ULTIMA CASA PARQUE ANTUPIREN,FINAL AV. LO HERMIDA", "OBSERVACIO": "*SE PINTO Y REINSTALO PLUVIOMETRO A UNOS 50 M. DEL LUGAR ORIGINAL.\n", "LUGAR": "ZONA RURAL", "INSTITUCIO": "DIRECCION GENERAL DE AGUAS", "TIPO_ESTAC": "*METEOROLOGICA\n", "TIPO_EST_1": "METEOROLOGICA\n", "TIPO_EST_2": null, "TIPO_EST_3": null, "TIPO_EST_4": null, "FUENTE_00": "*GPR\n", "FUENTE_01": "GPR\n", "FUENTE_02": null, "FUENTE_03": null, "FUENTE_04": null, "PARAMETROS": "*PRECIPITACION (mm) | minimo: 0, maximo: 80\n", "INSTRUMENT": "*PLUVIOMETRO HELLMAN\n", "PROCESOS": "*PROCESO DE DATOS METEOROLÓGICOS | TODAS LAS FUENTES\n", "PERFIL_TOP": null, "LAGO_ASOCI": null, "POZO": null, "LATITUD": -33.49675346, "LONGITUD": -70.516269542000003, "ESTE_8418": 0, "NORTE_8418": 0, "ESTE_8419": 359149, "NORTE_8419": 6292612, "ESTE_8412": 0, "NORTE_8412": 0, "HUSO_REAL": 19 }, "geometry": { "type": "Point", "coordinates": [ -70.516269541999975, -33.496753459999979 ] } },
{ "type": "Feature", "properties": { "OBJECTID": 1129, "COD_BNA": "05730043-4", "NOM_ESTACI": "POZO CEMENTERIO METROPOLITANO", "FECHA_INST": "01/01/2000", "FECHA_LLEN": "21/07/2003", "FECHA_SUSP": null, "COD_REG": "13", "COD_PROV": "131", "COD_COM": "13116", "REGION": "Metropolitana de Santiago", "PROVINCIA": "Santiago", "COMUNA": "Lo Espejo", "REGION_RES": "METROPOLITANA", "COD_CUEN": "057", "COD_SUBC": "0573", "COD_SSUBC": "05730", "NOM_CUEN": "Rio Maipo", "NOM_SUBC": "Mapocho Bajo", "NOM_SSUBC": "Rio Mapocho Entre Estero de Las Rosas y Estero Lampa y Bajo Zanjon de la Aguada", "ALTITUD_MS": 545, "AREA_DRENA": 0.0, "NOM_ACUIF": "Rio Maipo", "SHAC": "Santiago Central", "UBICACIÓN": null, "OBSERVACIO": null, "LUGAR": "POZO", "INSTITUCIO": "DIRECCION GENERAL DE AGUAS", "TIPO_ESTAC": "*CALIDAD DE AGUA\n", "TIPO_EST_1": "CALIDAD DE AGUA\n", "TIPO_EST_2": null, "TIPO_EST_3": null, "TIPO_EST_4": null, "FUENTE_00": null, "FUENTE_01": null, "FUENTE_02": null, "FUENTE_03": null, "FUENTE_04": null, "PARAMETROS": "*PROFUNDIDAD (POZO) (m) | minimo: 0, maximo: 0 | SUSPENDIDO(17/08/2022) \n*PARAMETROS FISICO-QUIMICO (VARIOS) | minimo: 0, maximo: 0\n", "INSTRUMENT": "*POZOMETRO | SUSPENDIDO(17/08/2022)\n*INSTRUMENTOS VARIOS DE LABORATORIO\n", "PROCESOS": null, "PERFIL_TOP": null, "LAGO_ASOCI": null, "POZO": null, "LATITUD": -33.527802178000002, "LONGITUD": -70.680567318000001, "ESTE_8418": 0, "NORTE_8418": 0, "ESTE_8419": 343941, "NORTE_8419": 6288934, "ESTE_8412": 0, "NORTE_8412": 0, "HUSO_REAL": 19 }, "geometry": { "type": "Point", "coordinates": [ -70.680567317999987, -33.527802177999945 ] } },
{ "type": "Feature", "properties": { "OBJECTID": 1130, "COD_BNA": "05730039-6", "NOM_ESTACI": "QUEBRADA DE MACUL", "FECHA_INST": "29/04/2003", "FECHA_LLEN": "29/04/2003", "FECHA_SUSP": null, "COD_REG": "13", "COD_PROV": "131", "COD_COM": "13110", "REGION": "Metropolitana de Santiago", "PROVINCIA": "Santiago", "COMUNA": "La Florida", "REGION_RES": "METROPOLITANA", "COD_CUEN": "057", "COD_SUBC": "0573", "COD_SSUBC": "05730", "NOM_CUEN": "Rio Maipo", "NOM_SUBC": "Mapocho Bajo", "NOM_SSUBC": "Rio Mapocho Entre Estero de Las Rosas y Estero Lampa y Bajo Zanjon de la Aguada", "ALTITUD_MS": 950, "AREA_DRENA": 0.0, "NOM_ACUIF": "Rio Maipo", "SHAC": "Santiago Central", "UBICACIÓN": null, "OBSERVACIO": null, "LUGAR": "ZONA RURAL", "INSTITUCIO": "DIRECCION GENERAL DE AGUAS", "TIPO_ESTAC": "*METEOROLOGICA\n", "TIPO_EST_1": "METEOROLOGICA\n", "TIPO_EST_2": null, "TIPO_EST_3": null, "TIPO_EST_4": null, "FUENTE_00": "*GPR\n*FOR\n", "FUENTE_01": "GPR\n", "FUENTE_02": "FOR\n", "FUENTE_03": null, "FUENTE_04": null, "PARAMETROS": "*PRECIPITACION (mm) | minimo: 0, maximo: 100\n*TEMPERATURA HORARIA (ºc) | minimo: -40, maximo: 40 | SUSPENDIDO(01/12/2008) \n*TEMPERATURA MINIMA (ºc) | minimo: -40, maximo: 40 | SUSPENDIDO(01/12/2008) \n*TEMPERATURA MAXIMA (ºc) | minimo: -40, maximo: 40", "INSTRUMENT": "*TERMOMETRO DE MAXIMA Y MINIMA | SUSPENDIDO(01/12/2008)\n*TERMOGRAFO | SUSPENDIDO(01/12/2008)\n*ESTACION AUTOMATICA M.R.I.\n*PLATAFORMA D.C.P. | SUSPENDIDO(01/12/2008)\n", "PROCESOS": "*PROCESO DE DATOS METEOROLÓGICOS | TODAS LAS FUENTES\n", "PERFIL_TOP": null, "LAGO_ASOCI": null, "POZO": null, "LATITUD": -33.502185865000001, "LONGITUD": -70.514523505, "ESTE_8418": 0, "NORTE_8418": 0, "ESTE_8419": 359320, "NORTE_8419": 6292012, "ESTE_8412": 0, "NORTE_8412": 0, "HUSO_REAL": 19 }, "geometry": { "type": "Point", "coordinates": [ -70.514523504999943, -33.502185864999944 ] } },
{ "type": "Feature", "properties": { "OBJECTID": 1131, "COD_BNA": "05730018-3", "NOM_ESTACI": "MANIZALES 1980", "FECHA_INST": "01/08/1973", "FECHA_LLEN": null, "FECHA_SUSP": null, "COD_REG": "13", "COD_PROV": "131", "COD_COM": "13132", "REGION": "Metropolitana de Santiago", "PROVINCIA": "Santiago", "COMUNA": "Vitacura", "REGION_RES": "METROPOLITANA", "COD_CUEN": "057", "COD_SUBC": "0573", "COD_SSUBC": "05730", "NOM_CUEN": "Rio Maipo", "NOM_SUBC": "Mapocho Bajo", "NOM_SSUBC": "Rio Mapocho Entre Estero de Las Rosas y Estero Lampa y Bajo Zanjon de la Aguada", "ALTITUD_MS": 684, "AREA_DRENA": 0.0, "NOM_ACUIF": "Rio Maipo", "SHAC": "Vitacura", "UBICACIÓN": null, "OBSERVACIO": null, "LUGAR": "POZO", "INSTITUCIO": "DIRECCION GENERAL DE AGUAS", "TIPO_ESTAC": "*CONTROL DE NIVEL\n", "TIPO_EST_1": "CONTROL DE NIVEL\n", "TIPO_EST_2": null, "TIPO_EST_3": null, "TIPO_EST_4": null, "FUENTE_00": null, "FUENTE_01": null, "FUENTE_02": null, "FUENTE_03": null, "FUENTE_04": null, "PARAMETROS": "*PROFUNDIDAD (POZO) (m) | minimo: 0, maximo: 0\n", "INSTRUMENT": "*POZOMETRO\n", "PROCESOS": null, "PERFIL_TOP": null, "LAGO_ASOCI": null, "POZO": null, "LATITUD": -33.387208002999998, "LONGITUD": -70.574750097000006, "ESTE_8418": 0, "NORTE_8418": 0, "ESTE_8419": 353532, "NORTE_8419": 6304678, "ESTE_8412": 0, "NORTE_8412": 0, "HUSO_REAL": 19 }, "geometry": { "type": "Point", "coordinates": [ -70.574750096999935, -33.387208002999955 ] } },
{ "type": "Feature", "properties": { "OBJECTID": 1132, "COD_BNA": "05730017-5", "NOM_ESTACI": "AV. KENNEDY 6774", "FECHA_INST": "01/06/1973", "FECHA_LLEN": null, "FECHA_SUSP": null, "COD_REG": "13", "COD_PROV": "131", "COD_COM": "13114", "REGION": "Metropolitana de Santiago", "PROVINCIA": "Santiago", "COMUNA": "Las Condes", "REGION_RES": "METROPOLITANA", "COD_CUEN": "057", "COD_SUBC": "0573", "COD_SSUBC": "05730", "NOM_CUEN": "Rio Maipo", "NOM_SUBC": "Mapocho Bajo", "NOM_SSUBC": "Rio Mapocho Entre Estero de Las Rosas y Estero Lampa y Bajo Zanjon de la Aguada", "ALTITUD_MS": 700, "AREA_DRENA": 0.0, "NOM_ACUIF": "Rio Maipo", "SHAC": "Vitacura", "UBICACIÓN": null, "OBSERVACIO": null, "LUGAR": "POZO", "INSTITUCIO": "DIRECCION GENERAL DE AGUAS", "TIPO_ESTAC": "*CONTROL DE NIVEL\n", "TIPO_EST_1": "CONTROL DE NIVEL\n", "TIPO_EST_2": null, "TIPO_EST_3": null, "TIPO_EST_4": null, "FUENTE_00": null, "FUENTE_01": null, "FUENTE_02": null, "FUENTE_03": null, "FUENTE_04": null, "PARAMETROS": "*PROFUNDIDAD (POZO) (m) | minimo: 0, maximo: 0\n", "INSTRUMENT": "*POZOMETRO\n", "PROCESOS": null, "PERFIL_TOP": null, "LAGO_ASOCI": null, "POZO": null, "LATITUD": -33.39540795, "LONGITUD": -70.56316818000001, "ESTE_8418": 0, "NORTE_8418": 0, "ESTE_8419": 354623, "NORTE_8419": 6303785, "ESTE_8412": 0, "NORTE_8412": 0, "HUSO_REAL": 19 }, "geometry": { "type": "Point", "coordinates": [ -70.563168179999934, -33.395407949999935 ] } },
{ "type": "Feature", "properties": { "OBJECTID": 1133, "COD_BNA": "05730040-K", "NOM_ESTACI": "POZO CLUB DE GOLF", "FECHA_INST": "01/01/2000", "FECHA_LLEN": "21/07/2003", "FECHA_SUSP": null, "COD_REG": "13", "COD_PROV": "131", "COD_COM": "13114", "REGION": "Metropolitana de Santiago", "PROVINCIA": "Santiago", "COMUNA": "Las Condes", "REGION_RES": "METROPOLITANA", "COD_CUEN": "057", "COD_SUBC": "0573", "COD_SSUBC": "05730", "NOM_CUEN": "Rio Maipo", "NOM_SUBC": "Mapocho Bajo", "NOM_SSUBC": "Rio Mapocho Entre Estero de Las Rosas y Estero Lampa y Bajo Zanjon de la Aguada", "ALTITUD_MS": 660, "AREA_DRENA": 0.0, "NOM_ACUIF": "Rio Maipo", "SHAC": "Vitacura", "UBICACIÓN": null, "OBSERVACIO": null, "LUGAR": "POZO", "INSTITUCIO": "DIRECCION GENERAL DE AGUAS", "TIPO_ESTAC": "*CALIDAD DE AGUA\n", "TIPO_EST_1": "CALIDAD DE AGUA\n", "TIPO_EST_2": null, "TIPO_EST_3": null, "TIPO_EST_4": null, "FUENTE_00": null, "FUENTE_01": null, "FUENTE_02": null, "FUENTE_03": null, "FUENTE_04": null, "PARAMETROS": "*PROFUNDIDAD (POZO) (m) | minimo: 0, maximo: 0 | SUSPENDIDO(17/08/2022) \n*PARAMETROS FISICO-QUIMICO (VARIOS) | minimo: 0, maximo: 0\n", "INSTRUMENT": "*POZOMETRO | SUSPENDIDO(17/08/2022)\n*INSTRUMENTOS VARIOS DE LABORATORIO\n", "PROCESOS": null, "PERFIL_TOP": null, "LAGO_ASOCI": null, "POZO": null, "LATITUD": -33.404889990999997, "LONGITUD": -70.589144243000007, "ESTE_8418": 0, "NORTE_8418": 0, "ESTE_8419": 352223, "NORTE_8419": 6302697, "ESTE_8412": 0, "NORTE_8412": 0, "HUSO_REAL": 19 }, "geometry": { "type": "Point", "coordinates": [ -70.589144242999964, -33.404889990999948 ] } },
{ "type": "Feature", "properties": { "OBJECTID": 1134, "COD_BNA": "05744002-3", "NOM_ESTACI": "LOS PANGUILES", "FECHA_INST": "01/11/1980", "FECHA_LLEN": "17/12/2020", "FECHA_SUSP": null, "COD_REG": "13", "COD_PROV": "135", "COD_COM": "13503", "REGION": "Metropolitana de Santiago", "PROVINCIA": "Melipilla", "COMUNA": "Curacaví", "REGION_RES": "METROPOLITANA", "COD_CUEN": "057", "COD_SUBC": "0574", "COD_SSUBC": "05744", "NOM_CUEN": "Rio Maipo", "NOM_SUBC": "Rio Maipo Bajo (Entre Rio Mapocho y Desembocadura)", "NOM_SSUBC": "Estero Puangue Entre Estero Sin Nombre y Bajo Junta Estero Amestica", "ALTITUD_MS": 190, "AREA_DRENA": 0.0, "NOM_ACUIF": "Rio Maipo", "SHAC": "Puangue Medio", "UBICACIÓN": "EN BIFURCACION CARRETERA A VALPARAISO,CAMINO A STA. INES (C. BARRIGA)", "OBSERVACIO": "*sin registro de temperatura minima hasta el 31/08/89\n*sin registro de temperatura maxima hasta el 01/09/89\n*sin registro de temperatura maxima hasta el 27/08/89\n", "LUGAR": "ZONA RURAL", "INSTITUCIO": "DIRECCION GENERAL DE AGUAS", "TIPO_ESTAC": "*METEOROLOGICA\n", "TIPO_EST_1": "METEOROLOGICA\n", "TIPO_EST_2": null, "TIPO_EST_3": null, "TIPO_EST_4": null, "FUENTE_00": "*DTL\n*GPR\n", "FUENTE_01": "DTL\n", "FUENTE_02": "GPR\n", "FUENTE_03": null, "FUENTE_04": null, "PARAMETROS": "*PRECIPITACION (mm) | minimo: 0, maximo: 80\n*TEMPERATURA HORARIA (ºc) | minimo: -3, maximo: 32\n*TEMPERATURA MINIMA (ºc) | minimo: -3, maximo: 32\n*TEMPERATURA MAXIMA (ºc) | minimo: -3, maximo: 32\n*TEMP. BULBO SECO (ºc) | minimo: -3, maximo: 32 | SUSPE", "INSTRUMENT": "*PLUVIOMETRO HELLMAN\n*PLUVIOGRAFO DE FLOTADOR\n*PLUVIOGRAFO DE BASCULA\n*TERMOMETRO DE MAXIMA Y MINIMA\n*EVAPORIMETRO DE ESTANQUE CON REC. DIARIO DE VIENTO\n*PSICROMETRO VENTILACION NATURAL\n*HIGROTERMOGRAFO\n*ANEMOMETRO TOTALIZADOR\n*HELIOGRAFO\n*ACTINOGRAFO\n*O", "PROCESOS": "*PROCESO DE DATOS METEOROLÓGICOS | ALGUNAS FUENTES | SUSPENDIDO(17/05/2022)\n", "PERFIL_TOP": null, "LAGO_ASOCI": null, "POZO": null, "LATITUD": -33.43879016, "LONGITUD": -71.025283200999993, "ESTE_8418": 0, "NORTE_8418": 0, "ESTE_8419": 311733, "NORTE_8419": 6298233, "ESTE_8412": 0, "NORTE_8412": 0, "HUSO_REAL": 19 }, "geometry": { "type": "Point", "coordinates": [ -71.025283200999979, -33.43879015999994 ] } },
{ "type": "Feature", "properties": { "OBJECTID": 1135, "COD_BNA": "05744006-6", "NOM_ESTACI": "FUNDO LOLENCO", "FECHA_INST": "01/10/1975", "FECHA_LLEN": null, "FECHA_SUSP": null, "COD_REG": "13", "COD_PROV": "135", "COD_COM": "13503", "REGION": "Metropolitana de Santiago", "PROVINCIA": "Melipilla", "COMUNA": "Curacaví", "REGION_RES": "METROPOLITANA", "COD_CUEN": "057", "COD_SUBC": "0574", "COD_SSUBC": "05744", "NOM_CUEN": "Rio Maipo", "NOM_SUBC": "Rio Maipo Bajo (Entre Rio Mapocho y Desembocadura)", "NOM_SSUBC": "Estero Puangue Entre Estero Sin Nombre y Bajo Junta Estero Amestica", "ALTITUD_MS": 189, "AREA_DRENA": 0.0, "NOM_ACUIF": "Rio Maipo", "SHAC": "Puangue Medio", "UBICACIÓN": null, "OBSERVACIO": null, "LUGAR": "POZO", "INSTITUCIO": "DIRECCION GENERAL DE AGUAS", "TIPO_ESTAC": "*CONTROL DE NIVEL\n", "TIPO_EST_1": "CONTROL DE NIVEL\n", "TIPO_EST_2": null, "TIPO_EST_3": null, "TIPO_EST_4": null, "FUENTE_00": null, "FUENTE_01": null, "FUENTE_02": null, "FUENTE_03": null, "FUENTE_04": null, "PARAMETROS": "*PROFUNDIDAD (POZO) (m) | minimo: 0, maximo: 0\n", "INSTRUMENT": "*POZOMETRO\n", "PROCESOS": null, "PERFIL_TOP": null, "LAGO_ASOCI": null, "POZO": null, "LATITUD": -33.428553340999997, "LONGITUD": -71.037509739000001, "ESTE_8418": 0, "NORTE_8418": 0, "ESTE_8419": 310574, "NORTE_8419": 6299346, "ESTE_8412": 0, "NORTE_8412": 0, "HUSO_REAL": 19 }, "geometry": { "type": "Point", "coordinates": [ -71.037509738999972, -33.42855334099994 ] } },
{ "type": "Feature", "properties": { "OBJECTID": 1136, "COD_BNA": "05744009-0", "NOM_ESTACI": "APR CERRILLOS", "FECHA_INST": "21/10/2015", "FECHA_LLEN": "31/07/2017", "FECHA_SUSP": null, "COD_REG": "13", "COD_PROV": "135", "COD_COM": "13503", "REGION": "Metropolitana de Santiago", "PROVINCIA": "Melipilla", "COMUNA": "Curacaví", "REGION_RES": "METROPOLITANA", "COD_CUEN": "057", "COD_SUBC": "0574", "COD_SSUBC": "05744", "NOM_CUEN": "Rio Maipo", "NOM_SUBC": "Rio Maipo Bajo (Entre Rio Mapocho y Desembocadura)", "NOM_SSUBC": "Estero Puangue Entre Estero Sin Nombre y Bajo Junta Estero Amestica", "ALTITUD_MS": 182, "AREA_DRENA": 0.0, "NOM_ACUIF": "Rio Maipo", "SHAC": "Puangue Medio", "UBICACIÓN": null, "OBSERVACIO": null, "LUGAR": "POZO", "INSTITUCIO": null, "TIPO_ESTAC": "*CALIDAD DE AGUA\n", "TIPO_EST_1": "CALIDAD DE AGUA\n", "TIPO_EST_2": null, "TIPO_EST_3": null, "TIPO_EST_4": null, "FUENTE_00": null, "FUENTE_01": null, "FUENTE_02": null, "FUENTE_03": null, "FUENTE_04": null, "PARAMETROS": "*PARAMETROS FISICO-QUIMICO (VARIOS) | minimo: 0, maximo: 0\n", "INSTRUMENT": "*INSTRUMENTOS VARIOS DE LABORATORIO\n", "PROCESOS": null, "PERFIL_TOP": null, "LAGO_ASOCI": null, "POZO": null, "LATITUD": -33.445524383, "LONGITUD": -71.025396723, "ESTE_8418": 0, "NORTE_8418": 0, "ESTE_8419": 311737, "NORTE_8419": 6297486, "ESTE_8412": 0, "NORTE_8412": 0, "HUSO_REAL": 19 }, "geometry": { "type": "Point", "coordinates": [ -71.025396722999972, -33.445524382999963 ] } },
{ "type": "Feature", "properties": { "OBJECTID": 1137, "COD_BNA": "05744015-5", "NOM_ESTACI": "APR LO ALVARADO", "FECHA_INST": "04/11/2015", "FECHA_LLEN": "31/07/2017", "FECHA_SUSP": null, "COD_REG": "13", "COD_PROV": "135", "COD_COM": "13503", "REGION": "Metropolitana de Santiago", "PROVINCIA": "Melipilla", "COMUNA": "Curacaví", "REGION_RES": "METROPOLITANA", "COD_CUEN": "057", "COD_SUBC": "0574", "COD_SSUBC": "05744", "NOM_CUEN": "Rio Maipo", "NOM_SUBC": "Rio Maipo Bajo (Entre Rio Mapocho y Desembocadura)", "NOM_SSUBC": "Estero Puangue Entre Estero Sin Nombre y Bajo Junta Estero Amestica", "ALTITUD_MS": 183, "AREA_DRENA": 0.0, "NOM_ACUIF": "Rio Maipo", "SHAC": "Puangue Medio", "UBICACIÓN": null, "OBSERVACIO": null, "LUGAR": "POZO", "INSTITUCIO": "DIRECCION GENERAL DE AGUAS", "TIPO_ESTAC": "*CALIDAD DE AGUA\n", "TIPO_EST_1": "CALIDAD DE AGUA\n", "TIPO_EST_2": null, "TIPO_EST_3": null, "TIPO_EST_4": null, "FUENTE_00": null, "FUENTE_01": null, "FUENTE_02": null, "FUENTE_03": null, "FUENTE_04": null, "PARAMETROS": "*PARAMETROS FISICO-QUIMICO (VARIOS) | minimo: 0, maximo: 0\n", "INSTRUMENT": "*INSTRUMENTOS VARIOS DE LABORATORIO\n", "PROCESOS": null, "PERFIL_TOP": null, "LAGO_ASOCI": null, "POZO": null, "LATITUD": -33.467802153000001, "LONGITUD": -71.069866547000004, "ESTE_8418": 0, "NORTE_8418": 0, "ESTE_8419": 307652, "NORTE_8419": 6294934, "ESTE_8412": 0, "NORTE_8412": 0, "HUSO_REAL": 19 }, "geometry": { "type": "Point", "coordinates": [ -71.069866546999947, -33.46780215299998 ] } },
{ "type": "Feature", "properties": { "OBJECTID": 1138, "COD_BNA": "05744019-8", "NOM_ESTACI": "APR MIRAFLORES", "FECHA_INST": "22/10/2015", "FECHA_LLEN": "31/07/2017", "FECHA_SUSP": null, "COD_REG": "13", "COD_PROV": "135", "COD_COM": "13503", "REGION": "Metropolitana de Santiago", "PROVINCIA": "Melipilla", "COMUNA": "Curacaví", "REGION_RES": "METROPOLITANA", "COD_CUEN": "057", "COD_SUBC": "0574", "COD_SSUBC": "05744", "NOM_CUEN": "Rio Maipo", "NOM_SUBC": "Rio Maipo Bajo (Entre Rio Mapocho y Desembocadura)", "NOM_SSUBC": "Estero Puangue Entre Estero Sin Nombre y Bajo Junta Estero Amestica", "ALTITUD_MS": 181, "AREA_DRENA": 0.0, "NOM_ACUIF": "Rio Maipo", "SHAC": "Puangue Medio", "UBICACIÓN": null, "OBSERVACIO": null, "LUGAR": "POZO", "INSTITUCIO": "DIRECCION GENERAL DE AGUAS", "TIPO_ESTAC": "*CALIDAD DE AGUA\n", "TIPO_EST_1": "CALIDAD DE AGUA\n", "TIPO_EST_2": null, "TIPO_EST_3": null, "TIPO_EST_4": null, "FUENTE_00": null, "FUENTE_01": null, "FUENTE_02": null, "FUENTE_03": null, "FUENTE_04": null, "PARAMETROS": "*PARAMETROS FISICO-QUIMICO (VARIOS) | minimo: 0, maximo: 0\n", "INSTRUMENT": "*INSTRUMENTOS VARIOS DE LABORATORIO\n", "PROCESOS": null, "PERFIL_TOP": null, "LAGO_ASOCI": null, "POZO": null, "LATITUD": -33.423029669000002, "LONGITUD": -71.050392666999997, "ESTE_8418": 0, "NORTE_8418": 0, "ESTE_8419": 309364, "NORTE_8419": 6299935, "ESTE_8412": 0, "NORTE_8412": 0, "HUSO_REAL": 19 }, "geometry": { "type": "Point", "coordinates": [ -71.050392666999983, -33.423029668999959 ] } },
{ "type": "Feature", "properties": { "OBJECTID": 1139, "COD_BNA": "05744020-1", "NOM_ESTACI": "APR SANTA INES DE PATAGUILLAS", "FECHA_INST": "21/10/2015", "FECHA_LLEN": "31/07/2017", "FECHA_SUSP": null, "COD_REG": "13", "COD_PROV": "135", "COD_COM": "13503", "REGION": "Metropolitana de Santiago", "PROVINCIA": "Melipilla", "COMUNA": "Curacaví", "REGION_RES": "METROPOLITANA", "COD_CUEN": "057", "COD_SUBC": "0574", "COD_SSUBC": "05744", "NOM_CUEN": "Rio Maipo", "NOM_SUBC": "Rio Maipo Bajo (Entre Rio Mapocho y Desembocadura)", "NOM_SSUBC": "Estero Puangue Entre Estero Sin Nombre y Bajo Junta Estero Amestica", "ALTITUD_MS": 227, "AREA_DRENA": 0.0, "NOM_ACUIF": "Rio Maipo", "SHAC": "Puangue Medio", "UBICACIÓN": null, "OBSERVACIO": null, "LUGAR": "POZO", "INSTITUCIO": "DIRECCION GENERAL DE AGUAS", "TIPO_ESTAC": "*CALIDAD DE AGUA\n", "TIPO_EST_1": "CALIDAD DE AGUA\n", "TIPO_EST_2": null, "TIPO_EST_3": null, "TIPO_EST_4": null, "FUENTE_00": null, "FUENTE_01": null, "FUENTE_02": null, "FUENTE_03": null, "FUENTE_04": null, "PARAMETROS": "*PARAMETROS FISICO-QUIMICO (VARIOS) | minimo: 0, maximo: 0\n", "INSTRUMENT": "*INSTRUMENTOS VARIOS DE LABORATORIO\n", "PROCESOS": null, "PERFIL_TOP": null, "LAGO_ASOCI": null, "POZO": null, "LATITUD": -33.509136515999998, "LONGITUD": -70.983992294000004, "ESTE_8418": 0, "NORTE_8418": 0, "ESTE_8419": 315721, "NORTE_8419": 6290506, "ESTE_8412": 0, "NORTE_8412": 0, "HUSO_REAL": 19 }, "geometry": { "type": "Point", "coordinates": [ -70.983992293999961, -33.509136515999955 ] } },
{ "type": "Feature", "properties": { "OBJECTID": 1140, "COD_BNA": "05744022-8", "NOM_ESTACI": "ESTERO PUANGUE", "FECHA_INST": "10/12/2024", "FECHA_LLEN": "03/12/2024", "FECHA_SUSP": null, "COD_REG": "13", "COD_PROV": "135", "COD_COM": "13503", "REGION": "Metropolitana de Santiago", "PROVINCIA": "Melipilla", "COMUNA": "Curacaví", "REGION_RES": "METROPOLITANA", "COD_CUEN": "057", "COD_SUBC": "0574", "COD_SSUBC": "05744", "NOM_CUEN": "Rio Maipo", "NOM_SUBC": "Rio Maipo Bajo (Entre Rio Mapocho y Desembocadura)", "NOM_SSUBC": "Estero Puangue Entre Estero Sin Nombre y Bajo Junta Estero Amestica", "ALTITUD_MS": 169, "AREA_DRENA": 0.0, "NOM_ACUIF": "Rio Maipo", "SHAC": "Puangue Medio", "UBICACIÓN": null, "OBSERVACIO": null, "LUGAR": "POZO", "INSTITUCIO": "DIRECCION GENERAL DE AGUAS", "TIPO_ESTAC": "*CONTROL DE NIVEL\n", "TIPO_EST_1": "CONTROL DE NIVEL\n", "TIPO_EST_2": null, "TIPO_EST_3": null, "TIPO_EST_4": null, "FUENTE_00": "*FOR\n*GPR\n", "FUENTE_01": "FOR\n", "FUENTE_02": "GPR\n", "FUENTE_03": null, "FUENTE_04": null, "PARAMETROS": "*PROFUNDIDAD (POZO) (m) | minimo: 0, maximo: 100\n*PROFUNDIDAD (POZO) (m) | minimo: 0, maximo: 100\n", "INSTRUMENT": "*Sensor de nivel aguas subterráneas\n*POZOMETRO\n", "PROCESOS": null, "PERFIL_TOP": null, "LAGO_ASOCI": null, "POZO": null, "LATITUD": -33.47166835, "LONGITUD": -71.070001536999996, "ESTE_8418": 0, "NORTE_8418": 0, "ESTE_8419": 307648, "NORTE_8419": 6294505, "ESTE_8412": 0, "NORTE_8412": 0, "HUSO_REAL": 19 }, "geometry": { "type": "Point", "coordinates": [ -71.070001536999939, -33.471668349999959 ] } },
{ "type": "Feature", "properties": { "OBJECTID": 1141, "COD_BNA": "05744003-1", "NOM_ESTACI": "IBACACHE ALTO", "FECHA_INST": "01/04/1988", "FECHA_LLEN": "17/12/2020", "FECHA_SUSP": null, "COD_REG": "13", "COD_PROV": "135", "COD_COM": "13504", "REGION": "Metropolitana de Santiago", "PROVINCIA": "Melipilla", "COMUNA": "María Pinto", "REGION_RES": "METROPOLITANA", "COD_CUEN": "057", "COD_SUBC": "0574", "COD_SSUBC": "05744", "NOM_CUEN": "Rio Maipo", "NOM_SUBC": "Rio Maipo Bajo (Entre Rio Mapocho y Desembocadura)", "NOM_SSUBC": "Estero Puangue Entre Estero Sin Nombre y Bajo Junta Estero Amestica", "ALTITUD_MS": 169, "AREA_DRENA": 0.0, "NOM_ACUIF": "Rio Maipo", "SHAC": "Puangue Medio", "UBICACIÓN": "28 KM. AL NNW DE MELIPILLA", "OBSERVACIO": null, "LUGAR": "ZONA RURAL", "INSTITUCIO": "DIRECCION GENERAL DE AGUAS", "TIPO_ESTAC": "*METEOROLOGICA\n", "TIPO_EST_1": "METEOROLOGICA\n", "TIPO_EST_2": null, "TIPO_EST_3": null, "TIPO_EST_4": null, "FUENTE_00": "*DTL\n*SAT\n", "FUENTE_01": "DTL\n", "FUENTE_02": "SAT\n", "FUENTE_03": null, "FUENTE_04": null, "PARAMETROS": "*PRECIPITACION (mm) | minimo: 0, maximo: 80\n", "INSTRUMENT": "*PLUVIOMETRO HELLMAN\n", "PROCESOS": "*PROCESO DE DATOS METEOROLÓGICOS | ALGUNAS FUENTES | SUSPENDIDO(17/05/2022)\n", "PERFIL_TOP": null, "LAGO_ASOCI": null, "POZO": null, "LATITUD": -33.480542815, "LONGITUD": -71.281451794999995, "ESTE_8418": 0, "NORTE_8418": 0, "ESTE_8419": 288017, "NORTE_8419": 6293109, "ESTE_8412": 0, "NORTE_8412": 0, "HUSO_REAL": 19 }, "geometry": { "type": "Point", "coordinates": [ -71.281451794999953, -33.480542814999978 ] } },
{ "type": "Feature", "properties": { "OBJECTID": 1142, "COD_BNA": "05744004-K", "NOM_ESTACI": "ASENTAMIENTO SANTA EMILIA", "FECHA_INST": "01/02/1970", "FECHA_LLEN": null, "FECHA_SUSP": null, "COD_REG": "13", "COD_PROV": "135", "COD_COM": "13504", "REGION": "Metropolitana de Santiago", "PROVINCIA": "Melipilla", "COMUNA": "María Pinto", "REGION_RES": "METROPOLITANA", "COD_CUEN": "057", "COD_SUBC": "0574", "COD_SSUBC": "05744", "NOM_CUEN": "Rio Maipo", "NOM_SUBC": "Rio Maipo Bajo (Entre Rio Mapocho y Desembocadura)", "NOM_SSUBC": "Estero Puangue Entre Estero Sin Nombre y Bajo Junta Estero Amestica", "ALTITUD_MS": 192, "AREA_DRENA": 0.0, "NOM_ACUIF": "Rio Maipo", "SHAC": "Puangue Medio", "UBICACIÓN": null, "OBSERVACIO": null, "LUGAR": "POZO", "INSTITUCIO": "DIRECCION GENERAL DE AGUAS", "TIPO_ESTAC": "*CONTROL DE NIVEL\n", "TIPO_EST_1": "CONTROL DE NIVEL\n", "TIPO_EST_2": null, "TIPO_EST_3": null, "TIPO_EST_4": null, "FUENTE_00": null, "FUENTE_01": null, "FUENTE_02": null, "FUENTE_03": null, "FUENTE_04": null, "PARAMETROS": "*PROFUNDIDAD (POZO) (m) | minimo: 0, maximo: 0\n", "INSTRUMENT": "*POZOMETRO\n", "PROCESOS": null, "PERFIL_TOP": null, "LAGO_ASOCI": null, "POZO": null, "LATITUD": -33.470546693000003, "LONGITUD": -71.108181809000001, "ESTE_8418": 0, "NORTE_8418": 0, "ESTE_8419": 304097, "NORTE_8419": 6294558, "ESTE_8412": 0, "NORTE_8412": 0, "HUSO_REAL": 19 }, "geometry": { "type": "Point", "coordinates": [ -71.108181808999973, -33.47054669299996 ] } },
{ "type": "Feature", "properties": { "OBJECTID": 1143, "COD_BNA": "05744005-8", "NOM_ESTACI": "FUNDO SANTA RITA", "FECHA_INST": "01/01/1963", "FECHA_LLEN": null, "FECHA_SUSP": null, "COD_REG": "13", "COD_PROV": "135", "COD_COM": "13504", "REGION": "Metropolitana de Santiago", "PROVINCIA": "Melipilla", "COMUNA": "María Pinto", "REGION_RES": "METROPOLITANA", "COD_CUEN": "057", "COD_SUBC": "0574", "COD_SSUBC": "05744", "NOM_CUEN": "Rio Maipo", "NOM_SUBC": "Rio Maipo Bajo (Entre Rio Mapocho y Desembocadura)", "NOM_SSUBC": "Estero Puangue Entre Estero Sin Nombre y Bajo Junta Estero Amestica", "ALTITUD_MS": 210, "AREA_DRENA": 0.0, "NOM_ACUIF": "Rio Maipo", "SHAC": "Puangue Medio", "UBICACIÓN": null, "OBSERVACIO": null, "LUGAR": "POZO", "INSTITUCIO": "DIRECCION GENERAL DE AGUAS", "TIPO_ESTAC": "*CONTROL DE NIVEL\n", "TIPO_EST_1": "CONTROL DE NIVEL\n", "TIPO_EST_2": null, "TIPO_EST_3": null, "TIPO_EST_4": null, "FUENTE_00": null, "FUENTE_01": null, "FUENTE_02": null, "FUENTE_03": null, "FUENTE_04": null, "PARAMETROS": "*PROFUNDIDAD (POZO) (m) | minimo: 0, maximo: 0\n", "INSTRUMENT": "*POZOMETRO\n", "PROCESOS": null, "PERFIL_TOP": null, "LAGO_ASOCI": null, "POZO": null, "LATITUD": -33.477553145000002, "LONGITUD": -71.068054013999998, "ESTE_8418": 0, "NORTE_8418": 0, "ESTE_8419": 307842, "NORTE_8419": 6293856, "ESTE_8412": 0, "NORTE_8412": 0, "HUSO_REAL": 19 }, "geometry": { "type": "Point", "coordinates": [ -71.068054013999983, -33.477553144999945 ] } },
{ "type": "Feature", "properties": { "OBJECTID": 1144, "COD_BNA": "05744007-4", "NOM_ESTACI": "FUNDO EL PARRON", "FECHA_INST": "01/04/1959", "FECHA_LLEN": null, "FECHA_SUSP": null, "COD_REG": "13", "COD_PROV": "135", "COD_COM": "13504", "REGION": "Metropolitana de Santiago", "PROVINCIA": "Melipilla", "COMUNA": "María Pinto", "REGION_RES": "METROPOLITANA", "COD_CUEN": "057", "COD_SUBC": "0574", "COD_SSUBC": "05744", "NOM_CUEN": "Rio Maipo", "NOM_SUBC": "Rio Maipo Bajo (Entre Rio Mapocho y Desembocadura)", "NOM_SSUBC": "Estero Puangue Entre Estero Sin Nombre y Bajo Junta Estero Amestica", "ALTITUD_MS": 173, "AREA_DRENA": 0.0, "NOM_ACUIF": "Rio Maipo", "SHAC": "Puangue Medio", "UBICACIÓN": null, "OBSERVACIO": null, "LUGAR": "POZO", "INSTITUCIO": "DIRECCION GENERAL DE AGUAS", "TIPO_ESTAC": "*CONTROL DE NIVEL\n", "TIPO_EST_1": "CONTROL DE NIVEL\n", "TIPO_EST_2": null, "TIPO_EST_3": null, "TIPO_EST_4": null, "FUENTE_00": null, "FUENTE_01": null, "FUENTE_02": null, "FUENTE_03": null, "FUENTE_04": null, "PARAMETROS": "*PROFUNDIDAD (POZO) (m) | minimo: 0, maximo: 0\n", "INSTRUMENT": "*POZOMETRO\n", "PROCESOS": null, "PERFIL_TOP": null, "LAGO_ASOCI": null, "POZO": null, "LATITUD": -33.48890938, "LONGITUD": -71.080775423999995, "ESTE_8418": 0, "NORTE_8418": 0, "ESTE_8419": 306685, "NORTE_8419": 6292573, "ESTE_8412": 0, "NORTE_8412": 0, "HUSO_REAL": 19 }, "geometry": { "type": "Point", "coordinates": [ -71.080775423999967, -33.488909379999939 ] } },
{ "type": "Feature", "properties": { "OBJECTID": 1145, "COD_BNA": "05744008-2", "NOM_ESTACI": "FUNDO BARACALDO", "FECHA_INST": "01/08/1959", "FECHA_LLEN": null, "FECHA_SUSP": null, "COD_REG": "13", "COD_PROV": "135", "COD_COM": "13504", "REGION": "Metropolitana de Santiago", "PROVINCIA": "Melipilla", "COMUNA": "María Pinto", "REGION_RES": "METROPOLITANA", "COD_CUEN": "057", "COD_SUBC": "0574", "COD_SSUBC": "05744", "NOM_CUEN": "Rio Maipo", "NOM_SUBC": "Rio Maipo Bajo (Entre Rio Mapocho y Desembocadura)", "NOM_SSUBC": "Estero Puangue Entre Estero Sin Nombre y Bajo Junta Estero Amestica", "ALTITUD_MS": 200, "AREA_DRENA": 0.0, "NOM_ACUIF": "Rio Maipo", "SHAC": "Puangue Medio", "UBICACIÓN": null, "OBSERVACIO": null, "LUGAR": "POZO", "INSTITUCIO": "DIRECCION GENERAL DE AGUAS", "TIPO_ESTAC": "*CONTROL DE NIVEL\n", "TIPO_EST_1": "CONTROL DE NIVEL\n", "TIPO_EST_2": null, "TIPO_EST_3": null, "TIPO_EST_4": null, "FUENTE_00": null, "FUENTE_01": null, "FUENTE_02": null, "FUENTE_03": null, "FUENTE_04": null, "PARAMETROS": "*PROFUNDIDAD (POZO) (m) | minimo: 0, maximo: 0\n", "INSTRUMENT": "*POZOMETRO\n", "PROCESOS": null, "PERFIL_TOP": null, "LAGO_ASOCI": null, "POZO": null, "LATITUD": -33.513016925000002, "LONGITUD": -71.125649361000001, "ESTE_8418": 0, "NORTE_8418": 0, "ESTE_8419": 302570, "NORTE_8419": 6289815, "ESTE_8412": 0, "NORTE_8412": 0, "HUSO_REAL": 19 }, "geometry": { "type": "Point", "coordinates": [ -71.125649360999944, -33.513016924999931 ] } },
{ "type": "Feature", "properties": { "OBJECTID": 1146, "COD_BNA": "05744010-4", "NOM_ESTACI": "APR CHOROMBO", "FECHA_INST": "20/10/2015", "FECHA_LLEN": "31/07/2017", "FECHA_SUSP": null, "COD_REG": "13", "COD_PROV": "135", "COD_COM": "13504", "REGION": "Metropolitana de Santiago", "PROVINCIA": "Melipilla", "COMUNA": "María Pinto", "REGION_RES": "METROPOLITANA", "COD_CUEN": "057", "COD_SUBC": "0574", "COD_SSUBC": "05744", "NOM_CUEN": "Rio Maipo", "NOM_SUBC": "Rio Maipo Bajo (Entre Rio Mapocho y Desembocadura)", "NOM_SSUBC": "Estero Puangue Entre Estero Sin Nombre y Bajo Junta Estero Amestica", "ALTITUD_MS": 166, "AREA_DRENA": 0.0, "NOM_ACUIF": "Rio Maipo", "SHAC": "Puangue Medio", "UBICACIÓN": null, "OBSERVACIO": null, "LUGAR": "POZO", "INSTITUCIO": null, "TIPO_ESTAC": "*CALIDAD DE AGUA\n", "TIPO_EST_1": "CALIDAD DE AGUA\n", "TIPO_EST_2": null, "TIPO_EST_3": null, "TIPO_EST_4": null, "FUENTE_00": null, "FUENTE_01": null, "FUENTE_02": null, "FUENTE_03": null, "FUENTE_04": null, "PARAMETROS": "*PARAMETROS FISICO-QUIMICO (VARIOS) | minimo: 0, maximo: 0\n", "INSTRUMENT": "*INSTRUMENTOS VARIOS DE LABORATORIO\n", "PROCESOS": null, "PERFIL_TOP": null, "LAGO_ASOCI": null, "POZO": null, "LATITUD": -33.497738984000001, "LONGITUD": -71.237906384, "ESTE_8418": 0, "NORTE_8418": 0, "ESTE_8419": 292105, "NORTE_8419": 6291290, "ESTE_8412": 0, "NORTE_8412": 0, "HUSO_REAL": 19 }, "geometry": { "type": "Point", "coordinates": [ -71.237906383999984, -33.497738983999966 ] } },
{ "type": "Feature", "properties": { "OBJECTID": 1147, "COD_BNA": "05744011-2", "NOM_ESTACI": "APR EL ROSARIO", "FECHA_INST": "20/10/2015", "FECHA_LLEN": "31/07/2017", "FECHA_SUSP": null, "COD_REG": "13", "COD_PROV": "135", "COD_COM": "13504", "REGION": "Metropolitana de Santiago", "PROVINCIA": "Melipilla", "COMUNA": "María Pinto", "REGION_RES": "METROPOLITANA", "COD_CUEN": "057", "COD_SUBC": "0574", "COD_SSUBC": "05744", "NOM_CUEN": "Rio Maipo", "NOM_SUBC": "Rio Maipo Bajo (Entre Rio Mapocho y Desembocadura)", "NOM_SSUBC": "Estero Puangue Entre Estero Sin Nombre y Bajo Junta Estero Amestica", "ALTITUD_MS": 151, "AREA_DRENA": 0.0, "NOM_ACUIF": "Rio Maipo", "SHAC": "Puangue Medio", "UBICACIÓN": null, "OBSERVACIO": null, "LUGAR": "POZO", "INSTITUCIO": "DIRECCION GENERAL DE AGUAS", "TIPO_ESTAC": "*CALIDAD DE AGUA\n", "TIPO_EST_1": "CALIDAD DE AGUA\n", "TIPO_EST_2": null, "TIPO_EST_3": null, "TIPO_EST_4": null, "FUENTE_00": null, "FUENTE_01": null, "FUENTE_02": null, "FUENTE_03": null, "FUENTE_04": null, "PARAMETROS": "*PARAMETROS FISICO-QUIMICO (VARIOS) | minimo: 0, maximo: 0\n", "INSTRUMENT": "*INSTRUMENTOS VARIOS DE LABORATORIO\n", "PROCESOS": null, "PERFIL_TOP": null, "LAGO_ASOCI": null, "POZO": null, "LATITUD": -33.509487131999997, "LONGITUD": -71.146273312999995, "ESTE_8418": 0, "NORTE_8418": 0, "ESTE_8419": 300646, "NORTE_8419": 6290167, "ESTE_8412": 0, "NORTE_8412": 0, "HUSO_REAL": 19 }, "geometry": { "type": "Point", "coordinates": [ -71.146273312999938, -33.509487131999947 ] } },
{ "type": "Feature", "properties": { "OBJECTID": 1148, "COD_BNA": "05744012-0", "NOM_ESTACI": "APR IBACACHE", "FECHA_INST": "21/10/2015", "FECHA_LLEN": "31/07/2017", "FECHA_SUSP": null, "COD_REG": "13", "COD_PROV": "135", "COD_COM": "13504", "REGION": "Metropolitana de Santiago", "PROVINCIA": "Melipilla", "COMUNA": "María Pinto", "REGION_RES": "METROPOLITANA", "COD_CUEN": "057", "COD_SUBC": "0574", "COD_SSUBC": "05744", "NOM_CUEN": "Rio Maipo", "NOM_SUBC": "Rio Maipo Bajo (Entre Rio Mapocho y Desembocadura)", "NOM_SSUBC": "Estero Puangue Entre Estero Sin Nombre y Bajo Junta Estero Amestica", "ALTITUD_MS": 17, "AREA_DRENA": 0.0, "NOM_ACUIF": "Rio Maipo", "SHAC": "Puangue Medio", "UBICACIÓN": null, "OBSERVACIO": null, "LUGAR": "POZO", "INSTITUCIO": "DIRECCION GENERAL DE AGUAS", "TIPO_ESTAC": "*CALIDAD DE AGUA\n", "TIPO_EST_1": "CALIDAD DE AGUA\n", "TIPO_EST_2": null, "TIPO_EST_3": null, "TIPO_EST_4": null, "FUENTE_00": null, "FUENTE_01": null, "FUENTE_02": null, "FUENTE_03": null, "FUENTE_04": null, "PARAMETROS": "*PARAMETROS FISICO-QUIMICO (VARIOS) | minimo: 0, maximo: 0\n", "INSTRUMENT": "*INSTRUMENTOS VARIOS DE LABORATORIO\n", "PROCESOS": null, "PERFIL_TOP": null, "LAGO_ASOCI": null, "POZO": null, "LATITUD": -33.488175472000002, "LONGITUD": -71.268448084, "ESTE_8418": 0, "NORTE_8418": 0, "ESTE_8419": 289244, "NORTE_8419": 6292289, "ESTE_8412": 0, "NORTE_8412": 0, "HUSO_REAL": 19 }, "geometry": { "type": "Point", "coordinates": [ -71.268448083999942, -33.488175471999966 ] } },
{ "type": "Feature", "properties": { "OBJECTID": 1149, "COD_BNA": "05744013-9", "NOM_ESTACI": "APR LA PALMA", "FECHA_INST": "21/10/2015", "FECHA_LLEN": "31/07/2017", "FECHA_SUSP": null, "COD_REG": "13", "COD_PROV": "135", "COD_COM": "13504", "REGION": "Metropolitana de Santiago", "PROVINCIA": "Melipilla", "COMUNA": "María Pinto", "REGION_RES": "METROPOLITANA", "COD_CUEN": "057", "COD_SUBC": "0574", "COD_SSUBC": "05744", "NOM_CUEN": "Rio Maipo", "NOM_SUBC": "Rio Maipo Bajo (Entre Rio Mapocho y Desembocadura)", "NOM_SSUBC": "Estero Puangue Entre Estero Sin Nombre y Bajo Junta Estero Amestica", "ALTITUD_MS": 190, "AREA_DRENA": 0.0, "NOM_ACUIF": "Rio Maipo", "SHAC": "Puangue Medio", "UBICACIÓN": null, "OBSERVACIO": null, "LUGAR": "POZO", "INSTITUCIO": "DIRECCION GENERAL DE AGUAS", "TIPO_ESTAC": "*CALIDAD DE AGUA\n", "TIPO_EST_1": "CALIDAD DE AGUA\n", "TIPO_EST_2": null, "TIPO_EST_3": null, "TIPO_EST_4": null, "FUENTE_00": null, "FUENTE_01": null, "FUENTE_02": null, "FUENTE_03": null, "FUENTE_04": null, "PARAMETROS": "*PARAMETROS FISICO-QUIMICO (VARIOS) | minimo: 0, maximo: 0\n", "INSTRUMENT": "*INSTRUMENTOS VARIOS DE LABORATORIO\n", "PROCESOS": null, "PERFIL_TOP": null, "LAGO_ASOCI": null, "POZO": null, "LATITUD": -33.457460151, "LONGITUD": -71.284848471999993, "ESTE_8418": 0, "NORTE_8418": 0, "ESTE_8419": 287645, "NORTE_8419": 6295662, "ESTE_8412": 0, "NORTE_8412": 0, "HUSO_REAL": 19 }, "geometry": { "type": "Point", "coordinates": [ -71.284848471999965, -33.457460150999964 ] } },
{ "type": "Feature", "properties": { "OBJECTID": 1150, "COD_BNA": "05744014-7", "NOM_ESTACI": "APR LAS MERCEDES", "FECHA_INST": "20/10/2015", "FECHA_LLEN": "31/07/2017", "FECHA_SUSP": null, "COD_REG": "13", "COD_PROV": "135", "COD_COM": "13504", "REGION": "Metropolitana de Santiago", "PROVINCIA": "Melipilla", "COMUNA": "María Pinto", "REGION_RES": "METROPOLITANA", "COD_CUEN": "057", "COD_SUBC": "0574", "COD_SSUBC": "05744", "NOM_CUEN": "Rio Maipo", "NOM_SUBC": "Rio Maipo Bajo (Entre Rio Mapocho y Desembocadura)", "NOM_SSUBC": "Estero Puangue Entre Estero Sin Nombre y Bajo Junta Estero Amestica", "ALTITUD_MS": 170, "AREA_DRENA": 0.0, "NOM_ACUIF": "Rio Maipo", "SHAC": "Puangue Medio", "UBICACIÓN": null, "OBSERVACIO": null, "LUGAR": "POZO", "INSTITUCIO": "DIRECCION GENERAL DE AGUAS", "TIPO_ESTAC": "*CALIDAD DE AGUA\n", "TIPO_EST_1": "CALIDAD DE AGUA\n", "TIPO_EST_2": null, "TIPO_EST_3": null, "TIPO_EST_4": null, "FUENTE_00": null, "FUENTE_01": null, "FUENTE_02": null, "FUENTE_03": null, "FUENTE_04": null, "PARAMETROS": "*PARAMETROS FISICO-QUIMICO (VARIOS) | minimo: 0, maximo: 0\n", "INSTRUMENT": "*INSTRUMENTOS VARIOS DE LABORATORIO\n", "PROCESOS": null, "PERFIL_TOP": null, "LAGO_ASOCI": null, "POZO": null, "LATITUD": -33.491393717999998, "LONGITUD": -71.185236568999997, "ESTE_8418": 0, "NORTE_8418": 0, "ESTE_8419": 296984, "NORTE_8419": 6292098, "ESTE_8412": 0, "NORTE_8412": 0, "HUSO_REAL": 19 }, "geometry": { "type": "Point", "coordinates": [ -71.185236568999983, -33.491393717999983 ] } },
{ "type": "Feature", "properties": { "OBJECTID": 1151, "COD_BNA": "05744016-3", "NOM_ESTACI": "APR LO OVALLE", "FECHA_INST": "20/10/2015", "FECHA_LLEN": "31/07/2017", "FECHA_SUSP": null, "COD_REG": "13", "COD_PROV": "135", "COD_COM": "13504", "REGION": "Metropolitana de Santiago", "PROVINCIA": "Melipilla", "COMUNA": "María Pinto", "REGION_RES": "METROPOLITANA", "COD_CUEN": "057", "COD_SUBC": "0574", "COD_SSUBC": "05744", "NOM_CUEN": "Rio Maipo", "NOM_SUBC": "Rio Maipo Bajo (Entre Rio Mapocho y Desembocadura)", "NOM_SSUBC": "Estero Puangue Entre Estero Sin Nombre y Bajo Junta Estero Amestica", "ALTITUD_MS": 167, "AREA_DRENA": 0.0, "NOM_ACUIF": "Rio Maipo", "SHAC": "Puangue Medio", "UBICACIÓN": null, "OBSERVACIO": null, "LUGAR": "POZO", "INSTITUCIO": "DIRECCION GENERAL DE AGUAS", "TIPO_ESTAC": "*CALIDAD DE AGUA\n", "TIPO_EST_1": "CALIDAD DE AGUA\n", "TIPO_EST_2": null, "TIPO_EST_3": null, "TIPO_EST_4": null, "FUENTE_00": null, "FUENTE_01": null, "FUENTE_02": null, "FUENTE_03": null, "FUENTE_04": null, "PARAMETROS": "*PARAMETROS FISICO-QUIMICO (VARIOS) | minimo: 0, maximo: 0\n", "INSTRUMENT": "*INSTRUMENTOS VARIOS DE LABORATORIO\n", "PROCESOS": null, "PERFIL_TOP": null, "LAGO_ASOCI": null, "POZO": null, "LATITUD": -33.491910066000003, "LONGITUD": -71.071215078999998, "ESTE_8418": 0, "NORTE_8418": 0, "ESTE_8419": 307580, "NORTE_8419": 6292258, "ESTE_8412": 0, "NORTE_8412": 0, "HUSO_REAL": 19 }, "geometry": { "type": "Point", "coordinates": [ -71.071215078999955, -33.491910065999946 ] } },
{ "type": "Feature", "properties": { "OBJECTID": 1152, "COD_BNA": "05744017-1", "NOM_ESTACI": "APR LOS RULOS", "FECHA_INST": "20/10/2015", "FECHA_LLEN": "31/07/2017", "FECHA_SUSP": null, "COD_REG": "13", "COD_PROV": "135", "COD_COM": "13504", "REGION": "Metropolitana de Santiago", "PROVINCIA": "Melipilla", "COMUNA": "María Pinto", "REGION_RES": "METROPOLITANA", "COD_CUEN": "057", "COD_SUBC": "0574", "COD_SSUBC": "05744", "NOM_CUEN": "Rio Maipo", "NOM_SUBC": "Rio Maipo Bajo (Entre Rio Mapocho y Desembocadura)", "NOM_SSUBC": "Estero Puangue Entre Estero Sin Nombre y Bajo Junta Estero Amestica", "ALTITUD_MS": 173, "AREA_DRENA": 0.0, "NOM_ACUIF": "Rio Maipo", "SHAC": "Puangue Medio", "UBICACIÓN": null, "OBSERVACIO": null, "LUGAR": "POZO", "INSTITUCIO": "DIRECCION GENERAL DE AGUAS", "TIPO_ESTAC": "*CALIDAD DE AGUA\n", "TIPO_EST_1": "CALIDAD DE AGUA\n", "TIPO_EST_2": null, "TIPO_EST_3": null, "TIPO_EST_4": null, "FUENTE_00": null, "FUENTE_01": null, "FUENTE_02": null, "FUENTE_03": null, "FUENTE_04": null, "PARAMETROS": "*PARAMETROS FISICO-QUIMICO (VARIOS) | minimo: 0, maximo: 0\n", "INSTRUMENT": "*INSTRUMENTOS VARIOS DE LABORATORIO\n", "PROCESOS": null, "PERFIL_TOP": null, "LAGO_ASOCI": null, "POZO": null, "LATITUD": -33.463030373000002, "LONGITUD": -71.082340638999995, "ESTE_8418": 0, "NORTE_8418": 0, "ESTE_8419": 306482, "NORTE_8419": 6295440, "ESTE_8412": 0, "NORTE_8412": 0, "HUSO_REAL": 19 }, "geometry": { "type": "Point", "coordinates": [ -71.082340638999938, -33.463030372999981 ] } },
{ "type": "Feature", "properties": { "OBJECTID": 1153, "COD_BNA": "05744018-K", "NOM_ESTACI": "APR MARIA PINTO POZO 3", "FECHA_INST": "21/10/2015", "FECHA_LLEN": "31/07/2017", "FECHA_SUSP": null, "COD_REG": "13", "COD_PROV": "135", "COD_COM": "13504", "REGION": "Metropolitana de Santiago", "PROVINCIA": "Melipilla", "COMUNA": "María Pinto", "REGION_RES": "METROPOLITANA", "COD_CUEN": "057", "COD_SUBC": "0574", "COD_SSUBC": "05744", "NOM_CUEN": "Rio Maipo", "NOM_SUBC": "Rio Maipo Bajo (Entre Rio Mapocho y Desembocadura)", "NOM_SSUBC": "Estero Puangue Entre Estero Sin Nombre y Bajo Junta Estero Amestica", "ALTITUD_MS": 159, "AREA_DRENA": 0.0, "NOM_ACUIF": "Rio Maipo", "SHAC": "Puangue Medio", "UBICACIÓN": null, "OBSERVACIO": null, "LUGAR": "POZO", "INSTITUCIO": "DIRECCION GENERAL DE AGUAS", "TIPO_ESTAC": "*CALIDAD DE AGUA\n", "TIPO_EST_1": "CALIDAD DE AGUA\n", "TIPO_EST_2": null, "TIPO_EST_3": null, "TIPO_EST_4": null, "FUENTE_00": null, "FUENTE_01": null, "FUENTE_02": null, "FUENTE_03": null, "FUENTE_04": null, "PARAMETROS": "*PARAMETROS FISICO-QUIMICO (VARIOS) | minimo: 0, maximo: 0\n", "INSTRUMENT": "*INSTRUMENTOS VARIOS DE LABORATORIO\n", "PROCESOS": null, "PERFIL_TOP": null, "LAGO_ASOCI": null, "POZO": null, "LATITUD": -33.509408831000002, "LONGITUD": -71.121513754999995, "ESTE_8418": 0, "NORTE_8418": 0, "ESTE_8419": 302946, "NORTE_8419": 6290223, "ESTE_8412": 0, "NORTE_8412": 0, "HUSO_REAL": 19 }, "geometry": { "type": "Point", "coordinates": [ -71.121513754999967, -33.509408830999973 ] } },
{ "type": "Feature", "properties": { "OBJECTID": 1154, "COD_BNA": "05744021-K", "NOM_ESTACI": "APR MARIA PINTO POZO 4", "FECHA_INST": "13/03/2018", "FECHA_LLEN": "20/05/2020", "FECHA_SUSP": null, "COD_REG": "13", "COD_PROV": "135", "COD_COM": "13504", "REGION": "Metropolitana de Santiago", "PROVINCIA": "Melipilla", "COMUNA": "María Pinto", "REGION_RES": "METROPOLITANA", "COD_CUEN": "057", "COD_SUBC": "0574", "COD_SSUBC": "05744", "NOM_CUEN": "Rio Maipo", "NOM_SUBC": "Rio Maipo Bajo (Entre Rio Mapocho y Desembocadura)", "NOM_SSUBC": "Estero Puangue Entre Estero Sin Nombre y Bajo Junta Estero Amestica", "ALTITUD_MS": 0, "AREA_DRENA": 0.0, "NOM_ACUIF": "Rio Maipo", "SHAC": "Puangue Medio", "UBICACIÓN": null, "OBSERVACIO": null, "LUGAR": "POZO", "INSTITUCIO": "DIRECCION GENERAL DE AGUAS", "TIPO_ESTAC": "*CALIDAD DE AGUA\n", "TIPO_EST_1": "CALIDAD DE AGUA\n", "TIPO_EST_2": null, "TIPO_EST_3": null, "TIPO_EST_4": null, "FUENTE_00": null, "FUENTE_01": null, "FUENTE_02": null, "FUENTE_03": null, "FUENTE_04": null, "PARAMETROS": "*PARAMETROS FISICO-QUIMICO (VARIOS) | minimo: 0, maximo: 0\n", "INSTRUMENT": "*INSTRUMENTOS VARIOS DE LABORATORIO\n", "PROCESOS": null, "PERFIL_TOP": null, "LAGO_ASOCI": null, "POZO": null, "LATITUD": -33.509408831000002, "LONGITUD": -71.121513754999995, "ESTE_8418": 0, "NORTE_8418": 0, "ESTE_8419": 302946, "NORTE_8419": 6290223, "ESTE_8412": 0, "NORTE_8412": 0, "HUSO_REAL": 19 }, "geometry": { "type": "Point", "coordinates": [ -71.121513754999967, -33.509408830999973 ] } },
{ "type": "Feature", "properties": { "OBJECTID": 1155, "COD_BNA": "05707002-1", "NOM_ESTACI": "RIO COLORADO ANTES JUNTA RIO MAIPO", "FECHA_INST": "01/07/1940", "FECHA_LLEN": "22/01/2024", "FECHA_SUSP": null, "COD_REG": "13", "COD_PROV": "132", "COD_COM": "13203", "REGION": "Metropolitana de Santiago", "PROVINCIA": "Cordillera", "COMUNA": "San José de Maipo", "REGION_RES": "METROPOLITANA", "COD_CUEN": "057", "COD_SUBC": "0570", "COD_SSUBC": "05707", "NOM_CUEN": "Rio Maipo", "NOM_SUBC": "Rio Maipo Alto", "NOM_SSUBC": "Rio Colorado entre Rio Olivares y Rio Maipo", "ALTITUD_MS": 880, "AREA_DRENA": 1713.0, "NOM_ACUIF": "Cuencas Altas Maipo", "SHAC": "Rio Colorado", "UBICACIÓN": null, "OBSERVACIO": "*Se pasa y se corrige altura ya que sensor se vuelve a instalar en otra tubería por empresa.\n*REINICIACION DE REGISTROS LG.\n*ESTACION AFECTADA POR AVALANCHA. 1 AFORO DESPUES DE AVALANCHA 28/04/1988 LUEGO DE REPARAR CABLE\n", "LUGAR": "CAUCE NATURAL", "INSTITUCIO": "DIRECCION GENERAL DE AGUAS", "TIPO_ESTAC": "*FLUVIOMETRICA\n*SEDIMENTOMETRICA\n*CALIDAD DE AGUA\n", "TIPO_EST_1": "FLUVIOMETRICA", "TIPO_EST_2": "SEDIMENTOMETRICA\n", "TIPO_EST_3": "CALIDAD DE AGUA\n", "TIPO_EST_4": null, "FUENTE_00": "*SAT\n*DTL\n", "FUENTE_01": "SAT\n", "FUENTE_02": "DTL\n", "FUENTE_03": null, "FUENTE_04": null, "PARAMETROS": "*ALTURA (m) | minimo: -2, maximo: 15\n*CAUDAL (m3/s) | minimo: 0, maximo: 10000\n*AFORO (m3/s) | minimo: 0, maximo: 10000\n*CURVA DE DESCARGA (M-M3/S) | minimo: 0, maximo: 10000\n*MUESTREO INTEGRADO (mg/lt) | minimo: 0, maximo: 0\n*MUESTREO RUTINARIO (mg/lt)", "INSTRUMENT": "*LIMNIMETRO DE REGLA GRADUADA | SUSPENDIDO(01/07/1964)\n*LIMNIGRAFO DE FLOTADOR\n*MOLINETE TIPO 622\n*CALCULO EN OFICINA\n", "PROCESOS": null, "PERFIL_TOP": "*N° Perfil: 1 | Fecha: 01/07/1988 | Delta H: 100 | Delta X: 100\n", "LAGO_ASOCI": null, "POZO": null, "LATITUD": -33.593058295, "LONGITUD": -70.370351631999995, "ESTE_8418": 0, "NORTE_8418": 0, "ESTE_8419": 372846, "NORTE_8419": 6282122, "ESTE_8412": 0, "NORTE_8412": 0, "HUSO_REAL": 19 }, "geometry": { "type": "Point", "coordinates": [ -70.370351631999938, -33.593058294999935 ] } },
{ "type": "Feature", "properties": { "OBJECTID": 1156, "COD_BNA": "05707003-K", "NOM_ESTACI": "MAITENES", "FECHA_INST": "01/05/1979", "FECHA_LLEN": "15/12/2020", "FECHA_SUSP": null, "COD_REG": "13", "COD_PROV": "132", "COD_COM": "13203", "REGION": "Metropolitana de Santiago", "PROVINCIA": "Cordillera", "COMUNA": "San José de Maipo", "REGION_RES": "METROPOLITANA", "COD_CUEN": "057", "COD_SUBC": "0570", "COD_SSUBC": "05707", "NOM_CUEN": "Rio Maipo", "NOM_SUBC": "Rio Maipo Alto", "NOM_SSUBC": "Rio Colorado entre Rio Olivares y Rio Maipo", "ALTITUD_MS": 1143, "AREA_DRENA": 0.0, "NOM_ACUIF": "Cuencas Altas Maipo", "SHAC": "Rio Colorado", "UBICACIÓN": "punto de generacion y descarga sector Maitenes", "OBSERVACIO": "*FECHA INICIO DE ESTADISTICA.\n", "LUGAR": "ZONA RURAL", "INSTITUCIO": "DIRECCION GENERAL DE AGUAS", "TIPO_ESTAC": "*METEOROLOGICA\n", "TIPO_EST_1": "METEOROLOGICA\n", "TIPO_EST_2": null, "TIPO_EST_3": null, "TIPO_EST_4": null, "FUENTE_00": "*FOR\n*SAT\n", "FUENTE_01": "FOR\n", "FUENTE_02": "SAT\n", "FUENTE_03": null, "FUENTE_04": null, "PARAMETROS": "*PRECIPITACION (mm) | minimo: 0, maximo: 80\n", "INSTRUMENT": "*PLUVIOMETRO HELLMAN\n*NIVOMETRO | SUSPENDIDO(01/10/1987)\n", "PROCESOS": "*PROCESO DE DATOS METEOROLÓGICOS | ALGUNAS FUENTES | SUSPENDIDO(17/05/2022)\n", "PERFIL_TOP": null, "LAGO_ASOCI": null, "POZO": null, "LATITUD": -33.531100016000003, "LONGITUD": -70.261815518000006, "ESTE_8418": 0, "NORTE_8418": 0, "ESTE_8419": 382834, "NORTE_8419": 6289120, "ESTE_8412": 0, "NORTE_8412": 0, "HUSO_REAL": 19 }, "geometry": { "type": "Point", "coordinates": [ -70.261815517999935, -33.531100015999982 ] } },
{ "type": "Feature", "properties": { "OBJECTID": 1157, "COD_BNA": "05707005-6", "NOM_ESTACI": "RIO COLORADO", "FECHA_INST": "02/05/2021", "FECHA_LLEN": "27/05/2021", "FECHA_SUSP": null, "COD_REG": "13", "COD_PROV": "132", "COD_COM": "13203", "REGION": "Metropolitana de Santiago", "PROVINCIA": "Cordillera", "COMUNA": "San José de Maipo", "REGION_RES": "METROPOLITANA", "COD_CUEN": "057", "COD_SUBC": "0570", "COD_SSUBC": "05707", "NOM_CUEN": "Rio Maipo", "NOM_SUBC": "Rio Maipo Alto", "NOM_SSUBC": "Rio Colorado entre Rio Olivares y Rio Maipo", "ALTITUD_MS": 1059, "AREA_DRENA": 338.0, "NOM_ACUIF": "Cuencas Altas Maipo", "SHAC": "Rio Colorado", "UBICACIÓN": null, "OBSERVACIO": "*Estación necesita mantencion después de la última crecida. Se debe corrige curva.\n*Estación necesita mantencion después de la última crecida.\n", "LUGAR": "CAUCE NATURAL", "INSTITUCIO": "DIRECCION GENERAL DE AGUAS", "TIPO_ESTAC": "*FLUVIOMETRICA\n*CALIDAD DE AGUA\n", "TIPO_EST_1": "FLUVIOMETRICA", "TIPO_EST_2": "CALIDAD DE AGUA\n", "TIPO_EST_3": null, "TIPO_EST_4": null, "FUENTE_00": "*SAT\n", "FUENTE_01": "SAT\n", "FUENTE_02": null, "FUENTE_03": null, "FUENTE_04": null, "PARAMETROS": "*ALTURA (m) | minimo: -2, maximo: 15\n*CAUDAL (m3/s) | minimo: 0, maximo: 10000\n*AFORO (m3/s) | minimo: 0, maximo: 10000\n*CURVA DE DESCARGA (M-M3/S) | minimo: 0, maximo: 10000\n*PARAMETROS FISICO-QUIMICO (VARIOS) | minimo: 0, maximo: 0\n", "INSTRUMENT": "*CALCULO EN OFICINA\n", "PROCESOS": null, "PERFIL_TOP": null, "LAGO_ASOCI": null, "POZO": null, "LATITUD": -33.548339716999998, "LONGITUD": -70.291944559000001, "ESTE_8418": 0, "NORTE_8418": 0, "ESTE_8419": 380060, "NORTE_8419": 6287174, "ESTE_8412": 0, "NORTE_8412": 0, "HUSO_REAL": 19 }, "geometry": { "type": "Point", "coordinates": [ -70.291944558999944, -33.548339716999976 ] } },
{ "type": "Feature", "properties": { "OBJECTID": 1168, "COD_BNA": "05737019-K", "NOM_ESTACI": "RIO MAPOCHO EN EL TREBAL", "FECHA_INST": "01/04/2016", "FECHA_LLEN": "16/05/2016", "FECHA_SUSP": null, "COD_REG": "13", "COD_PROV": "131", "COD_COM": "13119", "REGION": "Metropolitana de Santiago", "PROVINCIA": "Santiago", "COMUNA": "Maipú", "REGION_RES": "METROPOLITANA", "COD_CUEN": "057", "COD_SUBC": "0573", "COD_SSUBC": "05737", "NOM_CUEN": "Rio Maipo", "NOM_SUBC": "Mapocho Bajo", "NOM_SSUBC": "Rio Mapocho entre Zanjon de la Aguada y Rio Maipo", "ALTITUD_MS": 429, "AREA_DRENA": 0.0, "NOM_ACUIF": "Rio Maipo", "SHAC": "Santiago Central", "UBICACIÓN": "CAMINO EL TREBAL-FUNDO EL TREBAL 3201 COMUNA DE PADRE HURTADO", "OBSERVACIO": "*PERSONAS AJENAS TIRAN CABLE DE SENSOR DE NIVEL Y SE DESCONECTA, SE SOLICITARA SENSOR DE NIVEL PARA INSTALAR DE NUEVO.\n", "LUGAR": "CAUCE NATURAL", "INSTITUCIO": "DIRECCION GENERAL DE AGUAS", "TIPO_ESTAC": "*FLUVIOMETRICA\n*SEDIMENTOMETRICA\n", "TIPO_EST_1": "FLUVIOMETRICA", "TIPO_EST_2": "SEDIMENTOMETRICA\n", "TIPO_EST_3": null, "TIPO_EST_4": null, "FUENTE_00": "*DTL\n*GPR\n", "FUENTE_01": "DTL\n", "FUENTE_02": "GPR\n", "FUENTE_03": null, "FUENTE_04": null, "PARAMETROS": "*ALTURA (m) | minimo: -2, maximo: 15\n*CAUDAL (m3/s) | minimo: 0, maximo: 10000\n*AFORO (m3/s) | minimo: 0, maximo: 10000\n*CURVA DE DESCARGA (M-M3/S) | minimo: 0, maximo: 10000\n*MUESTREO INTEGRADO (mg/lt) | minimo: 0, maximo: 0\n*MUESTREO RUTINARIO (mg/lt)", "INSTRUMENT": "*LIMNIMETRO DE REGLA GRADUADA\n*MOLINETE TIPO 622\n*BOTELLA MUESTREADORA-MUESTREO DETALLADO\n*CALCULO EN OFICINA\n", "PROCESOS": null, "PERFIL_TOP": null, "LAGO_ASOCI": null, "POZO": null, "LATITUD": -33.543611391, "LONGITUD": -70.815286142999994, "ESTE_8418": 0, "NORTE_8418": 0, "ESTE_8419": 331460, "NORTE_8419": 6286970, "ESTE_8412": 0, "NORTE_8412": 0, "HUSO_REAL": 19 }, "geometry": { "type": "Point", "coordinates": [ -70.81528614299998, -33.543611390999956 ] } },
{ "type": "Feature", "properties": { "OBJECTID": 1169, "COD_BNA": "05737020-3", "NOM_ESTACI": "RIO MAPOCHO D/JUNTA CON ZANJON DE LA AGUADA", "FECHA_INST": "18/11/2016", "FECHA_LLEN": "09/03/2017", "FECHA_SUSP": null, "COD_REG": "13", "COD_PROV": "131", "COD_COM": "13119", "REGION": "Metropolitana de Santiago", "PROVINCIA": "Santiago", "COMUNA": "Maipú", "REGION_RES": "METROPOLITANA", "COD_CUEN": "057", "COD_SUBC": "0573", "COD_SSUBC": "05737", "NOM_CUEN": "Rio Maipo", "NOM_SUBC": "Mapocho Bajo", "NOM_SSUBC": "Rio Mapocho entre Zanjon de la Aguada y Rio Maipo", "ALTITUD_MS": 414, "AREA_DRENA": 0.0, "NOM_ACUIF": "Rio Maipo", "SHAC": "Santiago Central", "UBICACIÓN": "Estación creada para red de obs de la NSCA del Maipo", "OBSERVACIO": null, "LUGAR": "CAUCE NATURAL", "INSTITUCIO": "DIRECCION GENERAL DE AGUAS", "TIPO_ESTAC": "*CALIDAD DE AGUA\n", "TIPO_EST_1": "CALIDAD DE AGUA\n", "TIPO_EST_2": null, "TIPO_EST_3": null, "TIPO_EST_4": null, "FUENTE_00": null, "FUENTE_01": null, "FUENTE_02": null, "FUENTE_03": null, "FUENTE_04": null, "PARAMETROS": "*PARAMETROS FISICO-QUIMICO (VARIOS) | minimo: 0, maximo: 0\n", "INSTRUMENT": "*INSTRUMENTOS VARIOS DE LABORATORIO\n", "PROCESOS": null, "PERFIL_TOP": null, "LAGO_ASOCI": null, "POZO": null, "LATITUD": -33.492517327999998, "LONGITUD": -70.802864022999998, "ESTE_8418": 0, "NORTE_8418": 0, "ESTE_8419": 332515, "NORTE_8419": 6292656, "ESTE_8412": 0, "NORTE_8412": 0, "HUSO_REAL": 19 }, "geometry": { "type": "Point", "coordinates": [ -70.802864022999984, -33.492517327999963 ] } },
{ "type": "Feature", "properties": { "OBJECTID": 1170, "COD_BNA": "05737028-9", "NOM_ESTACI": "CANAL LAS MERCEDES", "FECHA_INST": "01/06/2020", "FECHA_LLEN": "16/06/2020", "FECHA_SUSP": null, "COD_REG": "13", "COD_PROV": "131", "COD_COM": "13119", "REGION": "Metropolitana de Santiago", "PROVINCIA": "Santiago", "COMUNA": "Maipú", "REGION_RES": "METROPOLITANA", "COD_CUEN": "057", "COD_SUBC": "0573", "COD_SSUBC": "05737", "NOM_CUEN": "Rio Maipo", "NOM_SUBC": "Mapocho Bajo", "NOM_SSUBC": "Rio Mapocho entre Zanjon de la Aguada y Rio Maipo", "ALTITUD_MS": 434, "AREA_DRENA": 0.0, "NOM_ACUIF": "Rio Maipo", "SHAC": "Santiago Central", "UBICACIÓN": null, "OBSERVACIO": null, "LUGAR": "CANAL", "INSTITUCIO": "DIRECCION GENERAL DE AGUAS", "TIPO_ESTAC": "*FLUVIOMETRICA\n", "TIPO_EST_1": "FLUVIOMETRICA", "TIPO_EST_2": null, "TIPO_EST_3": null, "TIPO_EST_4": null, "FUENTE_00": "*GPR\n", "FUENTE_01": "GPR\n", "FUENTE_02": null, "FUENTE_03": null, "FUENTE_04": null, "PARAMETROS": "*ALTURA (m) | minimo: -2, maximo: 15\n*CAUDAL (m3/s) | minimo: 0, maximo: 10000\n*AFORO (m3/s) | minimo: 0, maximo: 10000\n*CURVA DE DESCARGA (M-M3/S) | minimo: 0, maximo: 10000\n", "INSTRUMENT": "*LIMNIMETRO DE REGLA GRADUADA\n*MOLINETE TIPO 622\n*CALCULO EN OFICINA\n", "PROCESOS": null, "PERFIL_TOP": null, "LAGO_ASOCI": null, "POZO": null, "LATITUD": -33.51666756, "LONGITUD": -70.825004430999996, "ESTE_8418": 0, "NORTE_8418": 0, "ESTE_8419": 330505, "NORTE_8419": 6289942, "ESTE_8412": 0, "NORTE_8412": 0, "HUSO_REAL": 19 }, "geometry": { "type": "Point", "coordinates": [ -70.825004430999968, -33.516667559999973 ] } },
{ "type": "Feature", "properties": { "OBJECTID": 1171, "COD_BNA": "05737029-7", "NOM_ESTACI": "PC RIO MAPOCHO EN PTE. RINCONADA DE MAIPU", "FECHA_INST": "12/06/2024", "FECHA_LLEN": "12/06/2024", "FECHA_SUSP": null, "COD_REG": "13", "COD_PROV": "131", "COD_COM": "13119", "REGION": "Metropolitana de Santiago", "PROVINCIA": "Santiago", "COMUNA": "Maipú", "REGION_RES": "METROPOLITANA", "COD_CUEN": "057", "COD_SUBC": "0573", "COD_SSUBC": "05737", "NOM_CUEN": "Rio Maipo", "NOM_SUBC": "Mapocho Bajo", "NOM_SSUBC": "Rio Mapocho entre Zanjon de la Aguada y Rio Maipo", "ALTITUD_MS": 448, "AREA_DRENA": 338.0, "NOM_ACUIF": "Rio Maipo", "SHAC": "Santiago Central", "UBICACIÓN": "UBICADO EN PUENTE RINCONADA DE MAIPU", "OBSERVACIO": null, "LUGAR": "ZONA RURAL", "INSTITUCIO": "DIRECCION GENERAL DE AGUAS", "TIPO_ESTAC": "*FLUVIOMETRICA\n", "TIPO_EST_1": "FLUVIOMETRICA", "TIPO_EST_2": null, "TIPO_EST_3": null, "TIPO_EST_4": null, "FUENTE_00": "*GPR\n", "FUENTE_01": "GPR\n", "FUENTE_02": null, "FUENTE_03": null, "FUENTE_04": null, "PARAMETROS": "*ALTURA (m) | minimo: -2, maximo: 15\n*CAUDAL (m3/s) | minimo: 0, maximo: 10000\n*AFORO (m3/s) | minimo: 0, maximo: 10000\n*CURVA DE DESCARGA (M-M3/S) | minimo: 0, maximo: 10000\n", "INSTRUMENT": "*ESTACION AUTOMATICA M.R.I.\n*PLATAFORMA D.C.P.\n", "PROCESOS": null, "PERFIL_TOP": null, "LAGO_ASOCI": null, "POZO": null, "LATITUD": -33.498894844, "LONGITUD": -70.820002903000002, "ESTE_8418": 0, "NORTE_8418": 0, "ESTE_8419": 330935, "NORTE_8419": 6291921, "ESTE_8412": 0, "NORTE_8412": 0, "HUSO_REAL": 19 }, "geometry": { "type": "Point", "coordinates": [ -70.820002902999988, -33.498894843999949 ] } },
{ "type": "Feature", "properties": { "OBJECTID": 1172, "COD_BNA": "05737026-2", "NOM_ESTACI": "APR SANTA MARGARITA", "FECHA_INST": "06/09/2018", "FECHA_LLEN": "14/05/2020", "FECHA_SUSP": null, "COD_REG": "13", "COD_PROV": "136", "COD_COM": "13601", "REGION": "Metropolitana de Santiago", "PROVINCIA": "Talagante", "COMUNA": "Talagante", "REGION_RES": "METROPOLITANA", "COD_CUEN": "057", "COD_SUBC": "0573", "COD_SSUBC": "05737", "NOM_CUEN": "Rio Maipo", "NOM_SUBC": "Mapocho Bajo", "NOM_SSUBC": "Rio Mapocho entre Zanjon de la Aguada y Rio Maipo", "ALTITUD_MS": 0, "AREA_DRENA": 0.0, "NOM_ACUIF": "Rio Maipo", "SHAC": "Santiago Central", "UBICACIÓN": null, "OBSERVACIO": null, "LUGAR": "POZO", "INSTITUCIO": "DIRECCION GENERAL DE AGUAS", "TIPO_ESTAC": "*CALIDAD DE AGUA\n", "TIPO_EST_1": "CALIDAD DE AGUA\n", "TIPO_EST_2": null, "TIPO_EST_3": null, "TIPO_EST_4": null, "FUENTE_00": null, "FUENTE_01": null, "FUENTE_02": null, "FUENTE_03": null, "FUENTE_04": null, "PARAMETROS": "*PARAMETROS FISICO-QUIMICO (VARIOS) | minimo: 0, maximo: 0\n", "INSTRUMENT": "*INSTRUMENTOS VARIOS DE LABORATORIO\n", "PROCESOS": null, "PERFIL_TOP": null, "LAGO_ASOCI": null, "POZO": null, "LATITUD": -33.651170899, "LONGITUD": -70.891919652, "ESTE_8418": 0, "NORTE_8418": 0, "ESTE_8419": 324562, "NORTE_8419": 6274915, "ESTE_8412": 0, "NORTE_8412": 0, "HUSO_REAL": 19 }, "geometry": { "type": "Point", "coordinates": [ -70.891919651999956, -33.651170898999965 ] } },
{ "type": "Feature", "properties": { "OBJECTID": 1173, "COD_BNA": "05737008-4", "NOM_ESTACI": "FUNDO MARRUECOS", "FECHA_INST": "01/06/1989", "FECHA_LLEN": "17/12/2020", "FECHA_SUSP": null, "COD_REG": "13", "COD_PROV": "136", "COD_COM": "13604", "REGION": "Metropolitana de Santiago", "PROVINCIA": "Talagante", "COMUNA": "Padre Hurtado", "REGION_RES": "METROPOLITANA", "COD_CUEN": "057", "COD_SUBC": "0573", "COD_SSUBC": "05737", "NOM_CUEN": "Rio Maipo", "NOM_SUBC": "Mapocho Bajo", "NOM_SSUBC": "Rio Mapocho entre Zanjon de la Aguada y Rio Maipo", "ALTITUD_MS": 430, "AREA_DRENA": 0.0, "NOM_ACUIF": "Rio Maipo", "SHAC": "Santiago Central", "UBICACIÓN": "A 2500 MTS. DEL CRUCE CARRETERA 78 ENTRANDO POR ANTIGUO CAMINO A VALPARAISO", "OBSERVACIO": null, "LUGAR": "ZONA RURAL", "INSTITUCIO": "DIRECCION GENERAL DE AGUAS", "TIPO_ESTAC": "*METEOROLOGICA\n", "TIPO_EST_1": "METEOROLOGICA\n", "TIPO_EST_2": null, "TIPO_EST_3": null, "TIPO_EST_4": null, "FUENTE_00": "*GPR\n", "FUENTE_01": "GPR\n", "FUENTE_02": null, "FUENTE_03": null, "FUENTE_04": null, "PARAMETROS": "*PRECIPITACION (mm) | minimo: 0, maximo: 100\n", "INSTRUMENT": "*PLUVIOMETRO HELLMAN | SUSPENDIDO(01/03/1990)\n*PLUVIOMETRO HELLMAN\n", "PROCESOS": "*PROCESO DE DATOS METEOROLÓGICOS | TODAS LAS FUENTES\n", "PERFIL_TOP": null, "LAGO_ASOCI": null, "POZO": null, "LATITUD": -33.55538149, "LONGITUD": -70.822522558000003, "ESTE_8418": 0, "NORTE_8418": 0, "ESTE_8419": 330811, "NORTE_8419": 6285653, "ESTE_8412": 0, "NORTE_8412": 0, "HUSO_REAL": 19 }, "geometry": { "type": "Point", "coordinates": [ -70.822522557999946, -33.555381489999945 ] } },
{ "type": "Feature", "properties": { "OBJECTID": 1174, "COD_BNA": "05737014-9", "NOM_ESTACI": "FUNDO SANTA LUCIA", "FECHA_INST": "01/09/1960", "FECHA_LLEN": null, "FECHA_SUSP": null, "COD_REG": "13", "COD_PROV": "136", "COD_COM": "13604", "REGION": "Metropolitana de Santiago", "PROVINCIA": "Talagante", "COMUNA": "Padre Hurtado", "REGION_RES": "METROPOLITANA", "COD_CUEN": "057", "COD_SUBC": "0573", "COD_SSUBC": "05737", "NOM_CUEN": "Rio Maipo", "NOM_SUBC": "Mapocho Bajo", "NOM_SSUBC": "Rio Mapocho entre Zanjon de la Aguada y Rio Maipo", "ALTITUD_MS": 520, "AREA_DRENA": 0.0, "NOM_ACUIF": "Rio Maipo", "SHAC": "Santiago Central", "UBICACIÓN": null, "OBSERVACIO": null, "LUGAR": "POZO", "INSTITUCIO": "DIRECCION GENERAL DE AGUAS", "TIPO_ESTAC": "*CONTROL DE NIVEL\n", "TIPO_EST_1": "CONTROL DE NIVEL\n", "TIPO_EST_2": null, "TIPO_EST_3": null, "TIPO_EST_4": null, "FUENTE_00": null, "FUENTE_01": null, "FUENTE_02": null, "FUENTE_03": null, "FUENTE_04": null, "PARAMETROS": "*PROFUNDIDAD (POZO) (m) | minimo: 0, maximo: 0\n", "INSTRUMENT": "*POZOMETRO\n", "PROCESOS": null, "PERFIL_TOP": null, "LAGO_ASOCI": null, "POZO": null, "LATITUD": -33.556683133, "LONGITUD": -70.827816843999997, "ESTE_8418": 0, "NORTE_8418": 0, "ESTE_8419": 330322, "NORTE_8419": 6285500, "ESTE_8412": 0, "NORTE_8412": 0, "HUSO_REAL": 19 }, "geometry": { "type": "Point", "coordinates": [ -70.827816843999983, -33.556683132999979 ] } },
{ "type": "Feature", "properties": { "OBJECTID": 1175, "COD_BNA": "05737015-7", "NOM_ESTACI": "A.P. SANTA ROSA", "FECHA_INST": "01/06/1953", "FECHA_LLEN": null, "FECHA_SUSP": null, "COD_REG": "13", "COD_PROV": "136", "COD_COM": "13604", "REGION": "Metropolitana de Santiago", "PROVINCIA": "Talagante", "COMUNA": "Padre Hurtado", "REGION_RES": "METROPOLITANA", "COD_CUEN": "057", "COD_SUBC": "0573", "COD_SSUBC": "05737", "NOM_CUEN": "Rio Maipo", "NOM_SUBC": "Mapocho Bajo", "NOM_SSUBC": "Rio Mapocho entre Zanjon de la Aguada y Rio Maipo", "ALTITUD_MS": 472, "AREA_DRENA": 0.0, "NOM_ACUIF": "Rio Maipo", "SHAC": "Santiago Central", "UBICACIÓN": null, "OBSERVACIO": null, "LUGAR": "POZO", "INSTITUCIO": "DIRECCION GENERAL DE AGUAS", "TIPO_ESTAC": "*CONTROL DE NIVEL\n", "TIPO_EST_1": "CONTROL DE NIVEL\n", "TIPO_EST_2": null, "TIPO_EST_3": null, "TIPO_EST_4": null, "FUENTE_00": null, "FUENTE_01": null, "FUENTE_02": null, "FUENTE_03": null, "FUENTE_04": null, "PARAMETROS": "*PROFUNDIDAD (POZO) (m) | minimo: 0, maximo: 0\n", "INSTRUMENT": "*POZOMETRO\n", "PROCESOS": null, "PERFIL_TOP": null, "LAGO_ASOCI": null, "POZO": null, "LATITUD": -33.568077721999998, "LONGITUD": -70.786088104000001, "ESTE_8418": 0, "NORTE_8418": 0, "ESTE_8419": 334218, "NORTE_8419": 6284304, "ESTE_8412": 0, "NORTE_8412": 0, "HUSO_REAL": 19 }, "geometry": { "type": "Point", "coordinates": [ -70.786088103999987, -33.568077721999941 ] } },
{ "type": "Feature", "properties": { "OBJECTID": 1176, "COD_BNA": "05737023-8", "NOM_ESTACI": "APR EL CURATO", "FECHA_INST": "22/10/2015", "FECHA_LLEN": "31/07/2017", "FECHA_SUSP": null, "COD_REG": "13", "COD_PROV": "136", "COD_COM": "13604", "REGION": "Metropolitana de Santiago", "PROVINCIA": "Talagante", "COMUNA": "Padre Hurtado", "REGION_RES": "METROPOLITANA", "COD_CUEN": "057", "COD_SUBC": "0573", "COD_SSUBC": "05737", "NOM_CUEN": "Rio Maipo", "NOM_SUBC": "Mapocho Bajo", "NOM_SSUBC": "Rio Mapocho entre Zanjon de la Aguada y Rio Maipo", "ALTITUD_MS": 0, "AREA_DRENA": 0.0, "NOM_ACUIF": "Rio Maipo", "SHAC": "Santiago Central", "UBICACIÓN": null, "OBSERVACIO": null, "LUGAR": "POZO", "INSTITUCIO": "DIRECCION GENERAL DE AGUAS", "TIPO_ESTAC": "*CALIDAD DE AGUA\n", "TIPO_EST_1": "CALIDAD DE AGUA\n", "TIPO_EST_2": null, "TIPO_EST_3": null, "TIPO_EST_4": null, "FUENTE_00": null, "FUENTE_01": null, "FUENTE_02": null, "FUENTE_03": null, "FUENTE_04": null, "PARAMETROS": "*PARAMETROS FISICO-QUIMICO (VARIOS) | minimo: 0, maximo: 0\n", "INSTRUMENT": "*INSTRUMENTOS VARIOS DE LABORATORIO\n", "PROCESOS": null, "PERFIL_TOP": null, "LAGO_ASOCI": null, "POZO": null, "LATITUD": -33.591362626, "LONGITUD": -70.817600576000004, "ESTE_8418": 0, "NORTE_8418": 0, "ESTE_8419": 331338, "NORTE_8419": 6281671, "ESTE_8412": 0, "NORTE_8412": 0, "HUSO_REAL": 19 }, "geometry": { "type": "Point", "coordinates": [ -70.817600575999961, -33.591362625999977 ] } },
{ "type": "Feature", "properties": { "OBJECTID": 1177, "COD_BNA": "05737024-6", "NOM_ESTACI": "APR EL TREBAL", "FECHA_INST": "22/10/2015", "FECHA_LLEN": "31/07/2017", "FECHA_SUSP": null, "COD_REG": "13", "COD_PROV": "136", "COD_COM": "13604", "REGION": "Metropolitana de Santiago", "PROVINCIA": "Talagante", "COMUNA": "Padre Hurtado", "REGION_RES": "METROPOLITANA", "COD_CUEN": "057", "COD_SUBC": "0573", "COD_SSUBC": "05737", "NOM_CUEN": "Rio Maipo", "NOM_SUBC": "Mapocho Bajo", "NOM_SSUBC": "Rio Mapocho entre Zanjon de la Aguada y Rio Maipo", "ALTITUD_MS": 0, "AREA_DRENA": 0.0, "NOM_ACUIF": "Rio Maipo", "SHAC": "Santiago Central", "UBICACIÓN": null, "OBSERVACIO": null, "LUGAR": "POZO", "INSTITUCIO": "DIRECCION GENERAL DE AGUAS", "TIPO_ESTAC": "*CALIDAD DE AGUA\n", "TIPO_EST_1": "CALIDAD DE AGUA\n", "TIPO_EST_2": null, "TIPO_EST_3": null, "TIPO_EST_4": null, "FUENTE_00": null, "FUENTE_01": null, "FUENTE_02": null, "FUENTE_03": null, "FUENTE_04": null, "PARAMETROS": "*PARAMETROS FISICO-QUIMICO (VARIOS) | minimo: 0, maximo: 0\n", "INSTRUMENT": "*INSTRUMENTOS VARIOS DE LABORATORIO\n", "PROCESOS": null, "PERFIL_TOP": null, "LAGO_ASOCI": null, "POZO": null, "LATITUD": -33.542466953000002, "LONGITUD": -70.825654377000006, "ESTE_8418": 0, "NORTE_8418": 0, "ESTE_8419": 330495, "NORTE_8419": 6287080, "ESTE_8412": 0, "NORTE_8412": 0, "HUSO_REAL": 19 }, "geometry": { "type": "Point", "coordinates": [ -70.825654376999978, -33.542466952999973 ] } },
{ "type": "Feature", "properties": { "OBJECTID": 1178, "COD_BNA": "05737025-4", "NOM_ESTACI": "APR LA ESPERANZA-SANTA MONICA", "FECHA_INST": "22/10/2015", "FECHA_LLEN": "31/07/2017", "FECHA_SUSP": null, "COD_REG": "13", "COD_PROV": "136", "COD_COM": "13604", "REGION": "Metropolitana de Santiago", "PROVINCIA": "Talagante", "COMUNA": "Padre Hurtado", "REGION_RES": "METROPOLITANA", "COD_CUEN": "057", "COD_SUBC": "0573", "COD_SSUBC": "05737", "NOM_CUEN": "Rio Maipo", "NOM_SUBC": "Mapocho Bajo", "NOM_SSUBC": "Rio Mapocho entre Zanjon de la Aguada y Rio Maipo", "ALTITUD_MS": 400, "AREA_DRENA": 0.0, "NOM_ACUIF": "Rio Maipo", "SHAC": "Santiago Central", "UBICACIÓN": null, "OBSERVACIO": null, "LUGAR": "POZO", "INSTITUCIO": "DIRECCION GENERAL DE AGUAS", "TIPO_ESTAC": "*CALIDAD DE AGUA\n", "TIPO_EST_1": "CALIDAD DE AGUA\n", "TIPO_EST_2": null, "TIPO_EST_3": null, "TIPO_EST_4": null, "FUENTE_00": null, "FUENTE_01": null, "FUENTE_02": null, "FUENTE_03": null, "FUENTE_04": null, "PARAMETROS": "*PARAMETROS FISICO-QUIMICO (VARIOS) | minimo: 0, maximo: 0\n", "INSTRUMENT": "*INSTRUMENTOS VARIOS DE LABORATORIO\n", "PROCESOS": null, "PERFIL_TOP": null, "LAGO_ASOCI": null, "POZO": null, "LATITUD": -33.552188375, "LONGITUD": -70.863156227999994, "ESTE_8418": 0, "NORTE_8418": 0, "ESTE_8419": 327032, "NORTE_8419": 6285940, "ESTE_8412": 0, "NORTE_8412": 0, "HUSO_REAL": 19 }, "geometry": { "type": "Point", "coordinates": [ -70.86315622799998, -33.552188374999957 ] } },
{ "type": "Feature", "properties": { "OBJECTID": 1179, "COD_BNA": "05737027-0", "NOM_ESTACI": "APR LA ESPERANZA-SANTA MONICA-LOS AROMOS", "FECHA_INST": "18/10/2018", "FECHA_LLEN": "14/05/2020", "FECHA_SUSP": null, "COD_REG": "13", "COD_PROV": "136", "COD_COM": "13604", "REGION": "Metropolitana de Santiago", "PROVINCIA": "Talagante", "COMUNA": "Padre Hurtado", "REGION_RES": "METROPOLITANA", "COD_CUEN": "057", "COD_SUBC": "0573", "COD_SSUBC": "05737", "NOM_CUEN": "Rio Maipo", "NOM_SUBC": "Mapocho Bajo", "NOM_SSUBC": "Rio Mapocho entre Zanjon de la Aguada y Rio Maipo", "ALTITUD_MS": 0, "AREA_DRENA": 0.0, "NOM_ACUIF": "Rio Maipo", "SHAC": "Santiago Central", "UBICACIÓN": null, "OBSERVACIO": null, "LUGAR": "POZO", "INSTITUCIO": "DIRECCION GENERAL DE AGUAS", "TIPO_ESTAC": "*CALIDAD DE AGUA\n", "TIPO_EST_1": "CALIDAD DE AGUA\n", "TIPO_EST_2": null, "TIPO_EST_3": null, "TIPO_EST_4": null, "FUENTE_00": null, "FUENTE_01": null, "FUENTE_02": null, "FUENTE_03": null, "FUENTE_04": null, "PARAMETROS": "*PARAMETROS FISICO-QUIMICO (VARIOS) | minimo: 0, maximo: 0\n", "INSTRUMENT": "*INSTRUMENTOS VARIOS DE LABORATORIO\n", "PROCESOS": null, "PERFIL_TOP": null, "LAGO_ASOCI": null, "POZO": null, "LATITUD": -33.55446632, "LONGITUD": -70.865186912, "ESTE_8418": 0, "NORTE_8418": 0, "ESTE_8419": 326848, "NORTE_8419": 6285684, "ESTE_8412": 0, "NORTE_8412": 0, "HUSO_REAL": 19 }, "geometry": { "type": "Point", "coordinates": [ -70.865186911999956, -33.55446631999996 ] } },
{ "type": "Feature", "properties": { "OBJECTID": 1180, "COD_BNA": "05737010-6", "NOM_ESTACI": "CHACRA ANDALUCIA", "FECHA_INST": "01/05/1969", "FECHA_LLEN": null, "FECHA_SUSP": null, "COD_REG": "13", "COD_PROV": "136", "COD_COM": "13605", "REGION": "Metropolitana de Santiago", "PROVINCIA": "Talagante", "COMUNA": "Peñaflor", "REGION_RES": "METROPOLITANA", "COD_CUEN": "057", "COD_SUBC": "0573", "COD_SSUBC": "05737", "NOM_CUEN": "Rio Maipo", "NOM_SUBC": "Mapocho Bajo", "NOM_SSUBC": "Rio Mapocho entre Zanjon de la Aguada y Rio Maipo", "ALTITUD_MS": 445, "AREA_DRENA": 0.0, "NOM_ACUIF": "Rio Maipo", "SHAC": "Santiago Central", "UBICACIÓN": null, "OBSERVACIO": null, "LUGAR": "POZO", "INSTITUCIO": "DIRECCION GENERAL DE AGUAS", "TIPO_ESTAC": "*CONTROL DE NIVEL\n", "TIPO_EST_1": "CONTROL DE NIVEL\n", "TIPO_EST_2": null, "TIPO_EST_3": null, "TIPO_EST_4": null, "FUENTE_00": null, "FUENTE_01": null, "FUENTE_02": null, "FUENTE_03": null, "FUENTE_04": null, "PARAMETROS": "*PROFUNDIDAD (POZO) (m) | minimo: 0, maximo: 0\n", "INSTRUMENT": "*POZOMETRO\n", "PROCESOS": null, "PERFIL_TOP": null, "LAGO_ASOCI": null, "POZO": null, "LATITUD": -33.59548874, "LONGITUD": -70.823387480999997, "ESTE_8418": 0, "NORTE_8418": 0, "ESTE_8419": 330809, "NORTE_8419": 6281204, "ESTE_8412": 0, "NORTE_8412": 0, "HUSO_REAL": 19 }, "geometry": { "type": "Point", "coordinates": [ -70.823387480999941, -33.595488739999951 ] } },
{ "type": "Feature", "properties": { "OBJECTID": 1181, "COD_BNA": "05737011-4", "NOM_ESTACI": "ASENTAMIENTO MALLOCO", "FECHA_INST": "01/12/1967", "FECHA_LLEN": null, "FECHA_SUSP": null, "COD_REG": "13", "COD_PROV": "136", "COD_COM": "13605", "REGION": "Metropolitana de Santiago", "PROVINCIA": "Talagante", "COMUNA": "Peñaflor", "REGION_RES": "METROPOLITANA", "COD_CUEN": "057", "COD_SUBC": "0573", "COD_SSUBC": "05737", "NOM_CUEN": "Rio Maipo", "NOM_SUBC": "Mapocho Bajo", "NOM_SSUBC": "Rio Mapocho entre Zanjon de la Aguada y Rio Maipo", "ALTITUD_MS": 412, "AREA_DRENA": 0.0, "NOM_ACUIF": "Rio Maipo", "SHAC": "Santiago Central", "UBICACIÓN": null, "OBSERVACIO": null, "LUGAR": "POZO", "INSTITUCIO": "DIRECCION GENERAL DE AGUAS", "TIPO_ESTAC": "*CONTROL DE NIVEL\n", "TIPO_EST_1": "CONTROL DE NIVEL\n", "TIPO_EST_2": null, "TIPO_EST_3": null, "TIPO_EST_4": null, "FUENTE_00": null, "FUENTE_01": null, "FUENTE_02": null, "FUENTE_03": null, "FUENTE_04": null, "PARAMETROS": "*PROFUNDIDAD (POZO) (m) | minimo: 0, maximo: 0\n", "INSTRUMENT": "*POZOMETRO\n", "PROCESOS": null, "PERFIL_TOP": null, "LAGO_ASOCI": null, "POZO": null, "LATITUD": -33.591863939, "LONGITUD": -70.842232440999993, "ESTE_8418": 0, "NORTE_8418": 0, "ESTE_8419": 329053, "NORTE_8419": 6281575, "ESTE_8412": 0, "NORTE_8412": 0, "HUSO_REAL": 19 }, "geometry": { "type": "Point", "coordinates": [ -70.842232440999965, -33.59186393899995 ] } },
{ "type": "Feature", "properties": { "OBJECTID": 1182, "COD_BNA": "05737021-1", "NOM_ESTACI": "APR PELVIN", "FECHA_INST": "23/10/2015", "FECHA_LLEN": "31/07/2017", "FECHA_SUSP": null, "COD_REG": "13", "COD_PROV": "136", "COD_COM": "13605", "REGION": "Metropolitana de Santiago", "PROVINCIA": "Talagante", "COMUNA": "Peñaflor", "REGION_RES": "METROPOLITANA", "COD_CUEN": "057", "COD_SUBC": "0573", "COD_SSUBC": "05737", "NOM_CUEN": "Rio Maipo", "NOM_SUBC": "Mapocho Bajo", "NOM_SSUBC": "Rio Mapocho entre Zanjon de la Aguada y Rio Maipo", "ALTITUD_MS": 349, "AREA_DRENA": 0.0, "NOM_ACUIF": "Rio Maipo", "SHAC": "Santiago Central", "UBICACIÓN": null, "OBSERVACIO": null, "LUGAR": "POZO", "INSTITUCIO": "DIRECCION GENERAL DE AGUAS", "TIPO_ESTAC": "*CALIDAD DE AGUA\n", "TIPO_EST_1": "CALIDAD DE AGUA\n", "TIPO_EST_2": null, "TIPO_EST_3": null, "TIPO_EST_4": null, "FUENTE_00": null, "FUENTE_01": null, "FUENTE_02": null, "FUENTE_03": null, "FUENTE_04": null, "PARAMETROS": "*PARAMETROS FISICO-QUIMICO (VARIOS) | minimo: 0, maximo: 0\n", "INSTRUMENT": "*INSTRUMENTOS VARIOS DE LABORATORIO\n", "PROCESOS": null, "PERFIL_TOP": null, "LAGO_ASOCI": null, "POZO": null, "LATITUD": -33.603303472999997, "LONGITUD": -70.913169714000006, "ESTE_8418": 0, "NORTE_8418": 0, "ESTE_8419": 322493, "NORTE_8419": 6280187, "ESTE_8412": 0, "NORTE_8412": 0, "HUSO_REAL": 19 }, "geometry": { "type": "Point", "coordinates": [ -70.913169713999935, -33.603303472999983 ] } },
{ "type": "Feature", "properties": { "OBJECTID": 1183, "COD_BNA": "05737016-5", "NOM_ESTACI": "POZO MISION CORAZON DE MARIA", "FECHA_INST": "01/05/1959", "FECHA_LLEN": null, "FECHA_SUSP": null, "COD_REG": "13", "COD_PROV": "136", "COD_COM": "13601", "REGION": "Metropolitana de Santiago", "PROVINCIA": "Talagante", "COMUNA": "Talagante", "REGION_RES": "METROPOLITANA", "COD_CUEN": "057", "COD_SUBC": "0573", "COD_SSUBC": "05737", "NOM_CUEN": "Rio Maipo", "NOM_SUBC": "Mapocho Bajo", "NOM_SSUBC": "Rio Mapocho entre Zanjon de la Aguada y Rio Maipo", "ALTITUD_MS": 340, "AREA_DRENA": 0.0, "NOM_ACUIF": "Rio Maipo", "SHAC": "El Monte Nuevo", "UBICACIÓN": null, "OBSERVACIO": "*Se hizo cambio de batería\n", "LUGAR": "POZO", "INSTITUCIO": "DIRECCION GENERAL DE AGUAS", "TIPO_ESTAC": "*CONTROL DE NIVEL\n", "TIPO_EST_1": "CONTROL DE NIVEL\n", "TIPO_EST_2": null, "TIPO_EST_3": null, "TIPO_EST_4": null, "FUENTE_00": "*GPR\n", "FUENTE_01": "GPR\n", "FUENTE_02": null, "FUENTE_03": null, "FUENTE_04": null, "PARAMETROS": "*PROFUNDIDAD (POZO) (m) | minimo: 0, maximo: 0\n", "INSTRUMENT": "*POZOMETRO\n", "PROCESOS": null, "PERFIL_TOP": null, "LAGO_ASOCI": null, "POZO": null, "LATITUD": -33.66827132, "LONGITUD": -70.92209181, "ESTE_8418": 0, "NORTE_8418": 0, "ESTE_8419": 321799, "NORTE_8419": 6272967, "ESTE_8412": 0, "NORTE_8412": 0, "HUSO_REAL": 19 }, "geometry": { "type": "Point", "coordinates": [ -70.922091809999984, -33.668271319999974 ] } },
{ "type": "Feature", "properties": { "OBJECTID": 1184, "COD_BNA": "05737022-K", "NOM_ESTACI": "APR SANTA MARIANA LA MANRESA", "FECHA_INST": "23/10/2015", "FECHA_LLEN": "31/07/2017", "FECHA_SUSP": null, "COD_REG": "13", "COD_PROV": "136", "COD_COM": "13601", "REGION": "Metropolitana de Santiago", "PROVINCIA": "Talagante", "COMUNA": "Talagante", "REGION_RES": "METROPOLITANA", "COD_CUEN": "057", "COD_SUBC": "0573", "COD_SSUBC": "05737", "NOM_CUEN": "Rio Maipo", "NOM_SUBC": "Mapocho Bajo", "NOM_SSUBC": "Rio Mapocho entre Zanjon de la Aguada y Rio Maipo", "ALTITUD_MS": 284, "AREA_DRENA": 0.0, "NOM_ACUIF": "Rio Maipo", "SHAC": "El Monte Nuevo", "UBICACIÓN": null, "OBSERVACIO": null, "LUGAR": "POZO", "INSTITUCIO": "DIRECCION GENERAL DE AGUAS", "TIPO_ESTAC": "*CALIDAD DE AGUA\n", "TIPO_EST_1": "CALIDAD DE AGUA\n", "TIPO_EST_2": null, "TIPO_EST_3": null, "TIPO_EST_4": null, "FUENTE_00": null, "FUENTE_01": null, "FUENTE_02": null, "FUENTE_03": null, "FUENTE_04": null, "PARAMETROS": "*PARAMETROS FISICO-QUIMICO (VARIOS) | minimo: 0, maximo: 0\n", "INSTRUMENT": "*INSTRUMENTOS VARIOS DE LABORATORIO\n", "PROCESOS": null, "PERFIL_TOP": null, "LAGO_ASOCI": null, "POZO": null, "LATITUD": -33.696085484000001, "LONGITUD": -70.9878917, "ESTE_8418": 0, "NORTE_8418": 0, "ESTE_8419": 315757, "NORTE_8419": 6269767, "ESTE_8412": 0, "NORTE_8412": 0, "HUSO_REAL": 19 }, "geometry": { "type": "Point", "coordinates": [ -70.987891699999977, -33.69608548399998 ] } },
{ "type": "Feature", "properties": { "OBJECTID": 1185, "COD_BNA": "05737005-K", "NOM_ESTACI": "RIO MAPOCHO EN EL MONTE", "FECHA_INST": "01/01/1969", "FECHA_LLEN": "08/08/2023", "FECHA_SUSP": null, "COD_REG": "13", "COD_PROV": "136", "COD_COM": "13602", "REGION": "Metropolitana de Santiago", "PROVINCIA": "Talagante", "COMUNA": "El Monte", "REGION_RES": "METROPOLITANA", "COD_CUEN": "057", "COD_SUBC": "0573", "COD_SSUBC": "05737", "NOM_CUEN": "Rio Maipo", "NOM_SUBC": "Mapocho Bajo", "NOM_SSUBC": "Rio Mapocho entre Zanjon de la Aguada y Rio Maipo", "ALTITUD_MS": 0, "AREA_DRENA": 0.0, "NOM_ACUIF": "Rio Maipo", "SHAC": "El Monte Nuevo", "UBICACIÓN": null, "OBSERVACIO": null, "LUGAR": "CAUCE NATURAL", "INSTITUCIO": "DIRECCION GENERAL DE AGUAS", "TIPO_ESTAC": "*CALIDAD DE AGUA\n", "TIPO_EST_1": "CALIDAD DE AGUA\n", "TIPO_EST_2": null, "TIPO_EST_3": null, "TIPO_EST_4": null, "FUENTE_00": null, "FUENTE_01": null, "FUENTE_02": null, "FUENTE_03": null, "FUENTE_04": null, "PARAMETROS": "*ALTURA (m) | minimo: -2, maximo: 15 | SUSPENDIDO(01/09/1952) \n*CAUDAL (m3/s) | minimo: 0, maximo: 10000 | SUSPENDIDO(01/09/1952) \n*CURVA DE DESCARGA (M-M3/S) | minimo: 0, maximo: 10000 | SUSPENDIDO(01/09/1952) \n*PARAMETROS FISICO-QUIMICO (VARIOS) | mini", "INSTRUMENT": "*LIMNIMETRO DE REGLA GRADUADA | SUSPENDIDO(01/05/1949)\n*MOLINETE TIPO 622 | SUSPENDIDO(01/05/1960)\n*CALCULO EN OFICINA | SUSPENDIDO(01/05/1960)\n", "PROCESOS": null, "PERFIL_TOP": null, "LAGO_ASOCI": null, "POZO": null, "LATITUD": -33.68162697, "LONGITUD": -70.974637056999995, "ESTE_8418": 0, "NORTE_8418": 0, "ESTE_8419": 316955, "NORTE_8419": 6271394, "ESTE_8412": 0, "NORTE_8412": 0, "HUSO_REAL": 19 }, "geometry": { "type": "Point", "coordinates": [ -70.974637056999939, -33.681626969999968 ] } },
{ "type": "Feature", "properties": { "OBJECTID": 1186, "COD_BNA": "05710007-9", "NOM_ESTACI": "LA OBRA RECINTO EMOS", "FECHA_INST": "01/01/1995", "FECHA_LLEN": "17/12/2020", "FECHA_SUSP": null, "COD_REG": "13", "COD_PROV": "132", "COD_COM": "13203", "REGION": "Metropolitana de Santiago", "PROVINCIA": "Cordillera", "COMUNA": "San José de Maipo", "REGION_RES": "METROPOLITANA", "COD_CUEN": "057", "COD_SUBC": "0571", "COD_SSUBC": "05710", "NOM_CUEN": "Rio Maipo", "NOM_SUBC": "Rio Maipo Medio", "NOM_SSUBC": "Rio Maipo Entre Estero Colorado y Rio Clarillo", "ALTITUD_MS": 796, "AREA_DRENA": 0.0, "NOM_ACUIF": "Rio Maipo", "SHAC": "Pirque", "UBICACIÓN": null, "OBSERVACIO": null, "LUGAR": "ZONA RURAL", "INSTITUCIO": "DIRECCION GENERAL DE AGUAS", "TIPO_ESTAC": "*METEOROLOGICA\n", "TIPO_EST_1": "METEOROLOGICA\n", "TIPO_EST_2": null, "TIPO_EST_3": null, "TIPO_EST_4": null, "FUENTE_00": "*DTL\n*GPR\n*FOR\n", "FUENTE_01": "DTL\n", "FUENTE_02": "GPR\n", "FUENTE_03": "FOR\n", "FUENTE_04": null, "PARAMETROS": "*PRECIPITACION (mm) | minimo: 0, maximo: 80\n", "INSTRUMENT": "*ESTACION AUTOMATICA M.R.I.\n", "PROCESOS": "*PROCESO DE DATOS METEOROLÓGICOS | ALGUNAS FUENTES | SUSPENDIDO(06/09/2021)\n", "PERFIL_TOP": null, "LAGO_ASOCI": null, "POZO": null, "LATITUD": -33.59138167, "LONGITUD": -70.485154027999997, "ESTE_8418": 0, "NORTE_8418": 0, "ESTE_8419": 362190, "NORTE_8419": 6282161, "ESTE_8412": 0, "NORTE_8412": 0, "HUSO_REAL": 19 }, "geometry": { "type": "Point", "coordinates": [ -70.485154027999954, -33.591381669999976 ] } },
{ "type": "Feature", "properties": { "OBJECTID": 1187, "COD_BNA": "05710011-7", "NOM_ESTACI": "RIO MAIPO ANTES DE CANAL SAN CARLOS", "FECHA_INST": "17/11/2016", "FECHA_LLEN": "09/03/2017", "FECHA_SUSP": null, "COD_REG": "13", "COD_PROV": "132", "COD_COM": "13203", "REGION": "Metropolitana de Santiago", "PROVINCIA": "Cordillera", "COMUNA": "San José de Maipo", "REGION_RES": "METROPOLITANA", "COD_CUEN": "057", "COD_SUBC": "0571", "COD_SSUBC": "05710", "NOM_CUEN": "Rio Maipo", "NOM_SUBC": "Rio Maipo Medio", "NOM_SSUBC": "Rio Maipo Entre Estero Colorado y Rio Clarillo", "ALTITUD_MS": 760, "AREA_DRENA": 0.0, "NOM_ACUIF": "Rio Maipo", "SHAC": "Pirque", "UBICACIÓN": "Corresponde a la red de obs de la NSCA del río Maipo", "OBSERVACIO": null, "LUGAR": "CAUCE NATURAL", "INSTITUCIO": "DIRECCION GENERAL DE AGUAS", "TIPO_ESTAC": "*CALIDAD DE AGUA\n", "TIPO_EST_1": "CALIDAD DE AGUA\n", "TIPO_EST_2": null, "TIPO_EST_3": null, "TIPO_EST_4": null, "FUENTE_00": null, "FUENTE_01": null, "FUENTE_02": null, "FUENTE_03": null, "FUENTE_04": null, "PARAMETROS": "*PARAMETROS FISICO-QUIMICO (VARIOS) | minimo: 0, maximo: 0\n", "INSTRUMENT": "*INSTRUMENTOS VARIOS DE LABORATORIO\n", "PROCESOS": null, "PERFIL_TOP": null, "LAGO_ASOCI": null, "POZO": null, "LATITUD": -33.591374522000002, "LONGITUD": -70.469895241000003, "ESTE_8418": 0, "NORTE_8418": 0, "ESTE_8419": 363606, "NORTE_8419": 6282182, "ESTE_8412": 0, "NORTE_8412": 0, "HUSO_REAL": 19 }, "geometry": { "type": "Point", "coordinates": [ -70.469895240999961, -33.591374521999967 ] } },
{ "type": "Feature", "properties": { "OBJECTID": 1188, "COD_BNA": "05710009-5", "NOM_ESTACI": "RIO MAIPO ANTES DE JUNTA RIO CLARILLO", "FECHA_INST": "01/01/2015", "FECHA_LLEN": "08/04/2015", "FECHA_SUSP": null, "COD_REG": "13", "COD_PROV": "132", "COD_COM": "13201", "REGION": "Metropolitana de Santiago", "PROVINCIA": "Cordillera", "COMUNA": "Puente Alto", "REGION_RES": "METROPOLITANA", "COD_CUEN": "057", "COD_SUBC": "0571", "COD_SSUBC": "05710", "NOM_CUEN": "Rio Maipo", "NOM_SUBC": "Rio Maipo Medio", "NOM_SSUBC": "Rio Maipo Entre Estero Colorado y Rio Clarillo", "ALTITUD_MS": 615, "AREA_DRENA": 0.0, "NOM_ACUIF": "Rio Maipo", "SHAC": "Pirque", "UBICACIÓN": null, "OBSERVACIO": null, "LUGAR": "CAUCE NATURAL", "INSTITUCIO": "DIRECCION GENERAL DE AGUAS", "TIPO_ESTAC": "*CALIDAD DE AGUA\n", "TIPO_EST_1": "CALIDAD DE AGUA\n", "TIPO_EST_2": null, "TIPO_EST_3": null, "TIPO_EST_4": null, "FUENTE_00": null, "FUENTE_01": null, "FUENTE_02": null, "FUENTE_03": null, "FUENTE_04": null, "PARAMETROS": "*PARAMETROS FISICO-QUIMICO (VARIOS) | minimo: 0, maximo: 0\n", "INSTRUMENT": "*INSTRUMENTOS VARIOS DE LABORATORIO\n", "PROCESOS": null, "PERFIL_TOP": null, "LAGO_ASOCI": null, "POZO": null, "LATITUD": -33.641915233, "LONGITUD": -70.626015233000004, "ESTE_8418": 0, "NORTE_8418": 0, "ESTE_8419": 349206, "NORTE_8419": 6276361, "ESTE_8412": 0, "NORTE_8412": 0, "HUSO_REAL": 19 }, "geometry": { "type": "Point", "coordinates": [ -70.626015232999976, -33.641915232999963 ] } },
{ "type": "Feature", "properties": { "OBJECTID": 1189, "COD_BNA": "05704014-9", "NOM_ESTACI": "RIO MAIPO AGUAS ARRIBA DESCARGA LAS LAJAS", "FECHA_INST": "02/05/2021", "FECHA_LLEN": "27/05/2021", "FECHA_SUSP": null, "COD_REG": "13", "COD_PROV": "132", "COD_COM": "13203", "REGION": "Metropolitana de Santiago", "PROVINCIA": "Cordillera", "COMUNA": "San José de Maipo", "REGION_RES": "METROPOLITANA", "COD_CUEN": "057", "COD_SUBC": "0571", "COD_SSUBC": "05710", "NOM_CUEN": "Rio Maipo", "NOM_SUBC": "Rio Maipo Medio", "NOM_SSUBC": "Rio Maipo Entre Estero Colorado y Rio Clarillo", "ALTITUD_MS": 828, "AREA_DRENA": 533.0, "NOM_ACUIF": "Cuencas Altas Maipo", "SHAC": "Estero El Manzano", "UBICACIÓN": null, "OBSERVACIO": null, "LUGAR": "CAUCE NATURAL", "INSTITUCIO": "DIRECCION GENERAL DE AGUAS", "TIPO_ESTAC": "*FLUVIOMETRICA\n*CALIDAD DE AGUA\n", "TIPO_EST_1": "FLUVIOMETRICA", "TIPO_EST_2": "CALIDAD DE AGUA\n", "TIPO_EST_3": null, "TIPO_EST_4": null, "FUENTE_00": "*SAT\n", "FUENTE_01": "SAT\n", "FUENTE_02": null, "FUENTE_03": null, "FUENTE_04": null, "PARAMETROS": "*ALTURA (m) | minimo: -2, maximo: 15\n*CAUDAL (m3/s) | minimo: 0, maximo: 10000\n*AFORO (m3/s) | minimo: 0, maximo: 10000\n*CURVA DE DESCARGA (M-M3/S) | minimo: 0, maximo: 10000\n*PARAMETROS FISICO-QUIMICO (VARIOS) | minimo: 0, maximo: 0\n", "INSTRUMENT": "*CALCULO EN OFICINA\n", "PROCESOS": "*PROCESO DE DATOS FLUVIOMÉTRICOS | ALGUNAS FUENTES\n", "PERFIL_TOP": null, "LAGO_ASOCI": null, "POZO": null, "LATITUD": -33.586951741999997, "LONGITUD": -70.410566227000004, "ESTE_8418": 0, "NORTE_8418": 0, "ESTE_8419": 369105, "NORTE_8419": 6282749, "ESTE_8412": 0, "NORTE_8412": 0, "HUSO_REAL": 19 }, "geometry": { "type": "Point", "coordinates": [ -70.410566226999947, -33.58695174199994 ] } },
{ "type": "Feature", "properties": { "OBJECTID": 1190, "COD_BNA": "05710001-K", "NOM_ESTACI": "RIO MAIPO EN EL MANZANO", "FECHA_INST": "01/06/1965", "FECHA_LLEN": "16/12/2020", "FECHA_SUSP": null, "COD_REG": "13", "COD_PROV": "132", "COD_COM": "13203", "REGION": "Metropolitana de Santiago", "PROVINCIA": "Cordillera", "COMUNA": "San José de Maipo", "REGION_RES": "METROPOLITANA", "COD_CUEN": "057", "COD_SUBC": "0571", "COD_SSUBC": "05710", "NOM_CUEN": "Rio Maipo", "NOM_SUBC": "Rio Maipo Medio", "NOM_SSUBC": "Rio Maipo Entre Estero Colorado y Rio Clarillo", "ALTITUD_MS": 850, "AREA_DRENA": 4968.0, "NOM_ACUIF": "Cuencas Altas Maipo", "SHAC": "Estero El Manzano", "UBICACIÓN": null, "OBSERVACIO": "*Estación funcionando bien.\n*Funcionando bien\n*Sensor tiene un poco de embanque se programará limpieA\n", "LUGAR": "CAUCE NATURAL", "INSTITUCIO": "DIRECCION GENERAL DE AGUAS", "TIPO_ESTAC": "*FLUVIOMETRICA\n*METEOROLOGICA\n*SEDIMENTOMETRICA\n*CALIDAD DE AGUA\n", "TIPO_EST_1": "FLUVIOMETRICA", "TIPO_EST_2": "METEOROLOGICA\n", "TIPO_EST_3": "SEDIMENTOMETRICA\n", "TIPO_EST_4": "CALIDAD DE AGUA\n", "FUENTE_00": "*SAT\n*DTL\n", "FUENTE_01": "SAT\n", "FUENTE_02": "DTL\n", "FUENTE_03": null, "FUENTE_04": null, "PARAMETROS": "*ALTURA (m) | minimo: -2, maximo: 15\n*CAUDAL (m3/s) | minimo: 0, maximo: 10000\n*AFORO (m3/s) | minimo: 0, maximo: 10000\n*CURVA DE DESCARGA (M-M3/S) | minimo: 0, maximo: 10000\n*PRECIPITACION (mm) | minimo: 0, maximo: 100\n*TEMPERATURA HORARIA (ºc) | minim", "INSTRUMENT": "*LIMNIMETRO DE REGLA GRADUADA | SUSPENDIDO(01/07/1964)\n*LIMNIGRAFO DE FLOTADOR\n*MOLINETE TIPO 622\n*TERMOMETRO DE MAXIMA Y MINIMA\n*TERMOGRAFO\n*ESTACION AUTOMATICA M.R.I.\n*ESTACION AUTOMATICA M.R.I.\n*CALCULO EN OFICINA\n", "PROCESOS": "*PROCESO DE DATOS METEOROLÓGICOS | ALGUNAS FUENTES | SUSPENDIDO(17/05/2022)\n", "PERFIL_TOP": "*N° Perfil: 1 | Fecha: 01/07/1988 | Delta H: 100 | Delta X: 100\n", "LAGO_ASOCI": null, "POZO": null, "LATITUD": -33.597377553000001, "LONGITUD": -70.379332387000005, "ESTE_8418": 0, "NORTE_8418": 0, "ESTE_8419": 372019, "NORTE_8419": 6281632, "ESTE_8412": 0, "NORTE_8412": 0, "HUSO_REAL": 19 }, "geometry": { "type": "Point", "coordinates": [ -70.379332386999977, -33.597377552999944 ] } },
{ "type": "Feature", "properties": { "OBJECTID": 1191, "COD_BNA": "05710012-5", "NOM_ESTACI": "RIO MAIPO AGUAS ABAJO DESCARGA LAS LAJAS", "FECHA_INST": "01/05/2021", "FECHA_LLEN": "26/05/2021", "FECHA_SUSP": null, "COD_REG": "13", "COD_PROV": "132", "COD_COM": "13203", "REGION": "Metropolitana de Santiago", "PROVINCIA": "Cordillera", "COMUNA": "San José de Maipo", "REGION_RES": "METROPOLITANA", "COD_CUEN": "057", "COD_SUBC": "0571", "COD_SSUBC": "05710", "NOM_CUEN": "Rio Maipo", "NOM_SUBC": "Rio Maipo Medio", "NOM_SSUBC": "Rio Maipo Entre Estero Colorado y Rio Clarillo", "ALTITUD_MS": 815, "AREA_DRENA": 303.0, "NOM_ACUIF": "Cuencas Altas Maipo", "SHAC": "Estero El Manzano", "UBICACIÓN": null, "OBSERVACIO": null, "LUGAR": "CAUCE NATURAL", "INSTITUCIO": "DIRECCION GENERAL DE AGUAS", "TIPO_ESTAC": "*FLUVIOMETRICA\n*CALIDAD DE AGUA\n", "TIPO_EST_1": "FLUVIOMETRICA", "TIPO_EST_2": "CALIDAD DE AGUA\n", "TIPO_EST_3": null, "TIPO_EST_4": null, "FUENTE_00": "*SAT\n", "FUENTE_01": "SAT\n", "FUENTE_02": null, "FUENTE_03": null, "FUENTE_04": null, "PARAMETROS": "*ALTURA (m) | minimo: -2, maximo: 15\n*CAUDAL (m3/s) | minimo: 0, maximo: 10000\n*AFORO (m3/s) | minimo: 0, maximo: 10000\n*CURVA DE DESCARGA (M-M3/S) | minimo: 0, maximo: 10000\n*PARAMETROS FISICO-QUIMICO (VARIOS) | minimo: 0, maximo: 0\n", "INSTRUMENT": "*CALCULO EN OFICINA\n", "PROCESOS": "*PROCESO DE DATOS FLUVIOMÉTRICOS | ALGUNAS FUENTES\n", "PERFIL_TOP": null, "LAGO_ASOCI": null, "POZO": null, "LATITUD": -33.578338584999997, "LONGITUD": -70.425564076000001, "ESTE_8418": 0, "NORTE_8418": 0, "ESTE_8419": 367700, "NORTE_8419": 6283685, "ESTE_8412": 0, "NORTE_8412": 0, "HUSO_REAL": 19 }, "geometry": { "type": "Point", "coordinates": [ -70.425564075999944, -33.578338584999983 ] } },
{ "type": "Feature", "properties": { "OBJECTID": 1192, "COD_BNA": "05710013-3", "NOM_ESTACI": "POZO ESTERO EL MANZANO", "FECHA_INST": "29/10/2025", "FECHA_LLEN": "28/10/2025", "FECHA_SUSP": null, "COD_REG": "13", "COD_PROV": "132", "COD_COM": "13203", "REGION": "Metropolitana de Santiago", "PROVINCIA": "Cordillera", "COMUNA": "San José de Maipo", "REGION_RES": "METROPOLITANA", "COD_CUEN": "057", "COD_SUBC": "0571", "COD_SSUBC": "05710", "NOM_CUEN": "Rio Maipo", "NOM_SUBC": "Rio Maipo Medio", "NOM_SSUBC": "Rio Maipo Entre Estero Colorado y Rio Clarillo", "ALTITUD_MS": 891, "AREA_DRENA": 0.0, "NOM_ACUIF": "Cuencas Altas Maipo", "SHAC": "Estero El Manzano", "UBICACIÓN": "Sector Ex est Ferrocarril El Manzano, Loc El Manzano, com San José de Maipo: SHAC Estero El Manzano", "OBSERVACIO": null, "LUGAR": "ZONA URBANA", "INSTITUCIO": "DIRECCION GENERAL DE AGUAS", "TIPO_ESTAC": "*METEOROLOGICA\n*CONTROL DE NIVEL\n", "TIPO_EST_1": "METEOROLOGICA\n", "TIPO_EST_2": "CONTROL DE NIVEL\n", "TIPO_EST_3": null, "TIPO_EST_4": null, "FUENTE_00": "*SAT\n*FOR\n", "FUENTE_01": "SAT\n", "FUENTE_02": "FOR\n", "FUENTE_03": null, "FUENTE_04": null, "PARAMETROS": "*PRECIPITACION (mm) | minimo: 0, maximo: 100\n*PROFUNDIDAD (POZO) (m) | minimo: 0, maximo: 120\n*PROFUNDIDAD (POZO) (m) | minimo: 0, maximo: 120\n", "INSTRUMENT": "*Sensor de nivel aguas subterráneas\n*ESTACION AUTOMATICA M.R.I.\n*PLATAFORMA D.C.P.\n", "PROCESOS": "*PROCESO DE DATOS METEOROLÓGICOS | ALGUNAS FUENTES\n", "PERFIL_TOP": null, "LAGO_ASOCI": null, "POZO": null, "LATITUD": -33.587222554, "LONGITUD": -70.392230704, "ESTE_8418": 0, "NORTE_8418": 0, "ESTE_8419": 370807, "NORTE_8419": 6282742, "ESTE_8412": 0, "NORTE_8412": 0, "HUSO_REAL": 19 }, "geometry": { "type": "Point", "coordinates": [ -70.392230703999985, -33.587222553999936 ] } },
{ "type": "Feature", "properties": { "OBJECTID": 1193, "COD_BNA": "05745001-0", "NOM_ESTACI": "MALLARAUCO", "FECHA_INST": "01/01/1991", "FECHA_LLEN": "17/12/2020", "FECHA_SUSP": null, "COD_REG": "13", "COD_PROV": "135", "COD_COM": "13501", "REGION": "Metropolitana de Santiago", "PROVINCIA": "Melipilla", "COMUNA": "Melipilla", "REGION_RES": "METROPOLITANA", "COD_CUEN": "057", "COD_SUBC": "0574", "COD_SSUBC": "05745", "NOM_CUEN": "Rio Maipo", "NOM_SUBC": "Rio Maipo Bajo (Entre Rio Mapocho y Desembocadura)", "NOM_SSUBC": "Estero Puangue Entre Estero Amestica y Bajo Junta Estero de los Mayos", "ALTITUD_MS": 176, "AREA_DRENA": 0.0, "NOM_ACUIF": "Rio Maipo", "SHAC": "La Higuera", "UBICACIÓN": null, "OBSERVACIO": null, "LUGAR": "ZONA RURAL", "INSTITUCIO": "DIRECCION GENERAL DE AGUAS", "TIPO_ESTAC": "*METEOROLOGICA\n", "TIPO_EST_1": "METEOROLOGICA\n", "TIPO_EST_2": null, "TIPO_EST_3": null, "TIPO_EST_4": null, "FUENTE_00": "*DTL\n*GPR\n", "FUENTE_01": "DTL\n", "FUENTE_02": "GPR\n", "FUENTE_03": null, "FUENTE_04": null, "PARAMETROS": "*PRECIPITACION (mm) | minimo: 0, maximo: 80\n", "INSTRUMENT": "*PLUVIOMETRO HELLMAN\n", "PROCESOS": "*PROCESO DE DATOS METEOROLÓGICOS | ALGUNAS FUENTES | SUSPENDIDO(17/05/2022)\n", "PERFIL_TOP": null, "LAGO_ASOCI": null, "POZO": null, "LATITUD": -33.571597296999997, "LONGITUD": -71.10160889, "ESTE_8418": 0, "NORTE_8418": 0, "ESTE_8419": 304935, "NORTE_8419": 6283364, "ESTE_8412": 0, "NORTE_8412": 0, "HUSO_REAL": 19 }, "geometry": { "type": "Point", "coordinates": [ -71.101608889999966, -33.571597296999983 ] } },
{ "type": "Feature", "properties": { "OBJECTID": 1194, "COD_BNA": "05745002-9", "NOM_ESTACI": "FUNDO SAN PATRICIO", "FECHA_INST": "01/09/1959", "FECHA_LLEN": null, "FECHA_SUSP": null, "COD_REG": "13", "COD_PROV": "135", "COD_COM": "13501", "REGION": "Metropolitana de Santiago", "PROVINCIA": "Melipilla", "COMUNA": "Melipilla", "REGION_RES": "METROPOLITANA", "COD_CUEN": "057", "COD_SUBC": "0574", "COD_SSUBC": "05745", "NOM_CUEN": "Rio Maipo", "NOM_SUBC": "Rio Maipo Bajo (Entre Rio Mapocho y Desembocadura)", "NOM_SSUBC": "Estero Puangue Entre Estero Amestica y Bajo Junta Estero de los Mayos", "ALTITUD_MS": 192, "AREA_DRENA": 0.0, "NOM_ACUIF": "Rio Maipo", "SHAC": "La Higuera", "UBICACIÓN": null, "OBSERVACIO": null, "LUGAR": "ZONA RURAL", "INSTITUCIO": "DIRECCION GENERAL DE AGUAS", "TIPO_ESTAC": "*CONTROL DE NIVEL\n", "TIPO_EST_1": "CONTROL DE NIVEL\n", "TIPO_EST_2": null, "TIPO_EST_3": null, "TIPO_EST_4": null, "FUENTE_00": null, "FUENTE_01": null, "FUENTE_02": null, "FUENTE_03": null, "FUENTE_04": null, "PARAMETROS": "*PROFUNDIDAD (POZO) (m) | minimo: 0, maximo: 0\n", "INSTRUMENT": null, "PROCESOS": null, "PERFIL_TOP": null, "LAGO_ASOCI": null, "POZO": null, "LATITUD": -33.588463259000001, "LONGITUD": -71.082721463, "ESTE_8418": 0, "NORTE_8418": 0, "ESTE_8419": 306726, "NORTE_8419": 6281529, "ESTE_8412": 0, "NORTE_8412": 0, "HUSO_REAL": 19 }, "geometry": { "type": "Point", "coordinates": [ -71.082721462999984, -33.58846325899998 ] } },
{ "type": "Feature", "properties": { "OBJECTID": 1195, "COD_BNA": "05745003-7", "NOM_ESTACI": "A.P. BOLLENAL", "FECHA_INST": "01/07/1967", "FECHA_LLEN": null, "FECHA_SUSP": null, "COD_REG": "13", "COD_PROV": "135", "COD_COM": "13501", "REGION": "Metropolitana de Santiago", "PROVINCIA": "Melipilla", "COMUNA": "Melipilla", "REGION_RES": "METROPOLITANA", "COD_CUEN": "057", "COD_SUBC": "0574", "COD_SSUBC": "05745", "NOM_CUEN": "Rio Maipo", "NOM_SUBC": "Rio Maipo Bajo (Entre Rio Mapocho y Desembocadura)", "NOM_SSUBC": "Estero Puangue Entre Estero Amestica y Bajo Junta Estero de los Mayos", "ALTITUD_MS": 143, "AREA_DRENA": 0.0, "NOM_ACUIF": "Rio Maipo", "SHAC": "La Higuera", "UBICACIÓN": null, "OBSERVACIO": null, "LUGAR": "POZO", "INSTITUCIO": "DIRECCION GENERAL DE AGUAS", "TIPO_ESTAC": "*CONTROL DE NIVEL\n", "TIPO_EST_1": "CONTROL DE NIVEL\n", "TIPO_EST_2": null, "TIPO_EST_3": null, "TIPO_EST_4": null, "FUENTE_00": null, "FUENTE_01": null, "FUENTE_02": null, "FUENTE_03": null, "FUENTE_04": null, "PARAMETROS": "*PROFUNDIDAD (POZO) (m) | minimo: 0, maximo: 0\n", "INSTRUMENT": "*POZOMETRO\n", "PROCESOS": null, "PERFIL_TOP": null, "LAGO_ASOCI": null, "POZO": null, "LATITUD": -33.568148501000003, "LONGITUD": -71.211523025999995, "ESTE_8418": 0, "NORTE_8418": 0, "ESTE_8419": 294723, "NORTE_8419": 6283534, "ESTE_8412": 0, "NORTE_8412": 0, "HUSO_REAL": 19 }, "geometry": { "type": "Point", "coordinates": [ -71.211523025999952, -33.568148500999939 ] } },
{ "type": "Feature", "properties": { "OBJECTID": 1196, "COD_BNA": "05745004-5", "NOM_ESTACI": "APR EL BOLLENAR", "FECHA_INST": "08/10/2015", "FECHA_LLEN": "31/07/2017", "FECHA_SUSP": null, "COD_REG": "13", "COD_PROV": "135", "COD_COM": "13501", "REGION": "Metropolitana de Santiago", "PROVINCIA": "Melipilla", "COMUNA": "Melipilla", "REGION_RES": "METROPOLITANA", "COD_CUEN": "057", "COD_SUBC": "0574", "COD_SSUBC": "05745", "NOM_CUEN": "Rio Maipo", "NOM_SUBC": "Rio Maipo Bajo (Entre Rio Mapocho y Desembocadura)", "NOM_SSUBC": "Estero Puangue Entre Estero Amestica y Bajo Junta Estero de los Mayos", "ALTITUD_MS": 159, "AREA_DRENA": 0.0, "NOM_ACUIF": "Rio Maipo", "SHAC": "La Higuera", "UBICACIÓN": null, "OBSERVACIO": null, "LUGAR": "POZO", "INSTITUCIO": null, "TIPO_ESTAC": "*CALIDAD DE AGUA\n", "TIPO_EST_1": "CALIDAD DE AGUA\n", "TIPO_EST_2": null, "TIPO_EST_3": null, "TIPO_EST_4": null, "FUENTE_00": null, "FUENTE_01": null, "FUENTE_02": null, "FUENTE_03": null, "FUENTE_04": null, "PARAMETROS": "*PARAMETROS FISICO-QUIMICO (VARIOS) | minimo: 0, maximo: 0\n", "INSTRUMENT": "*INSTRUMENTOS VARIOS DE LABORATORIO\n", "PROCESOS": null, "PERFIL_TOP": null, "LAGO_ASOCI": null, "POZO": null, "LATITUD": -33.568586602000003, "LONGITUD": -71.171518536999997, "ESTE_8418": 0, "NORTE_8418": 0, "ESTE_8419": 298438, "NORTE_8419": 6283564, "ESTE_8412": 0, "NORTE_8412": 0, "HUSO_REAL": 19 }, "geometry": { "type": "Point", "coordinates": [ -71.17151853699994, -33.568586601999982 ] } },
{ "type": "Feature", "properties": { "OBJECTID": 1197, "COD_BNA": "05745005-3", "NOM_ESTACI": "APR MALLARAUCO", "FECHA_INST": "09/10/2015", "FECHA_LLEN": "31/07/2017", "FECHA_SUSP": null, "COD_REG": "13", "COD_PROV": "135", "COD_COM": "13501", "REGION": "Metropolitana de Santiago", "PROVINCIA": "Melipilla", "COMUNA": "Melipilla", "REGION_RES": "METROPOLITANA", "COD_CUEN": "057", "COD_SUBC": "0574", "COD_SSUBC": "05745", "NOM_CUEN": "Rio Maipo", "NOM_SUBC": "Rio Maipo Bajo (Entre Rio Mapocho y Desembocadura)", "NOM_SSUBC": "Estero Puangue Entre Estero Amestica y Bajo Junta Estero de los Mayos", "ALTITUD_MS": 183, "AREA_DRENA": 0.0, "NOM_ACUIF": "Rio Maipo", "SHAC": "La Higuera", "UBICACIÓN": null, "OBSERVACIO": null, "LUGAR": "POZO", "INSTITUCIO": "DIRECCION GENERAL DE AGUAS", "TIPO_ESTAC": "*CALIDAD DE AGUA\n", "TIPO_EST_1": "CALIDAD DE AGUA\n", "TIPO_EST_2": null, "TIPO_EST_3": null, "TIPO_EST_4": null, "FUENTE_00": null, "FUENTE_01": null, "FUENTE_02": null, "FUENTE_03": null, "FUENTE_04": null, "PARAMETROS": "*PARAMETROS FISICO-QUIMICO (VARIOS) | minimo: 0, maximo: 0\n", "INSTRUMENT": "*INSTRUMENTOS VARIOS DE LABORATORIO\n", "PROCESOS": null, "PERFIL_TOP": null, "LAGO_ASOCI": null, "POZO": null, "LATITUD": -33.588332364000003, "LONGITUD": -71.109071759000003, "ESTE_8418": 0, "NORTE_8418": 0, "ESTE_8419": 304280, "NORTE_8419": 6281494, "ESTE_8412": 0, "NORTE_8412": 0, "HUSO_REAL": 19 }, "geometry": { "type": "Point", "coordinates": [ -71.10907175899996, -33.588332363999939 ] } },
{ "type": "Feature", "properties": { "OBJECTID": 1198, "COD_BNA": "05745006-1", "NOM_ESTACI": "APR SANTA ELISA", "FECHA_INST": "09/10/2015", "FECHA_LLEN": "31/07/2017", "FECHA_SUSP": null, "COD_REG": "13", "COD_PROV": "135", "COD_COM": "13501", "REGION": "Metropolitana de Santiago", "PROVINCIA": "Melipilla", "COMUNA": "Melipilla", "REGION_RES": "METROPOLITANA", "COD_CUEN": "057", "COD_SUBC": "0574", "COD_SSUBC": "05745", "NOM_CUEN": "Rio Maipo", "NOM_SUBC": "Rio Maipo Bajo (Entre Rio Mapocho y Desembocadura)", "NOM_SSUBC": "Estero Puangue Entre Estero Amestica y Bajo Junta Estero de los Mayos", "ALTITUD_MS": 267, "AREA_DRENA": 0.0, "NOM_ACUIF": "Rio Maipo", "SHAC": "La Higuera", "UBICACIÓN": null, "OBSERVACIO": null, "LUGAR": "POZO", "INSTITUCIO": "DIRECCION GENERAL DE AGUAS", "TIPO_ESTAC": "*CALIDAD DE AGUA\n", "TIPO_EST_1": "CALIDAD DE AGUA\n", "TIPO_EST_2": null, "TIPO_EST_3": null, "TIPO_EST_4": null, "FUENTE_00": null, "FUENTE_01": null, "FUENTE_02": null, "FUENTE_03": null, "FUENTE_04": null, "PARAMETROS": "*PARAMETROS FISICO-QUIMICO (VARIOS) | minimo: 0, maximo: 0\n", "INSTRUMENT": "*INSTRUMENTOS VARIOS DE LABORATORIO\n", "PROCESOS": null, "PERFIL_TOP": null, "LAGO_ASOCI": null, "POZO": null, "LATITUD": -33.581912124, "LONGITUD": -70.985387380999995, "ESTE_8418": 0, "NORTE_8418": 0, "ESTE_8419": 315746, "NORTE_8419": 6282433, "ESTE_8412": 0, "NORTE_8412": 0, "HUSO_REAL": 19 }, "geometry": { "type": "Point", "coordinates": [ -70.985387380999953, -33.581912123999984 ] } },
{ "type": "Feature", "properties": { "OBJECTID": 1206, "COD_BNA": "05701010-K", "NOM_ESTACI": "LAS MELOSAS", "FECHA_INST": "19/01/2019", "FECHA_LLEN": "19/01/2019", "FECHA_SUSP": null, "COD_REG": "13", "COD_PROV": "132", "COD_COM": "13203", "REGION": "Metropolitana de Santiago", "PROVINCIA": "Cordillera", "COMUNA": "San José de Maipo", "REGION_RES": "METROPOLITANA", "COD_CUEN": "057", "COD_SUBC": "0570", "COD_SSUBC": "05704", "NOM_CUEN": "Rio Maipo", "NOM_SUBC": "Rio Maipo Alto", "NOM_SSUBC": "Rio Maipo entre Rio Volcan y Rio Colorado", "ALTITUD_MS": 3317, "AREA_DRENA": 0.0, "NOM_ACUIF": "Cuencas Altas Maipo", "SHAC": "Rio Maipo", "UBICACIÓN": "Sector Las Melosas", "OBSERVACIO": "*Sellar caseta\n", "LUGAR": "ZONA RURAL", "INSTITUCIO": "DIRECCION GENERAL DE AGUAS", "TIPO_ESTAC": "RED HIDROMETRICA ALTA MONTAÑA", "TIPO_EST_1": "NIVOMETRICA", "TIPO_EST_2": null, "TIPO_EST_3": null, "TIPO_EST_4": null, "FUENTE_00": "*SAT\n", "FUENTE_01": "SAT\n", "FUENTE_02": null, "FUENTE_03": null, "FUENTE_04": null, "PARAMETROS": "*PRECIPITACION (mm) | minimo: 0, maximo: 100 | SUSPENDIDO(11/12/2020) \n*TEMPERATURA HORARIA (ºc) | minimo: -40, maximo: 40 | SUSPENDIDO(11/12/2020) \n*HUMEDAD RELATIVA (%) | minimo: 0.01, maximo: 100 | SUSPENDIDO(11/12/2020) \n*RADIACION SOLAR DIARIA (LAN", "INSTRUMENT": "*NIVOMETRO | SUSPENDIDO(11/12/2020)\n*RUTA DE NIEVE | SUSPENDIDO(11/12/2020)\n*HIGROTERMOGRAFO | SUSPENDIDO(11/12/2020)\n*ANEMOMETRO TOTALIZADOR | SUSPENDIDO(11/12/2020)\n*ACTINOGRAFO | SUSPENDIDO(11/12/2020)\n*ESTACION AUTOMATICA M.R.I.\n*PLATAFORMA D.C.P.\n*O", "PROCESOS": "*PROCESO DE DATOS METEOROLÓGICOS | TODAS LAS FUENTES\n", "PERFIL_TOP": null, "LAGO_ASOCI": null, "POZO": null, "LATITUD": -33.863844141999998, "LONGITUD": -70.27263543, "ESTE_8418": 0, "NORTE_8418": 0, "ESTE_8419": 382284, "NORTE_8419": 6252212, "ESTE_8412": 0, "NORTE_8412": 0, "HUSO_REAL": 19 }, "geometry": { "type": "Point", "coordinates": [ -70.27263542999998, -33.863844141999948 ] } },
{ "type": "Feature", "properties": { "OBJECTID": 1207, "COD_BNA": "05704004-1", "NOM_ESTACI": "SAN GABRIEL", "FECHA_INST": "01/12/1977", "FECHA_LLEN": "16/12/2020", "FECHA_SUSP": null, "COD_REG": "13", "COD_PROV": "132", "COD_COM": "13203", "REGION": "Metropolitana de Santiago", "PROVINCIA": "Cordillera", "COMUNA": "San José de Maipo", "REGION_RES": "METROPOLITANA", "COD_CUEN": "057", "COD_SUBC": "0570", "COD_SSUBC": "05704", "NOM_CUEN": "Rio Maipo", "NOM_SUBC": "Rio Maipo Alto", "NOM_SSUBC": "Rio Maipo entre Rio Volcan y Rio Colorado", "ALTITUD_MS": 1266, "AREA_DRENA": 0.0, "NOM_ACUIF": "Cuencas Altas Maipo", "SHAC": "Rio Maipo", "UBICACIÓN": "RETEN DE CARABINEROS DE SAN GABRIEL", "OBSERVACIO": "*EL VALOR DE ESTE DIA NO ES REAL. FALTA DE OBSERVACION EL VALOR FUE ESTIMULADO\n*NO FUE ANOTADA LA PRECIPITACION POR EL OBSERVADOR, SE  RELLENO DATO ESTADISTICAMENTE.\n*EN ESTE DIA SOLO SE MIDIO ALTURA DE LA NIEVE (5 CM.)\n", "LUGAR": "ZONA URBANA", "INSTITUCIO": "DIRECCION GENERAL DE AGUAS", "TIPO_ESTAC": "*METEOROLOGICA\n", "TIPO_EST_1": "METEOROLOGICA\n", "TIPO_EST_2": null, "TIPO_EST_3": null, "TIPO_EST_4": null, "FUENTE_00": "*GPR\n", "FUENTE_01": "GPR\n", "FUENTE_02": null, "FUENTE_03": null, "FUENTE_04": null, "PARAMETROS": "*PRECIPITACION (mm) | minimo: 0, maximo: 80\n", "INSTRUMENT": "*PLUVIOMETRO HELLMAN\n", "PROCESOS": "*PROCESO DE DATOS METEOROLÓGICOS | ALGUNAS FUENTES | SUSPENDIDO(17/05/2022)\n", "PERFIL_TOP": null, "LAGO_ASOCI": null, "POZO": null, "LATITUD": -33.782467341, "LONGITUD": -70.239407814000003, "ESTE_8418": 0, "NORTE_8418": 0, "ESTE_8419": 385249, "NORTE_8419": 6261273, "ESTE_8412": 0, "NORTE_8412": 0, "HUSO_REAL": 19 }, "geometry": { "type": "Point", "coordinates": [ -70.239407813999946, -33.782467340999972 ] } },
{ "type": "Feature", "properties": { "OBJECTID": 1208, "COD_BNA": "05704006-8", "NOM_ESTACI": "SAN JOSE DE MAIPO RETEN", "FECHA_INST": "01/08/1971", "FECHA_LLEN": "16/12/2020", "FECHA_SUSP": null, "COD_REG": "13", "COD_PROV": "132", "COD_COM": "13203", "REGION": "Metropolitana de Santiago", "PROVINCIA": "Cordillera", "COMUNA": "San José de Maipo", "REGION_RES": "METROPOLITANA", "COD_CUEN": "057", "COD_SUBC": "0570", "COD_SSUBC": "05704", "NOM_CUEN": "Rio Maipo", "NOM_SUBC": "Rio Maipo Alto", "NOM_SSUBC": "Rio Maipo entre Rio Volcan y Rio Colorado", "ALTITUD_MS": 943, "AREA_DRENA": 0.0, "NOM_ACUIF": "Cuencas Altas Maipo", "SHAC": "Rio Maipo", "UBICACIÓN": "RETEN CARABINEROS - PUEBLO SAN JOSE DE MAIPO", "OBSERVACIO": "*PLUVIOMETRO REINSTALADO 4 M DEL LUGAR ORIGINAL.\n*REGISTRO MENSUAL HASTA JULIO DE    1976.-\n*FECHA DE INSTALACION DE PLUVIOMETRO. FECHA INICIO DE ESTADISTICA.\n", "LUGAR": "ZONA URBANA", "INSTITUCIO": "DIRECCION GENERAL DE AGUAS", "TIPO_ESTAC": "*METEOROLOGICA\n", "TIPO_EST_1": "METEOROLOGICA\n", "TIPO_EST_2": null, "TIPO_EST_3": null, "TIPO_EST_4": null, "FUENTE_00": "*DTL\n*SAT\n", "FUENTE_01": "DTL\n", "FUENTE_02": "SAT\n", "FUENTE_03": null, "FUENTE_04": null, "PARAMETROS": "*PRECIPITACION (mm) | minimo: 0, maximo: 80\n", "INSTRUMENT": "*PLUVIOMETRO HELLMAN\n", "PROCESOS": "*PROCESO DE DATOS METEOROLÓGICOS | ALGUNAS FUENTES | SUSPENDIDO(17/05/2022)\n", "PERFIL_TOP": null, "LAGO_ASOCI": null, "POZO": null, "LATITUD": -33.636442266000003, "LONGITUD": -70.356806641999995, "ESTE_8418": 0, "NORTE_8418": 0, "ESTE_8419": 374166, "NORTE_8419": 6277328, "ESTE_8412": 0, "NORTE_8412": 0, "HUSO_REAL": 19 }, "geometry": { "type": "Point", "coordinates": [ -70.356806641999981, -33.63644226599996 ] } },
{ "type": "Feature", "properties": { "OBJECTID": 1209, "COD_BNA": "05704008-4", "NOM_ESTACI": "RIO MAIPO EN SAN JOSE DE MAIPO", "FECHA_INST": "01/01/2015", "FECHA_LLEN": "08/04/2015", "FECHA_SUSP": null, "COD_REG": "13", "COD_PROV": "132", "COD_COM": "13203", "REGION": "Metropolitana de Santiago", "PROVINCIA": "Cordillera", "COMUNA": "San José de Maipo", "REGION_RES": "METROPOLITANA", "COD_CUEN": "057", "COD_SUBC": "0570", "COD_SSUBC": "05704", "NOM_CUEN": "Rio Maipo", "NOM_SUBC": "Rio Maipo Alto", "NOM_SSUBC": "Rio Maipo entre Rio Volcan y Rio Colorado", "ALTITUD_MS": 930, "AREA_DRENA": 0.0, "NOM_ACUIF": "Cuencas Altas Maipo", "SHAC": "Rio Maipo", "UBICACIÓN": null, "OBSERVACIO": null, "LUGAR": "CAUCE NATURAL", "INSTITUCIO": "DIRECCION GENERAL DE AGUAS", "TIPO_ESTAC": "*CALIDAD DE AGUA\n", "TIPO_EST_1": "CALIDAD DE AGUA\n", "TIPO_EST_2": null, "TIPO_EST_3": null, "TIPO_EST_4": null, "FUENTE_00": null, "FUENTE_01": null, "FUENTE_02": null, "FUENTE_03": null, "FUENTE_04": null, "PARAMETROS": "*PARAMETROS FISICO-QUIMICO (VARIOS) | minimo: 0, maximo: 0\n", "INSTRUMENT": "*INSTRUMENTOS VARIOS DE LABORATORIO\n", "PROCESOS": null, "PERFIL_TOP": null, "LAGO_ASOCI": null, "POZO": null, "LATITUD": -33.631918331000001, "LONGITUD": -70.353210251999997, "ESTE_8418": 0, "NORTE_8418": 0, "ESTE_8419": 374493, "NORTE_8419": 6277834, "ESTE_8412": 0, "NORTE_8412": 0, "HUSO_REAL": 19 }, "geometry": { "type": "Point", "coordinates": [ -70.35321025199994, -33.631918330999952 ] } },
{ "type": "Feature", "properties": { "OBJECTID": 1210, "COD_BNA": "05704009-2", "NOM_ESTACI": "APR EL MELOCOTON", "FECHA_INST": "02/11/2015", "FECHA_LLEN": "31/07/2017", "FECHA_SUSP": null, "COD_REG": "13", "COD_PROV": "132", "COD_COM": "13203", "REGION": "Metropolitana de Santiago", "PROVINCIA": "Cordillera", "COMUNA": "San José de Maipo", "REGION_RES": "METROPOLITANA", "COD_CUEN": "057", "COD_SUBC": "0570", "COD_SSUBC": "05704", "NOM_CUEN": "Rio Maipo", "NOM_SUBC": "Rio Maipo Alto", "NOM_SSUBC": "Rio Maipo entre Rio Volcan y Rio Colorado", "ALTITUD_MS": 1001, "AREA_DRENA": 0.0, "NOM_ACUIF": "Cuencas Altas Maipo", "SHAC": "Rio Maipo", "UBICACIÓN": null, "OBSERVACIO": null, "LUGAR": "POZO", "INSTITUCIO": "DIRECCION GENERAL DE AGUAS", "TIPO_ESTAC": "*CALIDAD DE AGUA\n", "TIPO_EST_1": "CALIDAD DE AGUA\n", "TIPO_EST_2": null, "TIPO_EST_3": null, "TIPO_EST_4": null, "FUENTE_00": null, "FUENTE_01": null, "FUENTE_02": null, "FUENTE_03": null, "FUENTE_04": null, "PARAMETROS": "*PARAMETROS FISICO-QUIMICO (VARIOS) | minimo: 0, maximo: 0\n", "INSTRUMENT": "*INSTRUMENTOS VARIOS DE LABORATORIO\n", "PROCESOS": null, "PERFIL_TOP": null, "LAGO_ASOCI": null, "POZO": null, "LATITUD": -33.686075875999997, "LONGITUD": -70.333971286999997, "ESTE_8418": 0, "NORTE_8418": 0, "ESTE_8419": 376355, "NORTE_8419": 6271852, "ESTE_8412": 0, "NORTE_8412": 0, "HUSO_REAL": 19 }, "geometry": { "type": "Point", "coordinates": [ -70.33397128699994, -33.686075875999961 ] } },
{ "type": "Feature", "properties": { "OBJECTID": 1211, "COD_BNA": "05704010-6", "NOM_ESTACI": "APR SAN ALFONSO", "FECHA_INST": "02/11/2015", "FECHA_LLEN": "31/07/2017", "FECHA_SUSP": null, "COD_REG": "13", "COD_PROV": "132", "COD_COM": "13203", "REGION": "Metropolitana de Santiago", "PROVINCIA": "Cordillera", "COMUNA": "San José de Maipo", "REGION_RES": "METROPOLITANA", "COD_CUEN": "057", "COD_SUBC": "0570", "COD_SSUBC": "05704", "NOM_CUEN": "Rio Maipo", "NOM_SUBC": "Rio Maipo Alto", "NOM_SSUBC": "Rio Maipo entre Rio Volcan y Rio Colorado", "ALTITUD_MS": 1089, "AREA_DRENA": 0.0, "NOM_ACUIF": "Cuencas Altas Maipo", "SHAC": "Rio Maipo", "UBICACIÓN": null, "OBSERVACIO": null, "LUGAR": "POZO", "INSTITUCIO": "DIRECCION GENERAL DE AGUAS", "TIPO_ESTAC": "*CALIDAD DE AGUA\n", "TIPO_EST_1": "CALIDAD DE AGUA\n", "TIPO_EST_2": null, "TIPO_EST_3": null, "TIPO_EST_4": null, "FUENTE_00": null, "FUENTE_01": null, "FUENTE_02": null, "FUENTE_03": null, "FUENTE_04": null, "PARAMETROS": "*PARAMETROS FISICO-QUIMICO (VARIOS) | minimo: 0, maximo: 0\n", "INSTRUMENT": "*INSTRUMENTOS VARIOS DE LABORATORIO\n", "PROCESOS": null, "PERFIL_TOP": null, "LAGO_ASOCI": null, "POZO": null, "LATITUD": -33.728313799, "LONGITUD": -70.317571184000002, "ESTE_8418": 0, "NORTE_8418": 0, "ESTE_8419": 377935, "NORTE_8419": 6267188, "ESTE_8412": 0, "NORTE_8412": 0, "HUSO_REAL": 19 }, "geometry": { "type": "Point", "coordinates": [ -70.317571183999974, -33.728313798999977 ] } },
{ "type": "Feature", "properties": { "OBJECTID": 1212, "COD_BNA": "05704011-4", "NOM_ESTACI": "APR SANTA MARIA DEL ESTERO", "FECHA_INST": "02/11/2015", "FECHA_LLEN": "31/07/2017", "FECHA_SUSP": null, "COD_REG": "13", "COD_PROV": "132", "COD_COM": "13203", "REGION": "Metropolitana de Santiago", "PROVINCIA": "Cordillera", "COMUNA": "San José de Maipo", "REGION_RES": "METROPOLITANA", "COD_CUEN": "057", "COD_SUBC": "0570", "COD_SSUBC": "05704", "NOM_CUEN": "Rio Maipo", "NOM_SUBC": "Rio Maipo Alto", "NOM_SSUBC": "Rio Maipo entre Rio Volcan y Rio Colorado", "ALTITUD_MS": 1093, "AREA_DRENA": 0.0, "NOM_ACUIF": "Cuencas Altas Maipo", "SHAC": "Rio Maipo", "UBICACIÓN": null, "OBSERVACIO": "*Con fecha 23/10/2025 se cambia a cauce natural según última información\n", "LUGAR": "CAUCE NATURAL", "INSTITUCIO": "DIRECCION GENERAL DE AGUAS", "TIPO_ESTAC": "*CALIDAD DE AGUA\n", "TIPO_EST_1": "CALIDAD DE AGUA\n", "TIPO_EST_2": null, "TIPO_EST_3": null, "TIPO_EST_4": null, "FUENTE_00": null, "FUENTE_01": null, "FUENTE_02": null, "FUENTE_03": null, "FUENTE_04": null, "PARAMETROS": "*PARAMETROS FISICO-QUIMICO (VARIOS) | minimo: 0, maximo: 0\n", "INSTRUMENT": "*INSTRUMENTOS VARIOS DE LABORATORIO\n", "PROCESOS": null, "PERFIL_TOP": null, "LAGO_ASOCI": null, "POZO": null, "LATITUD": -33.647915644999998, "LONGITUD": -70.335096801999995, "ESTE_8418": 0, "NORTE_8418": 0, "ESTE_8419": 376196, "NORTE_8419": 6276082, "ESTE_8412": 0, "NORTE_8412": 0, "HUSO_REAL": 19 }, "geometry": { "type": "Point", "coordinates": [ -70.335096801999953, -33.647915644999955 ] } },
{ "type": "Feature", "properties": { "OBJECTID": 1213, "COD_BNA": "05704012-2", "NOM_ESTACI": "RIO MAIPO DESPUES DE ESTERO MANZANITO", "FECHA_INST": "06/09/2017", "FECHA_LLEN": "25/09/2017", "FECHA_SUSP": null, "COD_REG": "13", "COD_PROV": "132", "COD_COM": "13203", "REGION": "Metropolitana de Santiago", "PROVINCIA": "Cordillera", "COMUNA": "San José de Maipo", "REGION_RES": "METROPOLITANA", "COD_CUEN": "057", "COD_SUBC": "0570", "COD_SSUBC": "05704", "NOM_CUEN": "Rio Maipo", "NOM_SUBC": "Rio Maipo Alto", "NOM_SSUBC": "Rio Maipo entre Rio Volcan y Rio Colorado", "ALTITUD_MS": 1127, "AREA_DRENA": 0.0, "NOM_ACUIF": "Cuencas Altas Maipo", "SHAC": "Rio Maipo", "UBICACIÓN": null, "OBSERVACIO": "*ESTACION CREADA PARA LA RED DE OBSERVACION DE LA NSCA DEL MAIPO\n", "LUGAR": "CAUCE NATURAL", "INSTITUCIO": "DIRECCION GENERAL DE AGUAS", "TIPO_ESTAC": "*CALIDAD DE AGUA\n", "TIPO_EST_1": "CALIDAD DE AGUA\n", "TIPO_EST_2": null, "TIPO_EST_3": null, "TIPO_EST_4": null, "FUENTE_00": null, "FUENTE_01": null, "FUENTE_02": null, "FUENTE_03": null, "FUENTE_04": null, "PARAMETROS": "*PARAMETROS FISICO-QUIMICO (VARIOS) | minimo: 0, maximo: 0\n", "INSTRUMENT": "*INSTRUMENTOS VARIOS DE LABORATORIO\n", "PROCESOS": null, "PERFIL_TOP": null, "LAGO_ASOCI": null, "POZO": null, "LATITUD": -33.740514699000002, "LONGITUD": -70.297225968999996, "ESTE_8418": 0, "NORTE_8418": 0, "ESTE_8419": 379837, "NORTE_8419": 6265859, "ESTE_8412": 0, "NORTE_8412": 0, "HUSO_REAL": 19 }, "geometry": { "type": "Point", "coordinates": [ -70.297225968999953, -33.740514698999959 ] } },
{ "type": "Feature", "properties": { "OBJECTID": 1214, "COD_BNA": "05704015-7", "NOM_ESTACI": "POZO ESTADIO MUNICIPAL SAN JOSE DE MAIPO", "FECHA_INST": "19/11/2025", "FECHA_LLEN": "14/11/2025", "FECHA_SUSP": null, "COD_REG": "13", "COD_PROV": "132", "COD_COM": "13203", "REGION": "Metropolitana de Santiago", "PROVINCIA": "Cordillera", "COMUNA": "San José de Maipo", "REGION_RES": "METROPOLITANA", "COD_CUEN": "057", "COD_SUBC": "0570", "COD_SSUBC": "05704", "NOM_CUEN": "Rio Maipo", "NOM_SUBC": "Rio Maipo Alto", "NOM_SSUBC": "Rio Maipo entre Rio Volcan y Rio Colorado", "ALTITUD_MS": 967, "AREA_DRENA": 0.0, "NOM_ACUIF": "Cuencas Altas Maipo", "SHAC": "Rio Maipo", "UBICACIÓN": "a unos 20 metros oriente de la entrada al recinto y a unos 34 al poniente del camino al Volcán", "OBSERVACIO": null, "LUGAR": "ZONA URBANA", "INSTITUCIO": "DIRECCION GENERAL DE AGUAS", "TIPO_ESTAC": "*CONTROL DE NIVEL\n", "TIPO_EST_1": "CONTROL DE NIVEL\n", "TIPO_EST_2": null, "TIPO_EST_3": null, "TIPO_EST_4": null, "FUENTE_00": "*SAT\n", "FUENTE_01": "SAT\n", "FUENTE_02": null, "FUENTE_03": null, "FUENTE_04": null, "PARAMETROS": "*PROFUNDIDAD (POZO) (m) | minimo: 0, maximo: 100\n*PROFUNDIDAD (POZO) (m) | minimo: 0, maximo: 100\n", "INSTRUMENT": "*ESTACION AUTOMATICA M.R.I.\n*PLATAFORMA D.C.P.\n", "PROCESOS": null, "PERFIL_TOP": null, "LAGO_ASOCI": null, "POZO": null, "LATITUD": -33.645835526, "LONGITUD": -70.352231097000001, "ESTE_8418": 0, "NORTE_8418": 0, "ESTE_8419": 374604, "NORTE_8419": 6276292, "ESTE_8412": 0, "NORTE_8412": 0, "HUSO_REAL": 19 }, "geometry": { "type": "Point", "coordinates": [ -70.352231096999958, -33.645835525999928 ] } },
{ "type": "Feature", "properties": { "OBJECTID": 1215, "COD_BNA": "05704016-5", "NOM_ESTACI": "RIO MAIPO EN EL INGENIO", "FECHA_INST": "01/12/2025", "FECHA_LLEN": "22/12/2025", "FECHA_SUSP": null, "COD_REG": "13", "COD_PROV": "132", "COD_COM": "13203", "REGION": "Metropolitana de Santiago", "PROVINCIA": "Cordillera", "COMUNA": "San José de Maipo", "REGION_RES": "METROPOLITANA", "COD_CUEN": "057", "COD_SUBC": "0570", "COD_SSUBC": "05704", "NOM_CUEN": "Rio Maipo", "NOM_SUBC": "Rio Maipo Alto", "NOM_SSUBC": "Rio Maipo entre Rio Volcan y Rio Colorado", "ALTITUD_MS": 1156, "AREA_DRENA": 0.0, "NOM_ACUIF": "Cuencas Altas Maipo", "SHAC": "Rio Maipo", "UBICACIÓN": "Ubicada aguas abajo del puente El Ingenio", "OBSERVACIO": null, "LUGAR": "ZONA RURAL", "INSTITUCIO": "DIRECCION GENERAL DE AGUAS", "TIPO_ESTAC": "*FLUVIOMETRICA\n*METEOROLOGICA\n", "TIPO_EST_1": "FLUVIOMETRICA", "TIPO_EST_2": "METEOROLOGICA\n", "TIPO_EST_3": null, "TIPO_EST_4": null, "FUENTE_00": "*SAT\n", "FUENTE_01": "SAT\n", "FUENTE_02": null, "FUENTE_03": null, "FUENTE_04": null, "PARAMETROS": "*ALTURA (m) | minimo: -2, maximo: 15\n*ALTURA (m) | minimo: -2, maximo: 15\n*CAUDAL (m3/s) | minimo: 0, maximo: 10000\n*AFORO (m3/s) | minimo: 0, maximo: 10000\n*CURVA DE DESCARGA (M-M3/S) | minimo: 0, maximo: 10000\n*PRECIPITACION (mm) | minimo: 0, maximo: 1", "INSTRUMENT": "*LIMNIMETRO DE REGLA GRADUADA\n*ESTACION AUTOMATICA M.R.I.\n*PLATAFORMA D.C.P.\n", "PROCESOS": null, "PERFIL_TOP": null, "LAGO_ASOCI": null, "POZO": null, "LATITUD": -33.768056406, "LONGITUD": -70.273895405000005, "ESTE_8418": 0, "NORTE_8418": 0, "ESTE_8419": 382036, "NORTE_8419": 6262832, "ESTE_8412": 0, "NORTE_8412": 0, "HUSO_REAL": 19 }, "geometry": { "type": "Point", "coordinates": [ -70.273895404999962, -33.768056405999971 ] } },
{ "type": "Feature", "properties": { "OBJECTID": 1216, "COD_BNA": "05746001-6", "NOM_ESTACI": "ESTERO PUANGUE EN RUTA 78", "FECHA_INST": "02/08/1972", "FECHA_LLEN": "18/12/2020", "FECHA_SUSP": null, "COD_REG": "13", "COD_PROV": "135", "COD_COM": "13501", "REGION": "Metropolitana de Santiago", "PROVINCIA": "Melipilla", "COMUNA": "Melipilla", "REGION_RES": "METROPOLITANA", "COD_CUEN": "057", "COD_SUBC": "0574", "COD_SSUBC": "05746", "NOM_CUEN": "Rio Maipo", "NOM_SUBC": "Rio Maipo Bajo (Entre Rio Mapocho y Desembocadura)", "NOM_SSUBC": "Estero Puangue Entre Estero de Los Mayos y Rio Maipo", "ALTITUD_MS": 93, "AREA_DRENA": 1670.0, "NOM_ACUIF": "Rio Maipo", "SHAC": "Puangue Bajo", "UBICACIÓN": "CRUCE DE CAMINO SANTIAGO-SN. ANTONIO RUTA 78. CON ESTERO EN KM 80", "OBSERVACIO": "*Se instala nuevo equipo xlin500\n*Funcionando bien\n*Estación funcionando bien. Sin acceso a equipo.\n", "LUGAR": "CAUCE NATURAL", "INSTITUCIO": "DIRECCION GENERAL DE AGUAS", "TIPO_ESTAC": "*FLUVIOMETRICA\n*METEOROLOGICA\n*CALIDAD DE AGUA\n", "TIPO_EST_1": "FLUVIOMETRICA", "TIPO_EST_2": "METEOROLOGICA\n", "TIPO_EST_3": "CALIDAD DE AGUA\n", "TIPO_EST_4": null, "FUENTE_00": "*DTL\n*GPR\n", "FUENTE_01": "DTL\n", "FUENTE_02": "GPR\n", "FUENTE_03": null, "FUENTE_04": null, "PARAMETROS": "*ALTURA (m) | minimo: -2, maximo: 15\n*CAUDAL (m3/s) | minimo: 0, maximo: 10000\n*AFORO (m3/s) | minimo: 0, maximo: 10000\n*CURVA DE DESCARGA (M-M3/S) | minimo: 0, maximo: 10000\n*PRECIPITACION (mm) | minimo: 0, maximo: 80\n*PARAMETROS FISICO-QUIMICO (VARIOS)", "INSTRUMENT": "*LIMNIMETRO DE REGLA GRADUADA\n*LIMNIGRAFO DE FLOTADOR\n*MOLINETE TIPO 622\n*PLUVIOMETRO HELLMAN | SUSPENDIDO(01/05/1989)\n", "PROCESOS": "*PROCESO DE DATOS METEOROLÓGICOS | ALGUNAS FUENTES | SUSPENDIDO(17/05/2022)\n", "PERFIL_TOP": "*N° Perfil: 1 | Fecha: 01/07/1988 | Delta H: 100 | Delta X: 100\n", "LAGO_ASOCI": null, "POZO": null, "LATITUD": -33.661443228000003, "LONGITUD": -71.337068423999995, "ESTE_8418": 0, "NORTE_8418": 0, "ESTE_8419": 283301, "NORTE_8419": 6272931, "ESTE_8412": 0, "NORTE_8412": 0, "HUSO_REAL": 19 }, "geometry": { "type": "Point", "coordinates": [ -71.337068423999938, -33.661443227999939 ] } },
{ "type": "Feature", "properties": { "OBJECTID": 1217, "COD_BNA": "05746006-7", "NOM_ESTACI": "APR LA LUMBRERA", "FECHA_INST": "08/10/2015", "FECHA_LLEN": "31/07/2017", "FECHA_SUSP": null, "COD_REG": "13", "COD_PROV": "135", "COD_COM": "13501", "REGION": "Metropolitana de Santiago", "PROVINCIA": "Melipilla", "COMUNA": "Melipilla", "REGION_RES": "METROPOLITANA", "COD_CUEN": "057", "COD_SUBC": "0574", "COD_SSUBC": "05746", "NOM_CUEN": "Rio Maipo", "NOM_SUBC": "Rio Maipo Bajo (Entre Rio Mapocho y Desembocadura)", "NOM_SSUBC": "Estero Puangue Entre Estero de Los Mayos y Rio Maipo", "ALTITUD_MS": 162, "AREA_DRENA": 0.0, "NOM_ACUIF": "Rio Maipo", "SHAC": "Puangue Bajo", "UBICACIÓN": null, "OBSERVACIO": null, "LUGAR": "POZO", "INSTITUCIO": "DIRECCION GENERAL DE AGUAS", "TIPO_ESTAC": "*CALIDAD DE AGUA\n", "TIPO_EST_1": "CALIDAD DE AGUA\n", "TIPO_EST_2": null, "TIPO_EST_3": null, "TIPO_EST_4": null, "FUENTE_00": null, "FUENTE_01": null, "FUENTE_02": null, "FUENTE_03": null, "FUENTE_04": null, "PARAMETROS": "*PARAMETROS FISICO-QUIMICO (VARIOS) | minimo: 0, maximo: 0\n", "INSTRUMENT": "*INSTRUMENTOS VARIOS DE LABORATORIO\n", "PROCESOS": null, "PERFIL_TOP": null, "LAGO_ASOCI": null, "POZO": null, "LATITUD": -33.651360584000003, "LONGITUD": -71.283169263000005, "ESTE_8418": 0, "NORTE_8418": 0, "ESTE_8419": 288275, "NORTE_8419": 6274161, "ESTE_8412": 0, "NORTE_8412": 0, "HUSO_REAL": 19 }, "geometry": { "type": "Point", "coordinates": [ -71.283169262999934, -33.651360583999974 ] } },
{ "type": "Feature", "properties": { "OBJECTID": 1218, "COD_BNA": "05746007-5", "NOM_ESTACI": "APR PUANGUE", "FECHA_INST": "08/10/2015", "FECHA_LLEN": "31/07/2017", "FECHA_SUSP": null, "COD_REG": "13", "COD_PROV": "135", "COD_COM": "13501", "REGION": "Metropolitana de Santiago", "PROVINCIA": "Melipilla", "COMUNA": "Melipilla", "REGION_RES": "METROPOLITANA", "COD_CUEN": "057", "COD_SUBC": "0574", "COD_SSUBC": "05746", "NOM_CUEN": "Rio Maipo", "NOM_SUBC": "Rio Maipo Bajo (Entre Rio Mapocho y Desembocadura)", "NOM_SSUBC": "Estero Puangue Entre Estero de Los Mayos y Rio Maipo", "ALTITUD_MS": 157, "AREA_DRENA": 0.0, "NOM_ACUIF": "Rio Maipo", "SHAC": "Puangue Bajo", "UBICACIÓN": null, "OBSERVACIO": null, "LUGAR": "POZO", "INSTITUCIO": "DIRECCION GENERAL DE AGUAS", "TIPO_ESTAC": "*CALIDAD DE AGUA\n", "TIPO_EST_1": "CALIDAD DE AGUA\n", "TIPO_EST_2": null, "TIPO_EST_3": null, "TIPO_EST_4": null, "FUENTE_00": null, "FUENTE_01": null, "FUENTE_02": null, "FUENTE_03": null, "FUENTE_04": null, "PARAMETROS": "*PARAMETROS FISICO-QUIMICO (VARIOS) | minimo: 0, maximo: 0\n", "INSTRUMENT": "*INSTRUMENTOS VARIOS DE LABORATORIO\n", "PROCESOS": null, "PERFIL_TOP": null, "LAGO_ASOCI": null, "POZO": null, "LATITUD": -33.663857827999998, "LONGITUD": -71.315136691000006, "ESTE_8418": 0, "NORTE_8418": 0, "ESTE_8419": 285341, "NORTE_8419": 6272709, "ESTE_8412": 0, "NORTE_8412": 0, "HUSO_REAL": 19 }, "geometry": { "type": "Point", "coordinates": [ -71.315136690999964, -33.663857827999948 ] } },
{ "type": "Feature", "properties": { "OBJECTID": 1219, "COD_BNA": "05746009-1", "NOM_ESTACI": "APR SAN JOSE DE MELIPILLA", "FECHA_INST": "08/10/2015", "FECHA_LLEN": "31/07/2017", "FECHA_SUSP": null, "COD_REG": "13", "COD_PROV": "135", "COD_COM": "13501", "REGION": "Metropolitana de Santiago", "PROVINCIA": "Melipilla", "COMUNA": "Melipilla", "REGION_RES": "METROPOLITANA", "COD_CUEN": "057", "COD_SUBC": "0574", "COD_SSUBC": "05746", "NOM_CUEN": "Rio Maipo", "NOM_SUBC": "Rio Maipo Bajo (Entre Rio Mapocho y Desembocadura)", "NOM_SSUBC": "Estero Puangue Entre Estero de Los Mayos y Rio Maipo", "ALTITUD_MS": 172, "AREA_DRENA": 0.0, "NOM_ACUIF": "Rio Maipo", "SHAC": "Puangue Bajo", "UBICACIÓN": null, "OBSERVACIO": null, "LUGAR": "POZO", "INSTITUCIO": "DIRECCION GENERAL DE AGUAS", "TIPO_ESTAC": "*CALIDAD DE AGUA\n", "TIPO_EST_1": "CALIDAD DE AGUA\n", "TIPO_EST_2": null, "TIPO_EST_3": null, "TIPO_EST_4": null, "FUENTE_00": null, "FUENTE_01": null, "FUENTE_02": null, "FUENTE_03": null, "FUENTE_04": null, "PARAMETROS": "*PARAMETROS FISICO-QUIMICO (VARIOS) | minimo: 0, maximo: 0\n", "INSTRUMENT": "*INSTRUMENTOS VARIOS DE LABORATORIO\n", "PROCESOS": null, "PERFIL_TOP": null, "LAGO_ASOCI": null, "POZO": null, "LATITUD": -33.60942258, "LONGITUD": -71.230390244999995, "ESTE_8418": 0, "NORTE_8418": 0, "ESTE_8419": 293070, "NORTE_8419": 6278919, "ESTE_8412": 0, "NORTE_8412": 0, "HUSO_REAL": 19 }, "geometry": { "type": "Point", "coordinates": [ -71.230390244999967, -33.609422579999944 ] } },
{ "type": "Feature", "properties": { "OBJECTID": 1220, "COD_BNA": "05746010-5", "NOM_ESTACI": "APR ROSA DE ESMERALDA", "FECHA_INST": "08/10/2015", "FECHA_LLEN": "31/07/2017", "FECHA_SUSP": null, "COD_REG": "13", "COD_PROV": "135", "COD_COM": "13501", "REGION": "Metropolitana de Santiago", "PROVINCIA": "Melipilla", "COMUNA": "Melipilla", "REGION_RES": "METROPOLITANA", "COD_CUEN": "057", "COD_SUBC": "0574", "COD_SSUBC": "05746", "NOM_CUEN": "Rio Maipo", "NOM_SUBC": "Rio Maipo Bajo (Entre Rio Mapocho y Desembocadura)", "NOM_SSUBC": "Estero Puangue Entre Estero de Los Mayos y Rio Maipo", "ALTITUD_MS": 152, "AREA_DRENA": 0.0, "NOM_ACUIF": "Rio Maipo", "SHAC": "Puangue Bajo", "UBICACIÓN": null, "OBSERVACIO": null, "LUGAR": "POZO", "INSTITUCIO": "DIRECCION GENERAL DE AGUAS", "TIPO_ESTAC": "*CALIDAD DE AGUA\n", "TIPO_EST_1": "CALIDAD DE AGUA\n", "TIPO_EST_2": null, "TIPO_EST_3": null, "TIPO_EST_4": null, "FUENTE_00": null, "FUENTE_01": null, "FUENTE_02": null, "FUENTE_03": null, "FUENTE_04": null, "PARAMETROS": "*PARAMETROS FISICO-QUIMICO (VARIOS) | minimo: 0, maximo: 0\n", "INSTRUMENT": "*INSTRUMENTOS VARIOS DE LABORATORIO\n", "PROCESOS": null, "PERFIL_TOP": null, "LAGO_ASOCI": null, "POZO": null, "LATITUD": -33.658587570999998, "LONGITUD": -71.257892248000005, "ESTE_8418": 0, "NORTE_8418": 0, "ESTE_8419": 290637, "NORTE_8419": 6273411, "ESTE_8412": 0, "NORTE_8412": 0, "HUSO_REAL": 19 }, "geometry": { "type": "Point", "coordinates": [ -71.257892247999962, -33.658587570999941 ] } },
{ "type": "Feature", "properties": { "OBJECTID": 1221, "COD_BNA": "05746011-3", "NOM_ESTACI": "POZO MELIPILLA PUANGUE", "FECHA_INST": "10/12/2023", "FECHA_LLEN": "14/11/2023", "FECHA_SUSP": null, "COD_REG": "13", "COD_PROV": "135", "COD_COM": "13501", "REGION": "Metropolitana de Santiago", "PROVINCIA": "Melipilla", "COMUNA": "Melipilla", "REGION_RES": "METROPOLITANA", "COD_CUEN": "057", "COD_SUBC": "0574", "COD_SSUBC": "05746", "NOM_CUEN": "Rio Maipo", "NOM_SUBC": "Rio Maipo Bajo (Entre Rio Mapocho y Desembocadura)", "NOM_SSUBC": "Estero Puangue Entre Estero de Los Mayos y Rio Maipo", "ALTITUD_MS": 150, "AREA_DRENA": 0.0, "NOM_ACUIF": "Rio Maipo", "SHAC": "Puangue Bajo", "UBICACIÓN": null, "OBSERVACIO": "*Candado de tapa del pozo no cabe, hay que arreglarlo.\n", "LUGAR": "POZO", "INSTITUCIO": "DIRECCION GENERAL DE AGUAS", "TIPO_ESTAC": "*CONTROL DE NIVEL\n", "TIPO_EST_1": "CONTROL DE NIVEL\n", "TIPO_EST_2": null, "TIPO_EST_3": null, "TIPO_EST_4": null, "FUENTE_00": "*GPR\n", "FUENTE_01": "GPR\n", "FUENTE_02": null, "FUENTE_03": null, "FUENTE_04": null, "PARAMETROS": "*PROFUNDIDAD (POZO) (m) | minimo: 0, maximo: 100\n*PROFUNDIDAD (POZO) (m) | minimo: 0, maximo: 100\n", "INSTRUMENT": null, "PROCESOS": null, "PERFIL_TOP": null, "LAGO_ASOCI": null, "POZO": null, "LATITUD": -33.665280002000003, "LONGITUD": -71.313341683999994, "ESTE_8418": 0, "NORTE_8418": 0, "ESTE_8419": 285511, "NORTE_8419": 6272555, "ESTE_8412": 0, "NORTE_8412": 0, "HUSO_REAL": 19 }, "geometry": { "type": "Point", "coordinates": [ -71.313341683999965, -33.665280001999975 ] } },
{ "type": "Feature", "properties": { "OBJECTID": 1222, "COD_BNA": "05740011-0", "NOM_ESTACI": "APR CHINIQUE", "FECHA_INST": "27/10/2015", "FECHA_LLEN": "31/07/2017", "FECHA_SUSP": null, "COD_REG": "13", "COD_PROV": "136", "COD_COM": "13602", "REGION": "Metropolitana de Santiago", "PROVINCIA": "Talagante", "COMUNA": "El Monte", "REGION_RES": "METROPOLITANA", "COD_CUEN": "057", "COD_SUBC": "0574", "COD_SSUBC": "05746", "NOM_CUEN": "Rio Maipo", "NOM_SUBC": "Rio Maipo Bajo (Entre Rio Mapocho y Desembocadura)", "NOM_SSUBC": "Estero Puangue Entre Estero de Los Mayos y Rio Maipo", "ALTITUD_MS": 231, "AREA_DRENA": 0.0, "NOM_ACUIF": "Rio Maipo", "SHAC": "El Monte Nuevo", "UBICACIÓN": null, "OBSERVACIO": null, "LUGAR": "POZO", "INSTITUCIO": "DIRECCION GENERAL DE AGUAS", "TIPO_ESTAC": "*CALIDAD DE AGUA\n", "TIPO_EST_1": "CALIDAD DE AGUA\n", "TIPO_EST_2": null, "TIPO_EST_3": null, "TIPO_EST_4": null, "FUENTE_00": null, "FUENTE_01": null, "FUENTE_02": null, "FUENTE_03": null, "FUENTE_04": null, "PARAMETROS": "*PARAMETROS FISICO-QUIMICO (VARIOS) | minimo: 0, maximo: 0\n", "INSTRUMENT": "*INSTRUMENTOS VARIOS DE LABORATORIO\n", "PROCESOS": null, "PERFIL_TOP": null, "LAGO_ASOCI": null, "POZO": null, "LATITUD": -33.687753682999997, "LONGITUD": -71.080950566, "ESTE_8418": 0, "NORTE_8418": 0, "ESTE_8419": 307112, "NORTE_8419": 6270521, "ESTE_8412": 0, "NORTE_8412": 0, "HUSO_REAL": 19 }, "geometry": { "type": "Point", "coordinates": [ -71.080950565999956, -33.687753682999983 ] } },
{ "type": "Feature", "properties": { "OBJECTID": 1223, "COD_BNA": "05746004-0", "NOM_ESTACI": "APR EL PAICO ALTO", "FECHA_INST": "28/10/2015", "FECHA_LLEN": "31/07/2017", "FECHA_SUSP": null, "COD_REG": "13", "COD_PROV": "136", "COD_COM": "13602", "REGION": "Metropolitana de Santiago", "PROVINCIA": "Talagante", "COMUNA": "El Monte", "REGION_RES": "METROPOLITANA", "COD_CUEN": "057", "COD_SUBC": "0574", "COD_SSUBC": "05746", "NOM_CUEN": "Rio Maipo", "NOM_SUBC": "Rio Maipo Bajo (Entre Rio Mapocho y Desembocadura)", "NOM_SSUBC": "Estero Puangue Entre Estero de Los Mayos y Rio Maipo", "ALTITUD_MS": 0, "AREA_DRENA": 0.0, "NOM_ACUIF": "Rio Maipo", "SHAC": "El Monte Nuevo", "UBICACIÓN": null, "OBSERVACIO": null, "LUGAR": "POZO", "INSTITUCIO": "DIRECCION GENERAL DE AGUAS", "TIPO_ESTAC": "*CALIDAD DE AGUA\n", "TIPO_EST_1": "CALIDAD DE AGUA\n", "TIPO_EST_2": null, "TIPO_EST_3": null, "TIPO_EST_4": null, "FUENTE_00": null, "FUENTE_01": null, "FUENTE_02": null, "FUENTE_03": null, "FUENTE_04": null, "PARAMETROS": "*PARAMETROS FISICO-QUIMICO (VARIOS) | minimo: 0, maximo: 0\n", "INSTRUMENT": "*INSTRUMENTOS VARIOS DE LABORATORIO\n", "PROCESOS": null, "PERFIL_TOP": null, "LAGO_ASOCI": null, "POZO": null, "LATITUD": -33.658861756999997, "LONGITUD": -71.044832401999997, "ESTE_8418": 0, "NORTE_8418": 0, "ESTE_8419": 310397, "NORTE_8419": 6273792, "ESTE_8412": 0, "NORTE_8412": 0, "HUSO_REAL": 19 }, "geometry": { "type": "Point", "coordinates": [ -71.04483240199994, -33.658861756999954 ] } },
{ "type": "Feature", "properties": { "OBJECTID": 1224, "COD_BNA": "05746005-9", "NOM_ESTACI": "APR EL ROSARIO LOS OLMOS", "FECHA_INST": "27/10/2015", "FECHA_LLEN": "31/07/2017", "FECHA_SUSP": null, "COD_REG": "13", "COD_PROV": "136", "COD_COM": "13602", "REGION": "Metropolitana de Santiago", "PROVINCIA": "Talagante", "COMUNA": "El Monte", "REGION_RES": "METROPOLITANA", "COD_CUEN": "057", "COD_SUBC": "0574", "COD_SSUBC": "05746", "NOM_CUEN": "Rio Maipo", "NOM_SUBC": "Rio Maipo Bajo (Entre Rio Mapocho y Desembocadura)", "NOM_SSUBC": "Estero Puangue Entre Estero de Los Mayos y Rio Maipo", "ALTITUD_MS": 0, "AREA_DRENA": 0.0, "NOM_ACUIF": "Rio Maipo", "SHAC": "El Monte Nuevo", "UBICACIÓN": null, "OBSERVACIO": null, "LUGAR": "POZO", "INSTITUCIO": "DIRECCION GENERAL DE AGUAS", "TIPO_ESTAC": "*CALIDAD DE AGUA\n", "TIPO_EST_1": "CALIDAD DE AGUA\n", "TIPO_EST_2": null, "TIPO_EST_3": null, "TIPO_EST_4": null, "FUENTE_00": null, "FUENTE_01": null, "FUENTE_02": null, "FUENTE_03": null, "FUENTE_04": null, "PARAMETROS": "*PARAMETROS FISICO-QUIMICO (VARIOS) | minimo: 0, maximo: 0\n", "INSTRUMENT": "*INSTRUMENTOS VARIOS DE LABORATORIO\n", "PROCESOS": null, "PERFIL_TOP": null, "LAGO_ASOCI": null, "POZO": null, "LATITUD": -33.656351973, "LONGITUD": -71.002062448999993, "ESTE_8418": 0, "NORTE_8418": 0, "ESTE_8419": 314358, "NORTE_8419": 6274148, "ESTE_8412": 0, "NORTE_8412": 0, "HUSO_REAL": 19 }, "geometry": { "type": "Point", "coordinates": [ -71.002062448999936, -33.656351972999971 ] } },
{ "type": "Feature", "properties": { "OBJECTID": 1225, "COD_BNA": "05712010-K", "NOM_ESTACI": "APR CAMPUSANO LA ESTANCILLA", "FECHA_INST": "27/10/2015", "FECHA_LLEN": "31/07/2017", "FECHA_SUSP": null, "COD_REG": "13", "COD_PROV": "134", "COD_COM": "13402", "REGION": "Metropolitana de Santiago", "PROVINCIA": "Maipo", "COMUNA": "Buin", "REGION_RES": "METROPOLITANA", "COD_CUEN": "057", "COD_SUBC": "0571", "COD_SSUBC": "05712", "NOM_CUEN": "Rio Maipo", "NOM_SUBC": "Rio Maipo Medio", "NOM_SSUBC": "Rio Maipo Entre Rio Clarillo y Estero Angostura", "ALTITUD_MS": 488, "AREA_DRENA": 0.0, "NOM_ACUIF": "Rio Maipo", "SHAC": "Buin", "UBICACIÓN": null, "OBSERVACIO": null, "LUGAR": "POZO", "INSTITUCIO": "DIRECCION GENERAL DE AGUAS", "TIPO_ESTAC": "*CALIDAD DE AGUA\n", "TIPO_EST_1": "CALIDAD DE AGUA\n", "TIPO_EST_2": null, "TIPO_EST_3": null, "TIPO_EST_4": null, "FUENTE_00": null, "FUENTE_01": null, "FUENTE_02": null, "FUENTE_03": null, "FUENTE_04": null, "PARAMETROS": "*PARAMETROS FISICO-QUIMICO (VARIOS) | minimo: 0, maximo: 0\n", "INSTRUMENT": "*INSTRUMENTOS VARIOS DE LABORATORIO\n", "PROCESOS": null, "PERFIL_TOP": null, "LAGO_ASOCI": null, "POZO": null, "LATITUD": -33.758868733, "LONGITUD": -70.808152351999993, "ESTE_8418": 0, "NORTE_8418": 0, "ESTE_8419": 332540, "NORTE_8419": 6263111, "ESTE_8412": 0, "NORTE_8412": 0, "HUSO_REAL": 19 }, "geometry": { "type": "Point", "coordinates": [ -70.808152351999979, -33.758868732999929 ] } },
{ "type": "Feature", "properties": { "OBJECTID": 1226, "COD_BNA": "05712011-8", "NOM_ESTACI": "APR EL CERRILLO", "FECHA_INST": "28/10/2015", "FECHA_LLEN": "31/07/2017", "FECHA_SUSP": null, "COD_REG": "13", "COD_PROV": "134", "COD_COM": "13402", "REGION": "Metropolitana de Santiago", "PROVINCIA": "Maipo", "COMUNA": "Buin", "REGION_RES": "METROPOLITANA", "COD_CUEN": "057", "COD_SUBC": "0571", "COD_SSUBC": "05712", "NOM_CUEN": "Rio Maipo", "NOM_SUBC": "Rio Maipo Medio", "NOM_SSUBC": "Rio Maipo Entre Rio Clarillo y Estero Angostura", "ALTITUD_MS": 449, "AREA_DRENA": 0.0, "NOM_ACUIF": "Rio Maipo", "SHAC": "Buin", "UBICACIÓN": null, "OBSERVACIO": null, "LUGAR": "POZO", "INSTITUCIO": null, "TIPO_ESTAC": "*CALIDAD DE AGUA\n", "TIPO_EST_1": "CALIDAD DE AGUA\n", "TIPO_EST_2": null, "TIPO_EST_3": null, "TIPO_EST_4": null, "FUENTE_00": null, "FUENTE_01": null, "FUENTE_02": null, "FUENTE_03": null, "FUENTE_04": null, "PARAMETROS": "*PARAMETROS FISICO-QUIMICO (VARIOS) | minimo: 0, maximo: 0\n", "INSTRUMENT": "*INSTRUMENTOS VARIOS DE LABORATORIO\n", "PROCESOS": null, "PERFIL_TOP": null, "LAGO_ASOCI": null, "POZO": null, "LATITUD": -33.767188935, "LONGITUD": -70.701196315000004, "ESTE_8418": 0, "NORTE_8418": 0, "ESTE_8419": 342462, "NORTE_8419": 6262357, "ESTE_8412": 0, "NORTE_8412": 0, "HUSO_REAL": 19 }, "geometry": { "type": "Point", "coordinates": [ -70.701196314999947, -33.767188934999979 ] } },
{ "type": "Feature", "properties": { "OBJECTID": 1227, "COD_BNA": "05712012-6", "NOM_ESTACI": "APR EL ROMERAL", "FECHA_INST": "29/10/2017", "FECHA_LLEN": "31/07/2017", "FECHA_SUSP": null, "COD_REG": "13", "COD_PROV": "134", "COD_COM": "13401", "REGION": "Metropolitana de Santiago", "PROVINCIA": "Maipo", "COMUNA": "San Bernardo", "REGION_RES": "METROPOLITANA", "COD_CUEN": "057", "COD_SUBC": "0571", "COD_SSUBC": "05712", "NOM_CUEN": "Rio Maipo", "NOM_SUBC": "Rio Maipo Medio", "NOM_SSUBC": "Rio Maipo Entre Rio Clarillo y Estero Angostura", "ALTITUD_MS": 496, "AREA_DRENA": 0.0, "NOM_ACUIF": "Rio Maipo", "SHAC": "Buin", "UBICACIÓN": null, "OBSERVACIO": null, "LUGAR": "POZO", "INSTITUCIO": "DIRECCION GENERAL DE AGUAS", "TIPO_ESTAC": "*CALIDAD DE AGUA\n", "TIPO_EST_1": "CALIDAD DE AGUA\n", "TIPO_EST_2": null, "TIPO_EST_3": null, "TIPO_EST_4": null, "FUENTE_00": null, "FUENTE_01": null, "FUENTE_02": null, "FUENTE_03": null, "FUENTE_04": null, "PARAMETROS": "*PARAMETROS FISICO-QUIMICO (VARIOS) | minimo: 0, maximo: 0\n", "INSTRUMENT": "*INSTRUMENTOS VARIOS DE LABORATORIO\n", "PROCESOS": null, "PERFIL_TOP": null, "LAGO_ASOCI": null, "POZO": null, "LATITUD": -33.694141877, "LONGITUD": -70.745367657000003, "ESTE_8418": 0, "NORTE_8418": 0, "ESTE_8419": 338234, "NORTE_8419": 6270389, "ESTE_8412": 0, "NORTE_8412": 0, "HUSO_REAL": 19 }, "geometry": { "type": "Point", "coordinates": [ -70.745367656999974, -33.694141876999936 ] } },
{ "type": "Feature", "properties": { "OBJECTID": 1228, "COD_BNA": "05712013-4", "NOM_ESTACI": "APR LA ESTANCILLA DE NOS", "FECHA_INST": "02/11/2015", "FECHA_LLEN": "31/07/2017", "FECHA_SUSP": null, "COD_REG": "13", "COD_PROV": "134", "COD_COM": "13401", "REGION": "Metropolitana de Santiago", "PROVINCIA": "Maipo", "COMUNA": "San Bernardo", "REGION_RES": "METROPOLITANA", "COD_CUEN": "057", "COD_SUBC": "0571", "COD_SSUBC": "05712", "NOM_CUEN": "Rio Maipo", "NOM_SUBC": "Rio Maipo Medio", "NOM_SSUBC": "Rio Maipo Entre Rio Clarillo y Estero Angostura", "ALTITUD_MS": 568, "AREA_DRENA": 0.0, "NOM_ACUIF": "Rio Maipo", "SHAC": "Buin", "UBICACIÓN": null, "OBSERVACIO": null, "LUGAR": "POZO", "INSTITUCIO": "DIRECCION GENERAL DE AGUAS", "TIPO_ESTAC": "*CALIDAD DE AGUA\n", "TIPO_EST_1": "CALIDAD DE AGUA\n", "TIPO_EST_2": null, "TIPO_EST_3": null, "TIPO_EST_4": null, "FUENTE_00": null, "FUENTE_01": null, "FUENTE_02": null, "FUENTE_03": null, "FUENTE_04": null, "PARAMETROS": "*PARAMETROS FISICO-QUIMICO (VARIOS) | minimo: 0, maximo: 0\n", "INSTRUMENT": "*INSTRUMENTOS VARIOS DE LABORATORIO\n", "PROCESOS": null, "PERFIL_TOP": null, "LAGO_ASOCI": null, "POZO": null, "LATITUD": -33.656631404000002, "LONGITUD": -70.697863169000001, "ESTE_8418": 0, "NORTE_8418": 0, "ESTE_8419": 342569, "NORTE_8419": 6274622, "ESTE_8412": 0, "NORTE_8412": 0, "HUSO_REAL": 19 }, "geometry": { "type": "Point", "coordinates": [ -70.697863168999959, -33.656631403999938 ] } },
{ "type": "Feature", "properties": { "OBJECTID": 1229, "COD_BNA": "05712014-2", "NOM_ESTACI": "APR PUNTILLA DE LONQUEN", "FECHA_INST": "23/10/2015", "FECHA_LLEN": "31/07/2017", "FECHA_SUSP": null, "COD_REG": "13", "COD_PROV": "134", "COD_COM": "13401", "REGION": "Metropolitana de Santiago", "PROVINCIA": "Maipo", "COMUNA": "San Bernardo", "REGION_RES": "METROPOLITANA", "COD_CUEN": "057", "COD_SUBC": "0571", "COD_SSUBC": "05712", "NOM_CUEN": "Rio Maipo", "NOM_SUBC": "Rio Maipo Medio", "NOM_SSUBC": "Rio Maipo Entre Rio Clarillo y Estero Angostura", "ALTITUD_MS": 409, "AREA_DRENA": 0.0, "NOM_ACUIF": "Rio Maipo", "SHAC": "Buin", "UBICACIÓN": null, "OBSERVACIO": null, "LUGAR": "POZO", "INSTITUCIO": "DIRECCION GENERAL DE AGUAS", "TIPO_ESTAC": "*CALIDAD DE AGUA\n", "TIPO_EST_1": "CALIDAD DE AGUA\n", "TIPO_EST_2": null, "TIPO_EST_3": null, "TIPO_EST_4": null, "FUENTE_00": null, "FUENTE_01": null, "FUENTE_02": null, "FUENTE_03": null, "FUENTE_04": null, "PARAMETROS": "*PARAMETROS FISICO-QUIMICO (VARIOS) | minimo: 0, maximo: 0\n", "INSTRUMENT": "*INSTRUMENTOS VARIOS DE LABORATORIO\n", "PROCESOS": null, "PERFIL_TOP": null, "LAGO_ASOCI": null, "POZO": null, "LATITUD": -33.749694259000002, "LONGITUD": -70.823720358000003, "ESTE_8418": 0, "NORTE_8418": 0, "ESTE_8419": 331080, "NORTE_8419": 6264103, "ESTE_8412": 0, "NORTE_8412": 0, "HUSO_REAL": 19 }, "geometry": { "type": "Point", "coordinates": [ -70.823720357999946, -33.749694258999966 ] } },
{ "type": "Feature", "properties": { "OBJECTID": 1230, "COD_BNA": "05712004-5", "NOM_ESTACI": "FUNDO CACHANTUN", "FECHA_INST": "01/09/1968", "FECHA_LLEN": "08/05/2024", "FECHA_SUSP": null, "COD_REG": "13", "COD_PROV": "134", "COD_COM": "13404", "REGION": "Metropolitana de Santiago", "PROVINCIA": "Maipo", "COMUNA": "Paine", "REGION_RES": "METROPOLITANA", "COD_CUEN": "057", "COD_SUBC": "0571", "COD_SSUBC": "05712", "NOM_CUEN": "Rio Maipo", "NOM_SUBC": "Rio Maipo Medio", "NOM_SSUBC": "Rio Maipo Entre Rio Clarillo y Estero Angostura", "ALTITUD_MS": 402, "AREA_DRENA": 0.0, "NOM_ACUIF": "Rio Maipo", "SHAC": "Paine", "UBICACIÓN": null, "OBSERVACIO": null, "LUGAR": "POZO", "INSTITUCIO": "DIRECCION GENERAL DE AGUAS", "TIPO_ESTAC": "*CONTROL DE NIVEL\n", "TIPO_EST_1": "CONTROL DE NIVEL\n", "TIPO_EST_2": null, "TIPO_EST_3": null, "TIPO_EST_4": null, "FUENTE_00": null, "FUENTE_01": null, "FUENTE_02": null, "FUENTE_03": null, "FUENTE_04": null, "PARAMETROS": "*PROFUNDIDAD (POZO) (m) | minimo: 0, maximo: 0\n", "INSTRUMENT": "*POZOMETRO\n", "PROCESOS": null, "PERFIL_TOP": null, "LAGO_ASOCI": null, "POZO": null, "LATITUD": -33.804305349000003, "LONGITUD": -70.657523075, "ESTE_8418": 0, "NORTE_8418": 0, "ESTE_8419": 346573, "NORTE_8419": 6258307, "ESTE_8412": 0, "NORTE_8412": 0, "HUSO_REAL": 19 }, "geometry": { "type": "Point", "coordinates": [ -70.657523074999972, -33.804305348999947 ] } },
{ "type": "Feature", "properties": { "OBJECTID": 1231, "COD_BNA": "05712009-6", "NOM_ESTACI": "APR APARICION DE PAINE", "FECHA_INST": "28/10/2015", "FECHA_LLEN": "31/07/2017", "FECHA_SUSP": null, "COD_REG": "13", "COD_PROV": "134", "COD_COM": "13404", "REGION": "Metropolitana de Santiago", "PROVINCIA": "Maipo", "COMUNA": "Paine", "REGION_RES": "METROPOLITANA", "COD_CUEN": "057", "COD_SUBC": "0571", "COD_SSUBC": "05712", "NOM_CUEN": "Rio Maipo", "NOM_SUBC": "Rio Maipo Medio", "NOM_SSUBC": "Rio Maipo Entre Rio Clarillo y Estero Angostura", "ALTITUD_MS": 0, "AREA_DRENA": 0.0, "NOM_ACUIF": "Rio Maipo", "SHAC": "Paine", "UBICACIÓN": null, "OBSERVACIO": null, "LUGAR": "POZO", "INSTITUCIO": "DIRECCION GENERAL DE AGUAS", "TIPO_ESTAC": "*CALIDAD DE AGUA\n", "TIPO_EST_1": "CALIDAD DE AGUA\n", "TIPO_EST_2": null, "TIPO_EST_3": null, "TIPO_EST_4": null, "FUENTE_00": null, "FUENTE_01": null, "FUENTE_02": null, "FUENTE_03": null, "FUENTE_04": null, "PARAMETROS": "*PARAMETROS FISICO-QUIMICO (VARIOS) | minimo: 0, maximo: 0\n", "INSTRUMENT": "*INSTRUMENTOS VARIOS DE LABORATORIO\n", "PROCESOS": null, "PERFIL_TOP": null, "LAGO_ASOCI": null, "POZO": null, "LATITUD": -33.791365699000004, "LONGITUD": -70.653428613000003, "ESTE_8418": 0, "NORTE_8418": 0, "ESTE_8419": 346929, "NORTE_8419": 6259748, "ESTE_8412": 0, "NORTE_8412": 0, "HUSO_REAL": 19 }, "geometry": { "type": "Point", "coordinates": [ -70.65342861299996, -33.791365698999982 ] } },
{ "type": "Feature", "properties": { "OBJECTID": 1232, "COD_BNA": "05714003-8", "NOM_ESTACI": "POZO FUNDO CACHANTUN", "FECHA_INST": "01/01/2000", "FECHA_LLEN": "21/07/2003", "FECHA_SUSP": null, "COD_REG": "13", "COD_PROV": "134", "COD_COM": "13404", "REGION": "Metropolitana de Santiago", "PROVINCIA": "Maipo", "COMUNA": "Paine", "REGION_RES": "METROPOLITANA", "COD_CUEN": "057", "COD_SUBC": "0571", "COD_SSUBC": "05712", "NOM_CUEN": "Rio Maipo", "NOM_SUBC": "Rio Maipo Medio", "NOM_SSUBC": "Rio Maipo Entre Rio Clarillo y Estero Angostura", "ALTITUD_MS": 0, "AREA_DRENA": 0.0, "NOM_ACUIF": "Rio Maipo", "SHAC": "Paine", "UBICACIÓN": null, "OBSERVACIO": null, "LUGAR": "POZO", "INSTITUCIO": "DIRECCION GENERAL DE AGUAS", "TIPO_ESTAC": "*CALIDAD DE AGUA\n", "TIPO_EST_1": "CALIDAD DE AGUA\n", "TIPO_EST_2": null, "TIPO_EST_3": null, "TIPO_EST_4": null, "FUENTE_00": null, "FUENTE_01": null, "FUENTE_02": null, "FUENTE_03": null, "FUENTE_04": null, "PARAMETROS": "*PARAMETROS FISICO-QUIMICO (VARIOS) | minimo: 0, maximo: 0\n", "INSTRUMENT": "*INSTRUMENTOS VARIOS DE LABORATORIO\n", "PROCESOS": null, "PERFIL_TOP": null, "LAGO_ASOCI": null, "POZO": null, "LATITUD": -33.804144377999997, "LONGITUD": -70.657422751, "ESTE_8418": 0, "NORTE_8418": 0, "ESTE_8419": 346582, "NORTE_8419": 6258325, "ESTE_8412": 0, "NORTE_8412": 0, "HUSO_REAL": 19 }, "geometry": { "type": "Point", "coordinates": [ -70.657422750999956, -33.804144377999933 ] } },
{ "type": "Feature", "properties": { "OBJECTID": 1233, "COD_BNA": "05712015-0", "NOM_ESTACI": "APR MONTE LAS MERCEDES", "FECHA_INST": "26/10/2015", "FECHA_LLEN": "31/07/2017", "FECHA_SUSP": null, "COD_REG": "13", "COD_PROV": "136", "COD_COM": "13603", "REGION": "Metropolitana de Santiago", "PROVINCIA": "Talagante", "COMUNA": "Isla de Maipo", "REGION_RES": "METROPOLITANA", "COD_CUEN": "057", "COD_SUBC": "0571", "COD_SSUBC": "05712", "NOM_CUEN": "Rio Maipo", "NOM_SUBC": "Rio Maipo Medio", "NOM_SSUBC": "Rio Maipo Entre Rio Clarillo y Estero Angostura", "ALTITUD_MS": 346, "AREA_DRENA": 0.0, "NOM_ACUIF": "Rio Maipo", "SHAC": "El Monte Nuevo", "UBICACIÓN": null, "OBSERVACIO": null, "LUGAR": "POZO", "INSTITUCIO": "DIRECCION GENERAL DE AGUAS", "TIPO_ESTAC": "*CALIDAD DE AGUA\n", "TIPO_EST_1": "CALIDAD DE AGUA\n", "TIPO_EST_2": null, "TIPO_EST_3": null, "TIPO_EST_4": null, "FUENTE_00": null, "FUENTE_01": null, "FUENTE_02": null, "FUENTE_03": null, "FUENTE_04": null, "PARAMETROS": "*PARAMETROS FISICO-QUIMICO (VARIOS) | minimo: 0, maximo: 0\n", "INSTRUMENT": "*INSTRUMENTOS VARIOS DE LABORATORIO\n", "PROCESOS": null, "PERFIL_TOP": null, "LAGO_ASOCI": null, "POZO": null, "LATITUD": -33.795537705999998, "LONGITUD": -70.886763501000004, "ESTE_8418": 0, "NORTE_8418": 0, "ESTE_8419": 325333, "NORTE_8419": 6258914, "ESTE_8412": 0, "NORTE_8412": 0, "HUSO_REAL": 19 }, "geometry": { "type": "Point", "coordinates": [ -70.886763500999962, -33.795537705999948 ] } },
{ "type": "Feature", "properties": { "OBJECTID": 1234, "COD_BNA": "05717015-8", "NOM_ESTACI": "APR OLEA", "FECHA_INST": "26/10/2015", "FECHA_LLEN": "31/07/2017", "FECHA_SUSP": null, "COD_REG": "13", "COD_PROV": "136", "COD_COM": "13603", "REGION": "Metropolitana de Santiago", "PROVINCIA": "Talagante", "COMUNA": "Isla de Maipo", "REGION_RES": "METROPOLITANA", "COD_CUEN": "057", "COD_SUBC": "0571", "COD_SSUBC": "05712", "NOM_CUEN": "Rio Maipo", "NOM_SUBC": "Rio Maipo Medio", "NOM_SSUBC": "Rio Maipo Entre Rio Clarillo y Estero Angostura", "ALTITUD_MS": 368, "AREA_DRENA": 0.0, "NOM_ACUIF": "Rio Maipo", "SHAC": "El Monte Nuevo", "UBICACIÓN": null, "OBSERVACIO": null, "LUGAR": "POZO", "INSTITUCIO": "DIRECCION GENERAL DE AGUAS", "TIPO_ESTAC": "*CALIDAD DE AGUA\n", "TIPO_EST_1": "CALIDAD DE AGUA\n", "TIPO_EST_2": null, "TIPO_EST_3": null, "TIPO_EST_4": null, "FUENTE_00": null, "FUENTE_01": null, "FUENTE_02": null, "FUENTE_03": null, "FUENTE_04": null, "PARAMETROS": "*PARAMETROS FISICO-QUIMICO (VARIOS) | minimo: 0, maximo: 0\n", "INSTRUMENT": "*INSTRUMENTOS VARIOS DE LABORATORIO\n", "PROCESOS": null, "PERFIL_TOP": null, "LAGO_ASOCI": null, "POZO": null, "LATITUD": -33.761646613000003, "LONGITUD": -70.869836628000002, "ESTE_8418": 0, "NORTE_8418": 0, "ESTE_8419": 326832, "NORTE_8419": 6262701, "ESTE_8412": 0, "NORTE_8412": 0, "HUSO_REAL": 19 }, "geometry": { "type": "Point", "coordinates": [ -70.869836627999973, -33.761646612999982 ] } },
{ "type": "Feature", "properties": { "OBJECTID": 1235, "COD_BNA": "05711001-5", "NOM_ESTACI": "RIO CLARILLO ANTES JUNTA RIO MAIPO", "FECHA_INST": "01/12/1968", "FECHA_LLEN": null, "FECHA_SUSP": null, "COD_REG": "13", "COD_PROV": "132", "COD_COM": "13202", "REGION": "Metropolitana de Santiago", "PROVINCIA": "Cordillera", "COMUNA": "Pirque", "REGION_RES": "METROPOLITANA", "COD_CUEN": "057", "COD_SUBC": "0571", "COD_SSUBC": "05711", "NOM_CUEN": "Rio Maipo", "NOM_SUBC": "Rio Maipo Medio", "NOM_SSUBC": "Rio Clarillo", "ALTITUD_MS": 604, "AREA_DRENA": 237.0, "NOM_ACUIF": "Rio Maipo", "SHAC": "Pirque", "UBICACIÓN": null, "OBSERVACIO": null, "LUGAR": "CAUCE NATURAL", "INSTITUCIO": "DIRECCION GENERAL DE AGUAS", "TIPO_ESTAC": "*CALIDAD DE AGUA\n", "TIPO_EST_1": "CALIDAD DE AGUA\n", "TIPO_EST_2": null, "TIPO_EST_3": null, "TIPO_EST_4": null, "FUENTE_00": null, "FUENTE_01": null, "FUENTE_02": null, "FUENTE_03": null, "FUENTE_04": null, "PARAMETROS": "*CURVA DE DESCARGA (M-M3/S) | minimo: 0, maximo: 10000 | SUSPENDIDO(31/10/2006) \n*PARAMETROS FISICO-QUIMICO (VARIOS) | minimo: 0, maximo: 0\n", "INSTRUMENT": "*LIMNIMETRO DE REGLA GRADUADA | SUSPENDIDO(01/05/1982)\n*MOLINETE TIPO 622 | SUSPENDIDO(01/04/1982)\n*CALCULO EN OFICINA | SUSPENDIDO(01/05/1982)\n*INSTRUMENTOS VARIOS DE LABORATORIO | SUSPENDIDO(31/10/2006)\n", "PROCESOS": null, "PERFIL_TOP": null, "LAGO_ASOCI": null, "POZO": null, "LATITUD": -33.647095188999998, "LONGITUD": -70.630533482000004, "ESTE_8418": 0, "NORTE_8418": 0, "ESTE_8419": 348796, "NORTE_8419": 6275780, "ESTE_8412": 0, "NORTE_8412": 0, "HUSO_REAL": 19 }, "geometry": { "type": "Point", "coordinates": [ -70.630533481999976, -33.64709518899997 ] } },
{ "type": "Feature", "properties": { "OBJECTID": 1236, "COD_BNA": "05711003-1", "NOM_ESTACI": "PIRQUE", "FECHA_INST": "01/10/1967", "FECHA_LLEN": "17/12/2020", "FECHA_SUSP": null, "COD_REG": "13", "COD_PROV": "132", "COD_COM": "13202", "REGION": "Metropolitana de Santiago", "PROVINCIA": "Cordillera", "COMUNA": "Pirque", "REGION_RES": "METROPOLITANA", "COD_CUEN": "057", "COD_SUBC": "0571", "COD_SSUBC": "05711", "NOM_CUEN": "Rio Maipo", "NOM_SUBC": "Rio Maipo Medio", "NOM_SSUBC": "Rio Clarillo", "ALTITUD_MS": 659, "AREA_DRENA": 0.0, "NOM_ACUIF": "Rio Maipo", "SHAC": "Pirque", "UBICACIÓN": "2 KM. AL SUR VIGNA CONCHA Y TORO,CAMPO EXP. U.C. PARADERO BUSES PIRQUE-STGO", "OBSERVACIO": "*Se realiza cambio de batería al equipo.\n*sin registro de temperatura maxima hasta el 07/12/88\n*sin registro de temperatura maxima hasta el 10/09/88\n", "LUGAR": "ZONA RURAL", "INSTITUCIO": "DIRECCION GENERAL DE AGUAS", "TIPO_ESTAC": "*METEOROLOGICA\n", "TIPO_EST_1": "METEOROLOGICA\n", "TIPO_EST_2": null, "TIPO_EST_3": null, "TIPO_EST_4": null, "FUENTE_00": "*DTL\n*GPR\n", "FUENTE_01": "DTL\n", "FUENTE_02": "GPR\n", "FUENTE_03": null, "FUENTE_04": null, "PARAMETROS": "*PRECIPITACION (mm) | minimo: 0, maximo: 80\n*TEMPERATURA HORARIA (ºc) | minimo: -3, maximo: 32\n*TEMPERATURA MINIMA (ºc) | minimo: -3, maximo: 32\n*TEMPERATURA MAXIMA (ºc) | minimo: -3, maximo: 32\n*TEMP. BULBO SECO (ºc) | minimo: -3, maximo: 32\n*HUMEDA", "INSTRUMENT": "*PLUVIOMETRO HELLMAN | SUSPENDIDO(01/09/2022)\n*PLUVIOGRAFO DE FLOTADOR | SUSPENDIDO(01/09/2022)\n*TERMOMETRO DE MAXIMA Y MINIMA | SUSPENDIDO(01/09/2022)\n*EVAPORIMETRO DE ESTANQUE CON REC. DIARIO DE VIENTO\n*PSICROMETRO VENTILACION NATURAL | SUSPENDIDO(01/0", "PROCESOS": "*PROCESO DE DATOS METEOROLÓGICOS | ALGUNAS FUENTES | SUSPENDIDO(17/05/2022)\n", "PERFIL_TOP": null, "LAGO_ASOCI": null, "POZO": null, "LATITUD": -33.673780635999996, "LONGITUD": -70.586804036999993, "ESTE_8418": 0, "NORTE_8418": 0, "ESTE_8419": 352897, "NORTE_8419": 6272884, "ESTE_8412": 0, "NORTE_8412": 0, "HUSO_REAL": 19 }, "geometry": { "type": "Point", "coordinates": [ -70.586804036999979, -33.673780635999947 ] } },
{ "type": "Feature", "properties": { "OBJECTID": 1237, "COD_BNA": "05711004-K", "NOM_ESTACI": "POZO FUNDO LA CATOLICA", "FECHA_INST": "01/01/2006", "FECHA_LLEN": "25/05/2006", "FECHA_SUSP": null, "COD_REG": "13", "COD_PROV": "132", "COD_COM": "13202", "REGION": "Metropolitana de Santiago", "PROVINCIA": "Cordillera", "COMUNA": "Pirque", "REGION_RES": "METROPOLITANA", "COD_CUEN": "057", "COD_SUBC": "0571", "COD_SSUBC": "05711", "NOM_CUEN": "Rio Maipo", "NOM_SUBC": "Rio Maipo Medio", "NOM_SSUBC": "Rio Clarillo", "ALTITUD_MS": 666, "AREA_DRENA": 0.0, "NOM_ACUIF": "Rio Maipo", "SHAC": "Pirque", "UBICACIÓN": null, "OBSERVACIO": null, "LUGAR": "ZONA RURAL", "INSTITUCIO": "DIRECCION GENERAL DE AGUAS", "TIPO_ESTAC": "*CONTROL DE NIVEL\n", "TIPO_EST_1": "CONTROL DE NIVEL\n", "TIPO_EST_2": null, "TIPO_EST_3": null, "TIPO_EST_4": null, "FUENTE_00": "*GPR\n", "FUENTE_01": "GPR\n", "FUENTE_02": null, "FUENTE_03": null, "FUENTE_04": null, "PARAMETROS": "*PROFUNDIDAD (POZO) (m) | minimo: 0, maximo: 0\n", "INSTRUMENT": "*POZOMETRO\n", "PROCESOS": null, "PERFIL_TOP": null, "LAGO_ASOCI": null, "POZO": null, "LATITUD": -33.667563221999998, "LONGITUD": -70.585708382999997, "ESTE_8418": 0, "NORTE_8418": 0, "ESTE_8419": 352988, "NORTE_8419": 6273575, "ESTE_8412": 0, "NORTE_8412": 0, "HUSO_REAL": 19 }, "geometry": { "type": "Point", "coordinates": [ -70.58570838299994, -33.667563221999956 ] } },
{ "type": "Feature", "properties": { "OBJECTID": 1238, "COD_BNA": "05711006-6", "NOM_ESTACI": "APR EL PRINCIPAL", "FECHA_INST": "02/11/2015", "FECHA_LLEN": "31/07/2017", "FECHA_SUSP": null, "COD_REG": "13", "COD_PROV": "132", "COD_COM": "13202", "REGION": "Metropolitana de Santiago", "PROVINCIA": "Cordillera", "COMUNA": "Pirque", "REGION_RES": "METROPOLITANA", "COD_CUEN": "057", "COD_SUBC": "0571", "COD_SSUBC": "05711", "NOM_CUEN": "Rio Maipo", "NOM_SUBC": "Rio Maipo Medio", "NOM_SSUBC": "Rio Clarillo", "ALTITUD_MS": 132, "AREA_DRENA": 0.0, "NOM_ACUIF": "Rio Maipo", "SHAC": "Pirque", "UBICACIÓN": null, "OBSERVACIO": null, "LUGAR": "POZO", "INSTITUCIO": "DIRECCION GENERAL DE AGUAS", "TIPO_ESTAC": "*CALIDAD DE AGUA\n", "TIPO_EST_1": "CALIDAD DE AGUA\n", "TIPO_EST_2": null, "TIPO_EST_3": null, "TIPO_EST_4": null, "FUENTE_00": null, "FUENTE_01": null, "FUENTE_02": null, "FUENTE_03": null, "FUENTE_04": null, "PARAMETROS": "*PARAMETROS FISICO-QUIMICO (VARIOS) | minimo: 0, maximo: 0\n", "INSTRUMENT": "*INSTRUMENTOS VARIOS DE LABORATORIO\n", "PROCESOS": null, "PERFIL_TOP": null, "LAGO_ASOCI": null, "POZO": null, "LATITUD": -33.724137394000003, "LONGITUD": -70.552029392999998, "ESTE_8418": 0, "NORTE_8418": 0, "ESTE_8419": 356205, "NORTE_8419": 6267349, "ESTE_8412": 0, "NORTE_8412": 0, "HUSO_REAL": 19 }, "geometry": { "type": "Point", "coordinates": [ -70.552029392999941, -33.724137393999968 ] } },
{ "type": "Feature", "properties": { "OBJECTID": 1239, "COD_BNA": "05711008-2", "NOM_ESTACI": "SAN LUIS", "FECHA_INST": "12/08/2025", "FECHA_LLEN": "11/08/2025", "FECHA_SUSP": null, "COD_REG": "13", "COD_PROV": "132", "COD_COM": "13202", "REGION": "Metropolitana de Santiago", "PROVINCIA": "Cordillera", "COMUNA": "Pirque", "REGION_RES": "METROPOLITANA", "COD_CUEN": "057", "COD_SUBC": "0571", "COD_SSUBC": "05711", "NOM_CUEN": "Rio Maipo", "NOM_SUBC": "Rio Maipo Medio", "NOM_SSUBC": "Rio Clarillo", "ALTITUD_MS": 662, "AREA_DRENA": 0.0, "NOM_ACUIF": "Rio Maipo", "SHAC": "Pirque", "UBICACIÓN": null, "OBSERVACIO": null, "LUGAR": "ZONA URBANA", "INSTITUCIO": "DIRECCION GENERAL DE AGUAS", "TIPO_ESTAC": "*CONTROL DE NIVEL\n", "TIPO_EST_1": "CONTROL DE NIVEL\n", "TIPO_EST_2": null, "TIPO_EST_3": null, "TIPO_EST_4": null, "FUENTE_00": "*GPR\n", "FUENTE_01": "GPR\n", "FUENTE_02": null, "FUENTE_03": null, "FUENTE_04": null, "PARAMETROS": "*PROFUNDIDAD (POZO) (m) | minimo: 0, maximo: 150\n*PROFUNDIDAD (POZO) (m) | minimo: 0, maximo: 150\n", "INSTRUMENT": "*ESTACION AUTOMATICA M.R.I.\n*PLATAFORMA D.C.P.\n", "PROCESOS": null, "PERFIL_TOP": null, "LAGO_ASOCI": null, "POZO": null, "LATITUD": -33.670836617, "LONGITUD": -70.583611348999995, "ESTE_8418": 0, "NORTE_8418": 0, "ESTE_8419": 353188, "NORTE_8419": 6273215, "ESTE_8412": 0, "NORTE_8412": 0, "HUSO_REAL": 19 }, "geometry": { "type": "Point", "coordinates": [ -70.583611348999966, -33.670836616999964 ] } },
{ "type": "Feature", "properties": { "OBJECTID": 1240, "COD_BNA": "05711009-0", "NOM_ESTACI": "POZO PARQUE RIO CLARILLO", "FECHA_INST": "04/02/2025", "FECHA_LLEN": "09/10/2025", "FECHA_SUSP": null, "COD_REG": "13", "COD_PROV": "132", "COD_COM": "13202", "REGION": "Metropolitana de Santiago", "PROVINCIA": "Cordillera", "COMUNA": "Pirque", "REGION_RES": "METROPOLITANA", "COD_CUEN": "057", "COD_SUBC": "0571", "COD_SSUBC": "05711", "NOM_CUEN": "Rio Maipo", "NOM_SUBC": "Rio Maipo Medio", "NOM_SSUBC": "Rio Clarillo", "ALTITUD_MS": 854, "AREA_DRENA": 0.0, "NOM_ACUIF": "Rio Maipo", "SHAC": "Pirque", "UBICACIÓN": null, "OBSERVACIO": null, "LUGAR": "POZO", "INSTITUCIO": "DIRECCION GENERAL DE AGUAS", "TIPO_ESTAC": "*CALIDAD DE AGUA\n", "TIPO_EST_1": "CALIDAD DE AGUA\n", "TIPO_EST_2": null, "TIPO_EST_3": null, "TIPO_EST_4": null, "FUENTE_00": "*FOR\n", "FUENTE_01": "FOR\n", "FUENTE_02": null, "FUENTE_03": null, "FUENTE_04": null, "PARAMETROS": "*PARAMETROS FISICO-QUIMICO (VARIOS) | minimo: 0, maximo: 10000\n", "INSTRUMENT": null, "PROCESOS": null, "PERFIL_TOP": null, "LAGO_ASOCI": null, "POZO": null, "LATITUD": -33.72228496, "LONGITUD": -70.493092478999998, "ESTE_8418": 0, "NORTE_8418": 0, "ESTE_8419": 361663, "NORTE_8419": 6267635, "ESTE_8412": 0, "NORTE_8412": 0, "HUSO_REAL": 19 }, "geometry": { "type": "Point", "coordinates": [ -70.493092478999984, -33.722284959999968 ] } },
{ "type": "Feature", "properties": { "OBJECTID": 1241, "COD_BNA": "05711005-8", "NOM_ESTACI": "RIO CLARILLO ENTRE QDA ENCANADO Y QDA LA TINAJA", "FECHA_INST": "21/10/2015", "FECHA_LLEN": "09/03/2017", "FECHA_SUSP": null, "COD_REG": "13", "COD_PROV": "132", "COD_COM": "13202", "REGION": "Metropolitana de Santiago", "PROVINCIA": "Cordillera", "COMUNA": "Pirque", "REGION_RES": "METROPOLITANA", "COD_CUEN": "057", "COD_SUBC": "0571", "COD_SSUBC": "05711", "NOM_CUEN": "Rio Maipo", "NOM_SUBC": "Rio Maipo Medio", "NOM_SSUBC": "Rio Clarillo", "ALTITUD_MS": 919, "AREA_DRENA": 0.0, "NOM_ACUIF": "Cuencas Altas Maipo", "SHAC": "Rio Maipo", "UBICACIÓN": "Estación creada para red de obs de la NSCA del río Maipo", "OBSERVACIO": null, "LUGAR": "CAUCE NATURAL", "INSTITUCIO": "DIRECCION GENERAL DE AGUAS", "TIPO_ESTAC": "*CALIDAD DE AGUA\n", "TIPO_EST_1": "CALIDAD DE AGUA\n", "TIPO_EST_2": null, "TIPO_EST_3": null, "TIPO_EST_4": null, "FUENTE_00": null, "FUENTE_01": null, "FUENTE_02": null, "FUENTE_03": null, "FUENTE_04": null, "PARAMETROS": "*PARAMETROS FISICO-QUIMICO (VARIOS) | minimo: 0, maximo: 0\n", "INSTRUMENT": "*INSTRUMENTOS VARIOS DE LABORATORIO\n", "PROCESOS": null, "PERFIL_TOP": null, "LAGO_ASOCI": null, "POZO": null, "LATITUD": -33.726716021000001, "LONGITUD": -70.472555005999993, "ESTE_8418": 0, "NORTE_8418": 0, "ESTE_8419": 363573, "NORTE_8419": 6267171, "ESTE_8412": 0, "NORTE_8412": 0, "HUSO_REAL": 19 }, "geometry": { "type": "Point", "coordinates": [ -70.472555005999936, -33.726716020999959 ] } },
{ "type": "Feature", "properties": { "OBJECTID": 1242, "COD_BNA": "05800012-4", "NOM_ESTACI": "POZO RINCONADA LONGOVILO", "FECHA_INST": "10/12/2023", "FECHA_LLEN": "14/11/2023", "FECHA_SUSP": null, "COD_REG": "13", "COD_PROV": "135", "COD_COM": "13505", "REGION": "Metropolitana de Santiago", "PROVINCIA": "Melipilla", "COMUNA": "San Pedro", "REGION_RES": "METROPOLITANA", "COD_CUEN": "058", "COD_SUBC": "0580", "COD_SSUBC": "05800", "NOM_CUEN": "Costeras entre  Maipo y Rapel", "NOM_SUBC": "Estero Yali", "NOM_SSUBC": "Estero Yali", "ALTITUD_MS": 166, "AREA_DRENA": 0.0, "NOM_ACUIF": "Estero Yali", "SHAC": "Las Diucas", "UBICACIÓN": "Prop inscrita a fojas 1809 vta, nro 2791, del CBR  de Melipilla, 1994", "OBSERVACIO": "*Nivel 44,45 m a las 11:00 hrs\nSe retiran 3 panales de avispas que estaban en la caseta\n*Nivel 44,45 m a las 11:00 hrs\n", "LUGAR": "POZO", "INSTITUCIO": "DIRECCION GENERAL DE AGUAS", "TIPO_ESTAC": "*CONTROL DE NIVEL\n", "TIPO_EST_1": "CONTROL DE NIVEL\n", "TIPO_EST_2": null, "TIPO_EST_3": null, "TIPO_EST_4": null, "FUENTE_00": "*GPR\n", "FUENTE_01": "GPR\n", "FUENTE_02": null, "FUENTE_03": null, "FUENTE_04": null, "PARAMETROS": "*PROFUNDIDAD (POZO) (m) | minimo: 0, maximo: 100\n*PROFUNDIDAD (POZO) (m) | minimo: 0, maximo: 100\n", "INSTRUMENT": null, "PROCESOS": null, "PERFIL_TOP": null, "LAGO_ASOCI": null, "POZO": null, "LATITUD": -33.913338383000003, "LONGITUD": -71.364169642999997, "ESTE_8418": 0, "NORTE_8418": 0, "ESTE_8419": 281429, "NORTE_8419": 6244936, "ESTE_8412": 0, "NORTE_8412": 0, "HUSO_REAL": 19 }, "geometry": { "type": "Point", "coordinates": [ -71.364169642999968, -33.913338382999939 ] } },
{ "type": "Feature", "properties": { "OBJECTID": 1243, "COD_BNA": "05800007-8", "NOM_ESTACI": "APR SAN PEDRO-EL YALI", "FECHA_INST": "15/10/2015", "FECHA_LLEN": "31/07/2017", "FECHA_SUSP": null, "COD_REG": "13", "COD_PROV": "135", "COD_COM": "13505", "REGION": "Metropolitana de Santiago", "PROVINCIA": "Melipilla", "COMUNA": "San Pedro", "REGION_RES": "METROPOLITANA", "COD_CUEN": "058", "COD_SUBC": "0580", "COD_SSUBC": "05800", "NOM_CUEN": "Costeras entre  Maipo y Rapel", "NOM_SUBC": "Estero Yali", "NOM_SSUBC": "Estero Yali", "ALTITUD_MS": 133, "AREA_DRENA": 0.0, "NOM_ACUIF": "Estero Yali", "SHAC": "San Pedro", "UBICACIÓN": null, "OBSERVACIO": null, "LUGAR": "POZO", "INSTITUCIO": "DIRECCION GENERAL DE AGUAS", "TIPO_ESTAC": "*CALIDAD DE AGUA\n", "TIPO_EST_1": "CALIDAD DE AGUA\n", "TIPO_EST_2": null, "TIPO_EST_3": null, "TIPO_EST_4": null, "FUENTE_00": null, "FUENTE_01": null, "FUENTE_02": null, "FUENTE_03": null, "FUENTE_04": null, "PARAMETROS": "*PARAMETROS FISICO-QUIMICO (VARIOS) | minimo: 0, maximo: 0\n", "INSTRUMENT": "*INSTRUMENTOS VARIOS DE LABORATORIO\n", "PROCESOS": null, "PERFIL_TOP": null, "LAGO_ASOCI": null, "POZO": null, "LATITUD": -33.913038524999997, "LONGITUD": -71.465401646999993, "ESTE_8418": 0, "NORTE_8418": 0, "ESTE_8419": 272067, "NORTE_8419": 6244749, "ESTE_8412": 0, "NORTE_8412": 0, "HUSO_REAL": 19 }, "geometry": { "type": "Point", "coordinates": [ -71.465401646999965, -33.913038524999934 ] } },
{ "type": "Feature", "properties": { "OBJECTID": 1244, "COD_BNA": "05800009-4", "NOM_ESTACI": "POZO LICEO MUNICIPAL SAN PEDRO ANEXO MEDIA", "FECHA_INST": "10/12/2023", "FECHA_LLEN": "15/11/2023", "FECHA_SUSP": null, "COD_REG": "13", "COD_PROV": "135", "COD_COM": "13505", "REGION": "Metropolitana de Santiago", "PROVINCIA": "Melipilla", "COMUNA": "San Pedro", "REGION_RES": "METROPOLITANA", "COD_CUEN": "058", "COD_SUBC": "0580", "COD_SSUBC": "05800", "NOM_CUEN": "Costeras entre  Maipo y Rapel", "NOM_SUBC": "Estero Yali", "NOM_SSUBC": "Estero Yali", "ALTITUD_MS": 151, "AREA_DRENA": 0.0, "NOM_ACUIF": "Estero Yali", "SHAC": "San Pedro", "UBICACIÓN": "Ubicado en el vertice Nororiente de la prop inscrita a fojas 969, nro 1569, del CBR Melipilla, 2003", "OBSERVACIO": "*Nivel de medición 11,8 m\nNivel de sensor 34,3 m\nSe observó diferencia entre medición y sensor instalado\n\n", "LUGAR": "POZO", "INSTITUCIO": "DIRECCION GENERAL DE AGUAS", "TIPO_ESTAC": "*METEOROLOGICA\n*CONTROL DE NIVEL\n", "TIPO_EST_1": "METEOROLOGICA\n", "TIPO_EST_2": "CONTROL DE NIVEL\n", "TIPO_EST_3": null, "TIPO_EST_4": null, "FUENTE_00": "*GPR\n*FOR\n", "FUENTE_01": "GPR\n", "FUENTE_02": "FOR\n", "FUENTE_03": null, "FUENTE_04": null, "PARAMETROS": "*PRECIPITACION (mm) | minimo: 0, maximo: 100\n*PROFUNDIDAD (POZO) (m) | minimo: 0, maximo: 100\n*PROFUNDIDAD (POZO) (m) | minimo: 0, maximo: 100\n", "INSTRUMENT": null, "PROCESOS": "*PROCESO DE DATOS METEOROLÓGICOS | ALGUNAS FUENTES | SUSPENDIDO(20/03/2026)\n", "PERFIL_TOP": null, "LAGO_ASOCI": null, "POZO": null, "LATITUD": -33.908334981000003, "LONGITUD": -71.420282897000007, "ESTE_8418": 0, "NORTE_8418": 0, "ESTE_8419": 276227, "NORTE_8419": 6245370, "ESTE_8412": 0, "NORTE_8412": 0, "HUSO_REAL": 19 }, "geometry": { "type": "Point", "coordinates": [ -71.420282896999936, -33.908334980999939 ] } },
{ "type": "Feature", "properties": { "OBJECTID": 1245, "COD_BNA": "05800011-6", "NOM_ESTACI": "POZO ESCUELA SANTA ROSA DE LO CHACON", "FECHA_INST": "10/12/2023", "FECHA_LLEN": "14/11/2023", "FECHA_SUSP": null, "COD_REG": "13", "COD_PROV": "135", "COD_COM": "13505", "REGION": "Metropolitana de Santiago", "PROVINCIA": "Melipilla", "COMUNA": "San Pedro", "REGION_RES": "METROPOLITANA", "COD_CUEN": "058", "COD_SUBC": "0580", "COD_SSUBC": "05800", "NOM_CUEN": "Costeras entre  Maipo y Rapel", "NOM_SUBC": "Estero Yali", "NOM_SSUBC": "Estero Yali", "ALTITUD_MS": 172, "AREA_DRENA": 0.0, "NOM_ACUIF": "Estero Yali", "SHAC": "Yali Alto", "UBICACIÓN": "Esc ubic en intersec ruta G-680 y G-660. Prop inscrita a fojas 1779 vta, nro 2731 CBR Melipilla1994", "OBSERVACIO": "*Nivel medido 37,85 m\nNivel sensor 34,82 m\n\n", "LUGAR": null, "INSTITUCIO": "DIRECCION GENERAL DE AGUAS", "TIPO_ESTAC": "*CONTROL DE NIVEL\n", "TIPO_EST_1": "CONTROL DE NIVEL\n", "TIPO_EST_2": null, "TIPO_EST_3": null, "TIPO_EST_4": null, "FUENTE_00": "*GPR\n", "FUENTE_01": "GPR\n", "FUENTE_02": null, "FUENTE_03": null, "FUENTE_04": null, "PARAMETROS": "*PROFUNDIDAD (POZO) (m) | minimo: 0, maximo: 100\n*PROFUNDIDAD (POZO) (m) | minimo: 0, maximo: 100\n", "INSTRUMENT": null, "PROCESOS": null, "PERFIL_TOP": null, "LAGO_ASOCI": null, "POZO": null, "LATITUD": -33.98722633, "LONGITUD": -71.311945319000003, "ESTE_8418": 0, "NORTE_8418": 0, "ESTE_8419": 286443, "NORTE_8419": 6236851, "ESTE_8412": 0, "NORTE_8412": 0, "HUSO_REAL": 19 }, "geometry": { "type": "Point", "coordinates": [ -71.31194531899996, -33.987226329999942 ] } },
{ "type": "Feature", "properties": { "OBJECTID": 1247, "COD_BNA": "05800003-5", "NOM_ESTACI": "POZO ESCUELA EL YALI", "FECHA_INST": "10/07/2014", "FECHA_LLEN": "11/07/2014", "FECHA_SUSP": null, "COD_REG": "13", "COD_PROV": "135", "COD_COM": "13505", "REGION": "Metropolitana de Santiago", "PROVINCIA": "Melipilla", "COMUNA": "San Pedro", "REGION_RES": "METROPOLITANA", "COD_CUEN": "058", "COD_SUBC": "0580", "COD_SSUBC": "05800", "NOM_CUEN": "Costeras entre  Maipo y Rapel", "NOM_SUBC": "Estero Yali", "NOM_SSUBC": "Estero Yali", "ALTITUD_MS": 125, "AREA_DRENA": 0.0, "NOM_ACUIF": "Estero Yali", "SHAC": "Yali Medio", "UBICACIÓN": null, "OBSERVACIO": "*Seco\n", "LUGAR": "POZO", "INSTITUCIO": "DIRECCION GENERAL DE AGUAS", "TIPO_ESTAC": "*CONTROL DE NIVEL\n", "TIPO_EST_1": "CONTROL DE NIVEL\n", "TIPO_EST_2": null, "TIPO_EST_3": null, "TIPO_EST_4": null, "FUENTE_00": "*FOR\n", "FUENTE_01": "FOR\n", "FUENTE_02": null, "FUENTE_03": null, "FUENTE_04": null, "PARAMETROS": "*PROFUNDIDAD (POZO) (m) | minimo: 0, maximo: 0\n", "INSTRUMENT": "*Sensor de nivel aguas subterráneas\n*POZOMETRO\n", "PROCESOS": null, "PERFIL_TOP": null, "LAGO_ASOCI": null, "POZO": null, "LATITUD": -33.919206021999997, "LONGITUD": -71.460864216000004, "ESTE_8418": 0, "NORTE_8418": 0, "ESTE_8419": 272503, "NORTE_8419": 6244075, "ESTE_8412": 0, "NORTE_8412": 0, "HUSO_REAL": 19 }, "geometry": { "type": "Point", "coordinates": [ -71.460864215999948, -33.919206021999969 ] } },
{ "type": "Feature", "properties": { "OBJECTID": 1248, "COD_BNA": "05800008-6", "NOM_ESTACI": "POZO YALI", "FECHA_INST": "25/11/2016", "FECHA_LLEN": "15/03/2019", "FECHA_SUSP": null, "COD_REG": "13", "COD_PROV": "135", "COD_COM": "13505", "REGION": "Metropolitana de Santiago", "PROVINCIA": "Melipilla", "COMUNA": "San Pedro", "REGION_RES": "METROPOLITANA", "COD_CUEN": "058", "COD_SUBC": "0580", "COD_SSUBC": "05800", "NOM_CUEN": "Costeras entre  Maipo y Rapel", "NOM_SUBC": "Estero Yali", "NOM_SSUBC": "Estero Yali", "ALTITUD_MS": 133, "AREA_DRENA": 0.0, "NOM_ACUIF": "Estero Yali", "SHAC": "Yali Medio", "UBICACIÓN": "lado norte de ruta G84, acceso campo El Llano", "OBSERVACIO": null, "LUGAR": "ZONA RURAL", "INSTITUCIO": "DIRECCION GENERAL DE AGUAS", "TIPO_ESTAC": "*CONTROL DE NIVEL\n", "TIPO_EST_1": "CONTROL DE NIVEL\n", "TIPO_EST_2": null, "TIPO_EST_3": null, "TIPO_EST_4": null, "FUENTE_00": "*FOR\n", "FUENTE_01": "FOR\n", "FUENTE_02": null, "FUENTE_03": null, "FUENTE_04": null, "PARAMETROS": "*PROFUNDIDAD (POZO) (m) | minimo: 0, maximo: 0\n", "INSTRUMENT": "*Sensor de nivel aguas subterráneas\n*POZOMETRO\n", "PROCESOS": null, "PERFIL_TOP": null, "LAGO_ASOCI": null, "POZO": null, "LATITUD": -33.914726709, "LONGITUD": -71.48278512, "ESTE_8418": 0, "NORTE_8418": 0, "ESTE_8419": 270464, "NORTE_8419": 6244523, "ESTE_8412": 0, "NORTE_8412": 0, "HUSO_REAL": 19 }, "geometry": { "type": "Point", "coordinates": [ -71.48278511999996, -33.914726708999979 ] } },
{ "type": "Feature", "properties": { "OBJECTID": 1249, "COD_BNA": "05800010-8", "NOM_ESTACI": "POZO SAN VICENTE", "FECHA_INST": "11/12/2023", "FECHA_LLEN": "15/11/2023", "FECHA_SUSP": null, "COD_REG": "13", "COD_PROV": "135", "COD_COM": "13505", "REGION": "Metropolitana de Santiago", "PROVINCIA": "Melipilla", "COMUNA": "San Pedro", "REGION_RES": "METROPOLITANA", "COD_CUEN": "058", "COD_SUBC": "0580", "COD_SSUBC": "05800", "NOM_CUEN": "Costeras entre  Maipo y Rapel", "NOM_SUBC": "Estero Yali", "NOM_SSUBC": "Estero Yali", "ALTITUD_MS": 180, "AREA_DRENA": 0.0, "NOM_ACUIF": "Estero Yali", "SHAC": "San Vicente", "UBICACIÓN": "ubicado a 170mal poniente de la ruta66 y a larilla nrte del camino publque limita con HijuelaA.", "OBSERVACIO": "*Estación Mixta (piezométrica y meteorologcia)\n*Nivel medido m\nAcceso complejo.\nPresencia de ganado alrededor.\n", "LUGAR": "POZO", "INSTITUCIO": "DIRECCION GENERAL DE AGUAS", "TIPO_ESTAC": "*METEOROLOGICA\n*METEOROLOGICA\n*CONTROL DE NIVEL\n", "TIPO_EST_1": "METEOROLOGICA\n", "TIPO_EST_2": "CONTROL DE NIVEL\n", "TIPO_EST_3": null, "TIPO_EST_4": null, "FUENTE_00": "*GPR\n*FOR\n", "FUENTE_01": "GPR\n", "FUENTE_02": "FOR\n", "FUENTE_03": null, "FUENTE_04": null, "PARAMETROS": "*PRECIPITACION (mm) | minimo: 0, maximo: 100\n*PROFUNDIDAD (POZO) (m) | minimo: 0, maximo: 100\n*PROFUNDIDAD (POZO) (m) | minimo: 0, maximo: 100\n", "INSTRUMENT": "*ESTACION AUTOMATICA M.R.I.\n", "PROCESOS": "*PROCESO DE DATOS METEOROLÓGICOS | ALGUNAS FUENTES | SUSPENDIDO(20/03/2026)\n", "PERFIL_TOP": null, "LAGO_ASOCI": null, "POZO": null, "LATITUD": -34.048341989000001, "LONGITUD": -71.381115449000006, "ESTE_8418": 0, "NORTE_8418": 0, "ESTE_8419": 280210, "NORTE_8419": 6229926, "ESTE_8412": 0, "NORTE_8412": 0, "HUSO_REAL": 19 }, "geometry": { "type": "Point", "coordinates": [ -71.381115448999935, -34.048341988999937 ] } },
{ "type": "Feature", "properties": { "OBJECTID": 1252, "COD_BNA": "05800005-1", "NOM_ESTACI": "APR EL PRADO", "FECHA_INST": "15/10/2015", "FECHA_LLEN": "31/07/2017", "FECHA_SUSP": null, "COD_REG": "13", "COD_PROV": "135", "COD_COM": "13505", "REGION": "Metropolitana de Santiago", "PROVINCIA": "Melipilla", "COMUNA": "San Pedro", "REGION_RES": "METROPOLITANA", "COD_CUEN": "058", "COD_SUBC": "0580", "COD_SSUBC": "05800", "NOM_CUEN": "Costeras entre  Maipo y Rapel", "NOM_SUBC": "Estero Yali", "NOM_SSUBC": "Estero Yali", "ALTITUD_MS": 132, "AREA_DRENA": 0.0, "NOM_ACUIF": "Estero Yali", "SHAC": "Yali Bajo El Prado", "UBICACIÓN": null, "OBSERVACIO": null, "LUGAR": "POZO", "INSTITUCIO": "DIRECCION GENERAL DE AGUAS", "TIPO_ESTAC": "*CALIDAD DE AGUA\n", "TIPO_EST_1": "CALIDAD DE AGUA\n", "TIPO_EST_2": null, "TIPO_EST_3": null, "TIPO_EST_4": null, "FUENTE_00": null, "FUENTE_01": null, "FUENTE_02": null, "FUENTE_03": null, "FUENTE_04": null, "PARAMETROS": "*PARAMETROS FISICO-QUIMICO (VARIOS) | minimo: 0, maximo: 0\n", "INSTRUMENT": "*INSTRUMENTOS VARIOS DE LABORATORIO\n", "PROCESOS": null, "PERFIL_TOP": null, "LAGO_ASOCI": null, "POZO": null, "LATITUD": -33.916092573, "LONGITUD": -71.507913466999995, "ESTE_8418": 0, "NORTE_8418": 0, "ESTE_8419": 268144, "NORTE_8419": 6244315, "ESTE_8412": 0, "NORTE_8412": 0, "HUSO_REAL": 19 }, "geometry": { "type": "Point", "coordinates": [ -71.50791346699998, -33.916092572999958 ] } },
{ "type": "Feature", "properties": { "OBJECTID": 1253, "COD_BNA": "05800013-2", "NOM_ESTACI": "POZO ESCUELA EL PRADO", "FECHA_INST": "10/12/2023", "FECHA_LLEN": "15/11/2023", "FECHA_SUSP": null, "COD_REG": "13", "COD_PROV": "135", "COD_COM": "13505", "REGION": "Metropolitana de Santiago", "PROVINCIA": "Melipilla", "COMUNA": "San Pedro", "REGION_RES": "METROPOLITANA", "COD_CUEN": "058", "COD_SUBC": "0580", "COD_SSUBC": "05800", "NOM_CUEN": "Costeras entre  Maipo y Rapel", "NOM_SUBC": "Estero Yali", "NOM_SSUBC": "Estero Yali", "ALTITUD_MS": 131, "AREA_DRENA": 0.0, "NOM_ACUIF": "Estero Yali", "SHAC": "Yali Bajo El Prado", "UBICACIÓN": "Prop Inscrita a fojas 15 Vta, nro 9, del CBR de Melipilla, 1948. Orilla norte de ruta G-84.", "OBSERVACIO": "*Nivel medido 10,8 m\nNivel sensor instalado 15,2 m\nSe observa una diferencia entre medición y sensor\n", "LUGAR": "POZO", "INSTITUCIO": "DIRECCION GENERAL DE AGUAS", "TIPO_ESTAC": "*METEOROLOGICA\n*CONTROL DE NIVEL\n", "TIPO_EST_1": "METEOROLOGICA\n", "TIPO_EST_2": "CONTROL DE NIVEL\n", "TIPO_EST_3": null, "TIPO_EST_4": null, "FUENTE_00": "*GPR\n*FOR\n", "FUENTE_01": "GPR\n", "FUENTE_02": "FOR\n", "FUENTE_03": null, "FUENTE_04": null, "PARAMETROS": "*PRECIPITACION (mm) | minimo: 0, maximo: 100\n*PROFUNDIDAD (POZO) (m) | minimo: 0, maximo: 100\n*PROFUNDIDAD (POZO) (m) | minimo: 0, maximo: 100\n", "INSTRUMENT": "*Sensor de nivel aguas subterráneas\n*POZOMETRO\n*ESTACION AUTOMATICA M.R.I.\n", "PROCESOS": "*PROCESO DE DATOS METEOROLÓGICOS | ALGUNAS FUENTES | SUSPENDIDO(09/01/2026)\n", "PERFIL_TOP": null, "LAGO_ASOCI": null, "POZO": null, "LATITUD": -33.91972218, "LONGITUD": -71.51472487, "ESTE_8418": 0, "NORTE_8418": 0, "ESTE_8419": 267524, "NORTE_8419": 6243897, "ESTE_8412": 0, "NORTE_8412": 0, "HUSO_REAL": 19 }, "geometry": { "type": "Point", "coordinates": [ -71.514724869999952, -33.919722179999951 ] } },
{ "type": "Feature", "properties": { "OBJECTID": 1254, "COD_BNA": "05717014-K", "NOM_ESTACI": "APR LONQUEN-SORRENTO", "FECHA_INST": "23/10/2015", "FECHA_LLEN": "31/07/2017", "FECHA_SUSP": null, "COD_REG": "13", "COD_PROV": "136", "COD_COM": "13601", "REGION": "Metropolitana de Santiago", "PROVINCIA": "Talagante", "COMUNA": "Talagante", "REGION_RES": "METROPOLITANA", "COD_CUEN": "057", "COD_SUBC": "0571", "COD_SSUBC": "05717", "NOM_CUEN": "Rio Maipo", "NOM_SUBC": "Rio Maipo Medio", "NOM_SSUBC": "Rio Maipo Entre Estero Angostura y Rio Mapocho", "ALTITUD_MS": 374, "AREA_DRENA": 0.0, "NOM_ACUIF": "Rio Maipo", "SHAC": "Santiago Central", "UBICACIÓN": null, "OBSERVACIO": null, "LUGAR": "POZO", "INSTITUCIO": "DIRECCION GENERAL DE AGUAS", "TIPO_ESTAC": "*CALIDAD DE AGUA\n", "TIPO_EST_1": "CALIDAD DE AGUA\n", "TIPO_EST_2": null, "TIPO_EST_3": null, "TIPO_EST_4": null, "FUENTE_00": null, "FUENTE_01": null, "FUENTE_02": null, "FUENTE_03": null, "FUENTE_04": null, "PARAMETROS": "*PARAMETROS FISICO-QUIMICO (VARIOS) | minimo: 0, maximo: 0\n", "INSTRUMENT": "*INSTRUMENTOS VARIOS DE LABORATORIO\n", "PROCESOS": null, "PERFIL_TOP": null, "LAGO_ASOCI": null, "POZO": null, "LATITUD": -33.693869501000002, "LONGITUD": -70.852605759, "ESTE_8418": 0, "NORTE_8418": 0, "ESTE_8419": 328293, "NORTE_8419": 6270246, "ESTE_8412": 0, "NORTE_8412": 0, "HUSO_REAL": 19 }, "geometry": { "type": "Point", "coordinates": [ -70.852605758999971, -33.693869500999938 ] } },
{ "type": "Feature", "properties": { "OBJECTID": 1255, "COD_BNA": "05712008-8", "NOM_ESTACI": "LA CAPERANA SECTOR LOS NARANJOS", "FECHA_INST": "01/12/2006", "FECHA_LLEN": "12/01/2007", "FECHA_SUSP": null, "COD_REG": "13", "COD_PROV": "136", "COD_COM": "13603", "REGION": "Metropolitana de Santiago", "PROVINCIA": "Talagante", "COMUNA": "Isla de Maipo", "REGION_RES": "METROPOLITANA", "COD_CUEN": "057", "COD_SUBC": "0571", "COD_SSUBC": "05717", "NOM_CUEN": "Rio Maipo", "NOM_SUBC": "Rio Maipo Medio", "NOM_SSUBC": "Rio Maipo Entre Estero Angostura y Rio Mapocho", "ALTITUD_MS": 395, "AREA_DRENA": 0.0, "NOM_ACUIF": "Rio Maipo", "SHAC": "El Monte Nuevo", "UBICACIÓN": null, "OBSERVACIO": "*Se reactiva estación, ya que tuvo acceso en todas las visitas durante el 2025.\n", "LUGAR": "POZO", "INSTITUCIO": "DIRECCION GENERAL DE AGUAS", "TIPO_ESTAC": "*CONTROL DE NIVEL\n", "TIPO_EST_1": "CONTROL DE NIVEL\n", "TIPO_EST_2": null, "TIPO_EST_3": null, "TIPO_EST_4": null, "FUENTE_00": "*FOR\n", "FUENTE_01": "FOR\n", "FUENTE_02": null, "FUENTE_03": null, "FUENTE_04": null, "PARAMETROS": "*PROFUNDIDAD (POZO) (m) | minimo: 0, maximo: 0 | SUSPENDIDO(17/08/2022) \n", "INSTRUMENT": "*POZOMETRO\n", "PROCESOS": null, "PERFIL_TOP": null, "LAGO_ASOCI": null, "POZO": null, "LATITUD": -33.734317183000002, "LONGITUD": -70.85233085, "ESTE_8418": 0, "NORTE_8418": 0, "ESTE_8419": 328399, "NORTE_8419": 6265761, "ESTE_8412": 0, "NORTE_8412": 0, "HUSO_REAL": 19 }, "geometry": { "type": "Point", "coordinates": [ -70.852330849999987, -33.734317182999973 ] } },
{ "type": "Feature", "properties": { "OBJECTID": 1256, "COD_BNA": "05717005-0", "NOM_ESTACI": "RIO MAIPO EN NALTAHUA", "FECHA_INST": "01/07/1985", "FECHA_LLEN": null, "FECHA_SUSP": null, "COD_REG": "13", "COD_PROV": "136", "COD_COM": "13603", "REGION": "Metropolitana de Santiago", "PROVINCIA": "Talagante", "COMUNA": "Isla de Maipo", "REGION_RES": "METROPOLITANA", "COD_CUEN": "057", "COD_SUBC": "0571", "COD_SSUBC": "05717", "NOM_CUEN": "Rio Maipo", "NOM_SUBC": "Rio Maipo Medio", "NOM_SSUBC": "Rio Maipo Entre Estero Angostura y Rio Mapocho", "ALTITUD_MS": 300, "AREA_DRENA": 0.0, "NOM_ACUIF": "Rio Maipo", "SHAC": "El Monte Nuevo", "UBICACIÓN": null, "OBSERVACIO": "*ULTIMO AFORO, SUSPENDIDO EL CONTROL FLUVIOMETRICO, EMBANQUE DE INSTALACION LG. Y OTRO FACTORES ORIGINAN ORDEN SUPERIOR DE NO CONTROLAR LA ESTACION\n*EN EL AFORO DEL 23/10/85 EL RIO TENIA TRES BRAZOS; SE AFORO SOLO BRAZO 2 EL 1 Y 3 SE ESTIMO CAUDAL\n*EL AF", "LUGAR": "CAUCE NATURAL", "INSTITUCIO": "DIRECCION GENERAL DE AGUAS", "TIPO_ESTAC": "*CALIDAD DE AGUA\n", "TIPO_EST_1": "CALIDAD DE AGUA\n", "TIPO_EST_2": null, "TIPO_EST_3": null, "TIPO_EST_4": null, "FUENTE_00": null, "FUENTE_01": null, "FUENTE_02": null, "FUENTE_03": null, "FUENTE_04": null, "PARAMETROS": "*ALTURA (m) | minimo: -2, maximo: 15 | SUSPENDIDO(22/11/2002) \n*CAUDAL (m3/s) | minimo: 0, maximo: 10000 | SUSPENDIDO(22/11/2002) \n*AFORO (m3/s) | minimo: 0, maximo: 10000 | SUSPENDIDO(22/11/2002) \n*CURVA DE DESCARGA (M-M3/S) | minimo: 0, maximo: 10000 |", "INSTRUMENT": "*LIMNIMETRO DE REGLA GRADUADA | SUSPENDIDO(01/06/1962)\n*LIMNIGRAFO DE FLOTADOR | SUSPENDIDO(01/05/1986)\n*MOLINETE TIPO 622 | SUSPENDIDO(01/01/1982)\n*BOTELLA MUESTREADORA-MUESTREO DETALLADO | SUSPENDIDO(22/11/2002)\n*CALCULO EN OFICINA | SUSPENDIDO(01/01/1", "PROCESOS": null, "PERFIL_TOP": null, "LAGO_ASOCI": null, "POZO": null, "LATITUD": -33.729414877000004, "LONGITUD": -70.918252530999993, "ESTE_8418": 0, "NORTE_8418": 0, "ESTE_8419": 322281, "NORTE_8419": 6266193, "ESTE_8412": 0, "NORTE_8412": 0, "HUSO_REAL": 19 }, "geometry": { "type": "Point", "coordinates": [ -70.918252530999951, -33.729414876999954 ] } },
{ "type": "Feature", "properties": { "OBJECTID": 1257, "COD_BNA": "05717010-7", "NOM_ESTACI": "VIGNA SANTA INES", "FECHA_INST": "01/03/1958", "FECHA_LLEN": null, "FECHA_SUSP": null, "COD_REG": "13", "COD_PROV": "136", "COD_COM": "13603", "REGION": "Metropolitana de Santiago", "PROVINCIA": "Talagante", "COMUNA": "Isla de Maipo", "REGION_RES": "METROPOLITANA", "COD_CUEN": "057", "COD_SUBC": "0571", "COD_SSUBC": "05717", "NOM_CUEN": "Rio Maipo", "NOM_SUBC": "Rio Maipo Medio", "NOM_SSUBC": "Rio Maipo Entre Estero Angostura y Rio Mapocho", "ALTITUD_MS": 355, "AREA_DRENA": 0.0, "NOM_ACUIF": "Rio Maipo", "SHAC": "El Monte Nuevo", "UBICACIÓN": null, "OBSERVACIO": null, "LUGAR": "POZO", "INSTITUCIO": "DIRECCION GENERAL DE AGUAS", "TIPO_ESTAC": "*CONTROL DE NIVEL\n", "TIPO_EST_1": "CONTROL DE NIVEL\n", "TIPO_EST_2": null, "TIPO_EST_3": null, "TIPO_EST_4": null, "FUENTE_00": null, "FUENTE_01": null, "FUENTE_02": null, "FUENTE_03": null, "FUENTE_04": null, "PARAMETROS": "*PROFUNDIDAD (POZO) (m) | minimo: 0, maximo: 0\n", "INSTRUMENT": "*POZOMETRO\n", "PROCESOS": null, "PERFIL_TOP": null, "LAGO_ASOCI": null, "POZO": null, "LATITUD": -33.739640194000003, "LONGITUD": -70.870092826000004, "ESTE_8418": 0, "NORTE_8418": 0, "ESTE_8419": 326764, "NORTE_8419": 6265141, "ESTE_8412": 0, "NORTE_8412": 0, "HUSO_REAL": 19 }, "geometry": { "type": "Point", "coordinates": [ -70.870092825999961, -33.739640193999946 ] } },
{ "type": "Feature", "properties": { "OBJECTID": 1258, "COD_BNA": "05717012-3", "NOM_ESTACI": "APR GACITUA", "FECHA_INST": "26/10/2015", "FECHA_LLEN": "31/07/2017", "FECHA_SUSP": null, "COD_REG": "13", "COD_PROV": "136", "COD_COM": "13603", "REGION": "Metropolitana de Santiago", "PROVINCIA": "Talagante", "COMUNA": "Isla de Maipo", "REGION_RES": "METROPOLITANA", "COD_CUEN": "057", "COD_SUBC": "0571", "COD_SSUBC": "05717", "NOM_CUEN": "Rio Maipo", "NOM_SUBC": "Rio Maipo Medio", "NOM_SSUBC": "Rio Maipo Entre Estero Angostura y Rio Mapocho", "ALTITUD_MS": 323, "AREA_DRENA": 0.0, "NOM_ACUIF": "Rio Maipo", "SHAC": "El Monte Nuevo", "UBICACIÓN": null, "OBSERVACIO": null, "LUGAR": "POZO", "INSTITUCIO": "DIRECCION GENERAL DE AGUAS", "TIPO_ESTAC": "*CALIDAD DE AGUA\n", "TIPO_EST_1": "CALIDAD DE AGUA\n", "TIPO_EST_2": null, "TIPO_EST_3": null, "TIPO_EST_4": null, "FUENTE_00": null, "FUENTE_01": null, "FUENTE_02": null, "FUENTE_03": null, "FUENTE_04": null, "PARAMETROS": "*PARAMETROS FISICO-QUIMICO (VARIOS) | minimo: 0, maximo: 0\n", "INSTRUMENT": "*INSTRUMENTOS VARIOS DE LABORATORIO\n", "PROCESOS": null, "PERFIL_TOP": null, "LAGO_ASOCI": null, "POZO": null, "LATITUD": -33.730528786999997, "LONGITUD": -70.904549472, "ESTE_8418": 0, "NORTE_8418": 0, "ESTE_8419": 323553, "NORTE_8419": 6266093, "ESTE_8412": 0, "NORTE_8412": 0, "HUSO_REAL": 19 }, "geometry": { "type": "Point", "coordinates": [ -70.904549471999985, -33.730528786999969 ] } },
{ "type": "Feature", "properties": { "OBJECTID": 1259, "COD_BNA": "05717013-1", "NOM_ESTACI": "APR LA ISLITA", "FECHA_INST": "26/10/2015", "FECHA_LLEN": "31/07/2017", "FECHA_SUSP": null, "COD_REG": "13", "COD_PROV": "136", "COD_COM": "13603", "REGION": "Metropolitana de Santiago", "PROVINCIA": "Talagante", "COMUNA": "Isla de Maipo", "REGION_RES": "METROPOLITANA", "COD_CUEN": "057", "COD_SUBC": "0571", "COD_SSUBC": "05717", "NOM_CUEN": "Rio Maipo", "NOM_SUBC": "Rio Maipo Medio", "NOM_SSUBC": "Rio Maipo Entre Estero Angostura y Rio Mapocho", "ALTITUD_MS": 371, "AREA_DRENA": 0.0, "NOM_ACUIF": "Rio Maipo", "SHAC": "El Monte Nuevo", "UBICACIÓN": null, "OBSERVACIO": null, "LUGAR": "POZO", "INSTITUCIO": null, "TIPO_ESTAC": "*CALIDAD DE AGUA\n", "TIPO_EST_1": "CALIDAD DE AGUA\n", "TIPO_EST_2": null, "TIPO_EST_3": null, "TIPO_EST_4": null, "FUENTE_00": null, "FUENTE_01": null, "FUENTE_02": null, "FUENTE_03": null, "FUENTE_04": null, "PARAMETROS": "*PARAMETROS FISICO-QUIMICO (VARIOS) | minimo: 0, maximo: 0\n", "INSTRUMENT": "*INSTRUMENTOS VARIOS DE LABORATORIO\n", "PROCESOS": null, "PERFIL_TOP": null, "LAGO_ASOCI": null, "POZO": null, "LATITUD": -33.739972019, "LONGITUD": -70.860666394999996, "ESTE_8418": 0, "NORTE_8418": 0, "ESTE_8419": 327638, "NORTE_8419": 6265120, "ESTE_8412": 0, "NORTE_8412": 0, "HUSO_REAL": 19 }, "geometry": { "type": "Point", "coordinates": [ -70.860666394999953, -33.739972018999936 ] } },
{ "type": "Feature", "properties": { "OBJECTID": 1260, "COD_BNA": "05717016-6", "NOM_ESTACI": "APR SAN VICENTE DE NALTAHUA", "FECHA_INST": "02/11/2015", "FECHA_LLEN": "31/07/2017", "FECHA_SUSP": null, "COD_REG": "13", "COD_PROV": "136", "COD_COM": "13603", "REGION": "Metropolitana de Santiago", "PROVINCIA": "Talagante", "COMUNA": "Isla de Maipo", "REGION_RES": "METROPOLITANA", "COD_CUEN": "057", "COD_SUBC": "0571", "COD_SSUBC": "05717", "NOM_CUEN": "Rio Maipo", "NOM_SUBC": "Rio Maipo Medio", "NOM_SSUBC": "Rio Maipo Entre Estero Angostura y Rio Mapocho", "ALTITUD_MS": 275, "AREA_DRENA": 0.0, "NOM_ACUIF": "Rio Maipo", "SHAC": "El Monte Nuevo", "UBICACIÓN": null, "OBSERVACIO": null, "LUGAR": "POZO", "INSTITUCIO": "DIRECCION GENERAL DE AGUAS", "TIPO_ESTAC": "*CALIDAD DE AGUA\n", "TIPO_EST_1": "CALIDAD DE AGUA\n", "TIPO_EST_2": null, "TIPO_EST_3": null, "TIPO_EST_4": null, "FUENTE_00": null, "FUENTE_01": null, "FUENTE_02": null, "FUENTE_03": null, "FUENTE_04": null, "PARAMETROS": "*PARAMETROS FISICO-QUIMICO (VARIOS) | minimo: 0, maximo: 0\n", "INSTRUMENT": "*INSTRUMENTOS VARIOS DE LABORATORIO\n", "PROCESOS": null, "PERFIL_TOP": null, "LAGO_ASOCI": null, "POZO": null, "LATITUD": -33.726631093000002, "LONGITUD": -70.942882217999994, "ESTE_8418": 0, "NORTE_8418": 0, "ESTE_8419": 319993, "NORTE_8419": 6266459, "ESTE_8412": 0, "NORTE_8412": 0, "HUSO_REAL": 19 }, "geometry": { "type": "Point", "coordinates": [ -70.942882217999966, -33.72663109299998 ] } },
{ "type": "Feature", "properties": { "OBJECTID": 1261, "COD_BNA": "05717017-4", "NOM_ESTACI": "APR VILLA LAS MERCEDES", "FECHA_INST": "03/11/2015", "FECHA_LLEN": "31/07/2017", "FECHA_SUSP": null, "COD_REG": "13", "COD_PROV": "136", "COD_COM": "13603", "REGION": "Metropolitana de Santiago", "PROVINCIA": "Talagante", "COMUNA": "Isla de Maipo", "REGION_RES": "METROPOLITANA", "COD_CUEN": "057", "COD_SUBC": "0571", "COD_SSUBC": "05717", "NOM_CUEN": "Rio Maipo", "NOM_SUBC": "Rio Maipo Medio", "NOM_SSUBC": "Rio Maipo Entre Estero Angostura y Rio Mapocho", "ALTITUD_MS": 340, "AREA_DRENA": 0.0, "NOM_ACUIF": "Rio Maipo", "SHAC": "El Monte Nuevo", "UBICACIÓN": null, "OBSERVACIO": null, "LUGAR": "POZO", "INSTITUCIO": "DIRECCION GENERAL DE AGUAS", "TIPO_ESTAC": "*CALIDAD DE AGUA\n", "TIPO_EST_1": "CALIDAD DE AGUA\n", "TIPO_EST_2": null, "TIPO_EST_3": null, "TIPO_EST_4": null, "FUENTE_00": null, "FUENTE_01": null, "FUENTE_02": null, "FUENTE_03": null, "FUENTE_04": null, "PARAMETROS": "*PARAMETROS FISICO-QUIMICO (VARIOS) | minimo: 0, maximo: 0\n", "INSTRUMENT": "*INSTRUMENTOS VARIOS DE LABORATORIO\n", "PROCESOS": null, "PERFIL_TOP": null, "LAGO_ASOCI": null, "POZO": null, "LATITUD": -33.781918619000002, "LONGITUD": -70.884002565000003, "ESTE_8418": 0, "NORTE_8418": 0, "ESTE_8419": 325561, "NORTE_8419": 6260429, "ESTE_8412": 0, "NORTE_8412": 0, "HUSO_REAL": 19 }, "geometry": { "type": "Point", "coordinates": [ -70.884002564999946, -33.781918618999953 ] } },
{ "type": "Feature", "properties": { "OBJECTID": 1262, "COD_BNA": "05717018-2", "NOM_ESTACI": "PC RIO MAIPO EN PTE. NALTAHUA", "FECHA_INST": "12/06/2024", "FECHA_LLEN": "12/06/2024", "FECHA_SUSP": null, "COD_REG": "13", "COD_PROV": "136", "COD_COM": "13603", "REGION": "Metropolitana de Santiago", "PROVINCIA": "Talagante", "COMUNA": "Isla de Maipo", "REGION_RES": "METROPOLITANA", "COD_CUEN": "057", "COD_SUBC": "0571", "COD_SSUBC": "05717", "NOM_CUEN": "Rio Maipo", "NOM_SUBC": "Rio Maipo Medio", "NOM_SSUBC": "Rio Maipo Entre Estero Angostura y Rio Mapocho", "ALTITUD_MS": 303, "AREA_DRENA": 0.0, "NOM_ACUIF": "Rio Maipo", "SHAC": "El Monte Nuevo", "UBICACIÓN": "Punto de control ubicado en Puente Naltahua, Rio Maipo, comuna de Isla de Maipo", "OBSERVACIO": null, "LUGAR": "ZONA RURAL", "INSTITUCIO": "DIRECCION GENERAL DE AGUAS", "TIPO_ESTAC": "*FLUVIOMETRICA\n", "TIPO_EST_1": "FLUVIOMETRICA", "TIPO_EST_2": null, "TIPO_EST_3": null, "TIPO_EST_4": null, "FUENTE_00": "*GPR\n", "FUENTE_01": "GPR\n", "FUENTE_02": null, "FUENTE_03": null, "FUENTE_04": null, "PARAMETROS": "*ALTURA (m) | minimo: -2, maximo: 15\n*CAUDAL (m3/s) | minimo: 0, maximo: 10000\n*AFORO (m3/s) | minimo: 0, maximo: 10000\n*CURVA DE DESCARGA (M-M3/S) | minimo: 0, maximo: 10000\n", "INSTRUMENT": "*ESTACION AUTOMATICA M.R.I.\n*PLATAFORMA D.C.P.\n", "PROCESOS": null, "PERFIL_TOP": null, "LAGO_ASOCI": null, "POZO": null, "LATITUD": -33.726668007999997, "LONGITUD": -70.918612277999998, "ESTE_8418": 0, "NORTE_8418": 0, "ESTE_8419": 322242, "NORTE_8419": 6266497, "ESTE_8412": 0, "NORTE_8412": 0, "HUSO_REAL": 19 }, "geometry": { "type": "Point", "coordinates": [ -70.918612277999955, -33.726668007999933 ] } },
{ "type": "Feature", "properties": { "OBJECTID": 1263, "COD_BNA": "05717008-5", "NOM_ESTACI": "EL VERGEL", "FECHA_INST": "01/04/1988", "FECHA_LLEN": "17/12/2020", "FECHA_SUSP": null, "COD_REG": "13", "COD_PROV": "136", "COD_COM": "13601", "REGION": "Metropolitana de Santiago", "PROVINCIA": "Talagante", "COMUNA": "Talagante", "REGION_RES": "METROPOLITANA", "COD_CUEN": "057", "COD_SUBC": "0571", "COD_SSUBC": "05717", "NOM_CUEN": "Rio Maipo", "NOM_SUBC": "Rio Maipo Medio", "NOM_SSUBC": "Rio Maipo Entre Estero Angostura y Rio Mapocho", "ALTITUD_MS": 340, "AREA_DRENA": 0.0, "NOM_ACUIF": "Rio Maipo", "SHAC": "El Monte Nuevo", "UBICACIÓN": "6 KM. AL SUR DE TALAGANTE", "OBSERVACIO": null, "LUGAR": "ZONA RURAL", "INSTITUCIO": "DIRECCION GENERAL DE AGUAS", "TIPO_ESTAC": "*METEOROLOGICA\n", "TIPO_EST_1": "METEOROLOGICA\n", "TIPO_EST_2": null, "TIPO_EST_3": null, "TIPO_EST_4": null, "FUENTE_00": "*GPR\n", "FUENTE_01": "GPR\n", "FUENTE_02": null, "FUENTE_03": null, "FUENTE_04": null, "PARAMETROS": "*PRECIPITACION (mm) | minimo: 0, maximo: 80\n", "INSTRUMENT": "*PLUVIOMETRO HELLMAN\n", "PROCESOS": "*PROCESO DE DATOS METEOROLÓGICOS | TODAS LAS FUENTES | SUSPENDIDO(17/05/2022)\n", "PERFIL_TOP": null, "LAGO_ASOCI": null, "POZO": null, "LATITUD": -33.695866651000003, "LONGITUD": -70.923698738, "ESTE_8418": 0, "NORTE_8418": 0, "ESTE_8419": 321707, "NORTE_8419": 6269904, "ESTE_8412": 0, "NORTE_8412": 0, "HUSO_REAL": 19 }, "geometry": { "type": "Point", "coordinates": [ -70.923698737999985, -33.69586665099996 ] } },
{ "type": "Feature", "properties": { "OBJECTID": 1264, "COD_BNA": "05717011-5", "NOM_ESTACI": "APR EL LABRADOR", "FECHA_INST": "23/10/2015", "FECHA_LLEN": "31/07/2017", "FECHA_SUSP": null, "COD_REG": "13", "COD_PROV": "136", "COD_COM": "13601", "REGION": "Metropolitana de Santiago", "PROVINCIA": "Talagante", "COMUNA": "Talagante", "REGION_RES": "METROPOLITANA", "COD_CUEN": "057", "COD_SUBC": "0571", "COD_SSUBC": "05717", "NOM_CUEN": "Rio Maipo", "NOM_SUBC": "Rio Maipo Medio", "NOM_SSUBC": "Rio Maipo Entre Estero Angostura y Rio Mapocho", "ALTITUD_MS": 358, "AREA_DRENA": 0.0, "NOM_ACUIF": "Rio Maipo", "SHAC": "El Monte Nuevo", "UBICACIÓN": null, "OBSERVACIO": null, "LUGAR": "POZO", "INSTITUCIO": null, "TIPO_ESTAC": "*CALIDAD DE AGUA\n", "TIPO_EST_1": "CALIDAD DE AGUA\n", "TIPO_EST_2": null, "TIPO_EST_3": null, "TIPO_EST_4": null, "FUENTE_00": null, "FUENTE_01": null, "FUENTE_02": null, "FUENTE_03": null, "FUENTE_04": null, "PARAMETROS": "*PARAMETROS FISICO-QUIMICO (VARIOS) | minimo: 0, maximo: 0\n", "INSTRUMENT": "*INSTRUMENTOS VARIOS DE LABORATORIO\n", "PROCESOS": null, "PERFIL_TOP": null, "LAGO_ASOCI": null, "POZO": null, "LATITUD": -33.701080218000001, "LONGITUD": -70.87315134000001, "ESTE_8418": 0, "NORTE_8418": 0, "ESTE_8419": 326403, "NORTE_8419": 6269412, "ESTE_8412": 0, "NORTE_8412": 0, "HUSO_REAL": 19 }, "geometry": { "type": "Point", "coordinates": [ -70.873151339999936, -33.701080217999959 ] } },
{ "type": "Feature", "properties": { "OBJECTID": 1265, "COD_BNA": "05740004-8", "NOM_ESTACI": "CARMEN DE LAS ROSAS", "FECHA_INST": "01/11/1930", "FECHA_LLEN": "17/12/2020", "FECHA_SUSP": null, "COD_REG": "13", "COD_PROV": "135", "COD_COM": "13501", "REGION": "Metropolitana de Santiago", "PROVINCIA": "Melipilla", "COMUNA": "Melipilla", "REGION_RES": "METROPOLITANA", "COD_CUEN": "057", "COD_SUBC": "0574", "COD_SSUBC": "05740", "NOM_CUEN": "Rio Maipo", "NOM_SUBC": "Rio Maipo Bajo (Entre Rio Mapocho y Desembocadura)", "NOM_SSUBC": "Rio Maipo Entre Rio Mapocho y Estero Puangue", "ALTITUD_MS": 165, "AREA_DRENA": 0.0, "NOM_ACUIF": "Rio Maipo", "SHAC": "Cholqui", "UBICACIÓN": "COSTADO SUR CAMINO CARMEN DE LAS ROSAS  400 M. ANTES CRISTO INSTALADO EN CAMINO", "OBSERVACIO": "*LOS VALORES DE ESTE MES SONPROMED  IOS PONDERADOS DE ACUMULACIONES REALIZADAS POR EL OBSERVADOR\n*LAS LECTURAS DE LOS DIAS 13 Y 14 SON DISTRIBUCION DE LA ACOMULACION MEDIDA EL DIA 14 PONDERADAS CON MELIPILLA Y VILLA ALHUE\n*DURANTE TODOS LOS AGNOS DE OBSE", "LUGAR": "ZONA RURAL", "INSTITUCIO": "DIRECCION GENERAL DE AGUAS", "TIPO_ESTAC": "*METEOROLOGICA\n", "TIPO_EST_1": "METEOROLOGICA\n", "TIPO_EST_2": null, "TIPO_EST_3": null, "TIPO_EST_4": null, "FUENTE_00": "*GPR\n", "FUENTE_01": "GPR\n", "FUENTE_02": null, "FUENTE_03": null, "FUENTE_04": null, "PARAMETROS": "*PRECIPITACION (mm) | minimo: 0, maximo: 80\n", "INSTRUMENT": "*PLUVIOMETRO HELLMAN\n", "PROCESOS": "*PROCESO DE DATOS METEOROLÓGICOS | TODAS LAS FUENTES\n", "PERFIL_TOP": null, "LAGO_ASOCI": null, "POZO": null, "LATITUD": -33.759970869, "LONGITUD": -71.157604735999996, "ESTE_8418": 0, "NORTE_8418": 0, "ESTE_8419": 300173, "NORTE_8419": 6262366, "ESTE_8412": 0, "NORTE_8412": 0, "HUSO_REAL": 19 }, "geometry": { "type": "Point", "coordinates": [ -71.157604735999939, -33.759970868999972 ] } },
{ "type": "Feature", "properties": { "OBJECTID": 1266, "COD_BNA": "05740007-2", "NOM_ESTACI": "POZO AS. SAN CARLOS CHOLQUI (1)", "FECHA_INST": "01/06/1973", "FECHA_LLEN": "08/03/2022", "FECHA_SUSP": null, "COD_REG": "13", "COD_PROV": "135", "COD_COM": "13501", "REGION": "Metropolitana de Santiago", "PROVINCIA": "Melipilla", "COMUNA": "Melipilla", "REGION_RES": "METROPOLITANA", "COD_CUEN": "057", "COD_SUBC": "0574", "COD_SSUBC": "05740", "NOM_CUEN": "Rio Maipo", "NOM_SUBC": "Rio Maipo Bajo (Entre Rio Mapocho y Desembocadura)", "NOM_SSUBC": "Rio Maipo Entre Rio Mapocho y Estero Puangue", "ALTITUD_MS": 180, "AREA_DRENA": 0.0, "NOM_ACUIF": "Rio Maipo", "SHAC": "Cholqui", "UBICACIÓN": null, "OBSERVACIO": null, "LUGAR": "POZO", "INSTITUCIO": "DIRECCION GENERAL DE AGUAS", "TIPO_ESTAC": "*CONTROL DE NIVEL\n", "TIPO_EST_1": "CONTROL DE NIVEL\n", "TIPO_EST_2": null, "TIPO_EST_3": null, "TIPO_EST_4": null, "FUENTE_00": "*FOR\n", "FUENTE_01": "FOR\n", "FUENTE_02": null, "FUENTE_03": null, "FUENTE_04": null, "PARAMETROS": "*PROFUNDIDAD (POZO) (m) | minimo: 0, maximo: 0\n", "INSTRUMENT": "*POZOMETRO\n", "PROCESOS": null, "PERFIL_TOP": null, "LAGO_ASOCI": null, "POZO": null, "LATITUD": -33.778093464000001, "LONGITUD": -71.1254717, "ESTE_8418": 0, "NORTE_8418": 0, "ESTE_8419": 303191, "NORTE_8419": 6260418, "ESTE_8412": 0, "NORTE_8412": 0, "HUSO_REAL": 19 }, "geometry": { "type": "Point", "coordinates": [ -71.125471699999935, -33.778093463999937 ] } },
{ "type": "Feature", "properties": { "OBJECTID": 1267, "COD_BNA": "05740009-9", "NOM_ESTACI": "AS. SAN CARLOS CHOLQUI (2)", "FECHA_INST": null, "FECHA_LLEN": null, "FECHA_SUSP": null, "COD_REG": "13", "COD_PROV": "135", "COD_COM": "13501", "REGION": "Metropolitana de Santiago", "PROVINCIA": "Melipilla", "COMUNA": "Melipilla", "REGION_RES": "METROPOLITANA", "COD_CUEN": "057", "COD_SUBC": "0574", "COD_SSUBC": "05740", "NOM_CUEN": "Rio Maipo", "NOM_SUBC": "Rio Maipo Bajo (Entre Rio Mapocho y Desembocadura)", "NOM_SSUBC": "Rio Maipo Entre Rio Mapocho y Estero Puangue", "ALTITUD_MS": 183, "AREA_DRENA": 0.0, "NOM_ACUIF": "Rio Maipo", "SHAC": "Cholqui", "UBICACIÓN": null, "OBSERVACIO": null, "LUGAR": "POZO", "INSTITUCIO": "DIRECCION GENERAL DE AGUAS", "TIPO_ESTAC": "*CONTROL DE NIVEL\n", "TIPO_EST_1": "CONTROL DE NIVEL\n", "TIPO_EST_2": null, "TIPO_EST_3": null, "TIPO_EST_4": null, "FUENTE_00": null, "FUENTE_01": null, "FUENTE_02": null, "FUENTE_03": null, "FUENTE_04": null, "PARAMETROS": "*PROFUNDIDAD (POZO) (m) | minimo: 0, maximo: 0\n", "INSTRUMENT": "*POZOMETRO\n", "PROCESOS": null, "PERFIL_TOP": null, "LAGO_ASOCI": null, "POZO": null, "LATITUD": -33.781540594, "LONGITUD": -71.110612156000002, "ESTE_8418": 0, "NORTE_8418": 0, "ESTE_8419": 304575, "NORTE_8419": 6260064, "ESTE_8412": 0, "NORTE_8412": 0, "HUSO_REAL": 19 }, "geometry": { "type": "Point", "coordinates": [ -71.110612155999945, -33.781540593999978 ] } },
{ "type": "Feature", "properties": { "OBJECTID": 1268, "COD_BNA": "05740012-9", "NOM_ESTACI": "APR CHOLQUI MANANTIALES", "FECHA_INST": "13/10/2015", "FECHA_LLEN": "31/07/2017", "FECHA_SUSP": null, "COD_REG": "13", "COD_PROV": "135", "COD_COM": "13501", "REGION": "Metropolitana de Santiago", "PROVINCIA": "Melipilla", "COMUNA": "Melipilla", "REGION_RES": "METROPOLITANA", "COD_CUEN": "057", "COD_SUBC": "0574", "COD_SSUBC": "05740", "NOM_CUEN": "Rio Maipo", "NOM_SUBC": "Rio Maipo Bajo (Entre Rio Mapocho y Desembocadura)", "NOM_SSUBC": "Rio Maipo Entre Rio Mapocho y Estero Puangue", "ALTITUD_MS": 0, "AREA_DRENA": 0.0, "NOM_ACUIF": "Rio Maipo", "SHAC": "Cholqui", "UBICACIÓN": null, "OBSERVACIO": null, "LUGAR": "POZO", "INSTITUCIO": "DIRECCION GENERAL DE AGUAS", "TIPO_ESTAC": "*CALIDAD DE AGUA\n", "TIPO_EST_1": "CALIDAD DE AGUA\n", "TIPO_EST_2": null, "TIPO_EST_3": null, "TIPO_EST_4": null, "FUENTE_00": null, "FUENTE_01": null, "FUENTE_02": null, "FUENTE_03": null, "FUENTE_04": null, "PARAMETROS": "*PARAMETROS FISICO-QUIMICO (VARIOS) | minimo: 0, maximo: 0\n", "INSTRUMENT": "*INSTRUMENTOS VARIOS DE LABORATORIO\n", "PROCESOS": null, "PERFIL_TOP": null, "LAGO_ASOCI": null, "POZO": null, "LATITUD": -33.776083274000001, "LONGITUD": -71.134837448, "ESTE_8418": 0, "NORTE_8418": 0, "ESTE_8419": 302319, "NORTE_8419": 6260623, "ESTE_8412": 0, "NORTE_8412": 0, "HUSO_REAL": 19 }, "geometry": { "type": "Point", "coordinates": [ -71.134837447999985, -33.776083273999973 ] } },
{ "type": "Feature", "properties": { "OBJECTID": 1269, "COD_BNA": "05740015-3", "NOM_ESTACI": "APR LA VILUMA", "FECHA_INST": "13/10/2015", "FECHA_LLEN": "31/07/2017", "FECHA_SUSP": null, "COD_REG": "13", "COD_PROV": "135", "COD_COM": "13501", "REGION": "Metropolitana de Santiago", "PROVINCIA": "Melipilla", "COMUNA": "Melipilla", "REGION_RES": "METROPOLITANA", "COD_CUEN": "057", "COD_SUBC": "0574", "COD_SSUBC": "05740", "NOM_CUEN": "Rio Maipo", "NOM_SUBC": "Rio Maipo Bajo (Entre Rio Mapocho y Desembocadura)", "NOM_SSUBC": "Rio Maipo Entre Rio Mapocho y Estero Puangue", "ALTITUD_MS": 203, "AREA_DRENA": 0.0, "NOM_ACUIF": "Rio Maipo", "SHAC": "Cholqui", "UBICACIÓN": null, "OBSERVACIO": null, "LUGAR": "POZO", "INSTITUCIO": "DIRECCION GENERAL DE AGUAS", "TIPO_ESTAC": "*CALIDAD DE AGUA\n", "TIPO_EST_1": "CALIDAD DE AGUA\n", "TIPO_EST_2": null, "TIPO_EST_3": null, "TIPO_EST_4": null, "FUENTE_00": null, "FUENTE_01": null, "FUENTE_02": null, "FUENTE_03": null, "FUENTE_04": null, "PARAMETROS": "*PARAMETROS FISICO-QUIMICO (VARIOS) | minimo: 0, maximo: 0\n", "INSTRUMENT": "*INSTRUMENTOS VARIOS DE LABORATORIO\n", "PROCESOS": null, "PERFIL_TOP": null, "LAGO_ASOCI": null, "POZO": null, "LATITUD": -33.770246985999997, "LONGITUD": -71.079013403999994, "ESTE_8418": 0, "NORTE_8418": 0, "ESTE_8419": 307476, "NORTE_8419": 6261376, "ESTE_8412": 0, "NORTE_8412": 0, "HUSO_REAL": 19 }, "geometry": { "type": "Point", "coordinates": [ -71.079013403999966, -33.770246985999961 ] } },
{ "type": "Feature", "properties": { "OBJECTID": 1270, "COD_BNA": "05740019-6", "NOM_ESTACI": "POZO HORCON DE PIEDRA", "FECHA_INST": "12/08/2025", "FECHA_LLEN": "11/08/2025", "FECHA_SUSP": null, "COD_REG": "13", "COD_PROV": "135", "COD_COM": "13501", "REGION": "Metropolitana de Santiago", "PROVINCIA": "Melipilla", "COMUNA": "Melipilla", "REGION_RES": "METROPOLITANA", "COD_CUEN": "057", "COD_SUBC": "0574", "COD_SSUBC": "05740", "NOM_CUEN": "Rio Maipo", "NOM_SUBC": "Rio Maipo Bajo (Entre Rio Mapocho y Desembocadura)", "NOM_SSUBC": "Rio Maipo Entre Rio Mapocho y Estero Puangue", "ALTITUD_MS": 179, "AREA_DRENA": 0.0, "NOM_ACUIF": "Rio Maipo", "SHAC": "Cholqui", "UBICACIÓN": "Sect Pbo HundidoCholqui, Melipilla, final RutaG-656, cost izq de curva, 40mdelcruce conesteroCholqui", "OBSERVACIO": null, "LUGAR": "ZONA RURAL", "INSTITUCIO": "DIRECCION GENERAL DE AGUAS", "TIPO_ESTAC": "*METEOROLOGICA\n*CONTROL DE NIVEL\n", "TIPO_EST_1": "METEOROLOGICA\n", "TIPO_EST_2": "CONTROL DE NIVEL\n", "TIPO_EST_3": null, "TIPO_EST_4": null, "FUENTE_00": "*GPR\n*FOR\n", "FUENTE_01": "GPR\n", "FUENTE_02": "FOR\n", "FUENTE_03": null, "FUENTE_04": null, "PARAMETROS": "*PRECIPITACION (mm) | minimo: 0, maximo: 100\n*PROFUNDIDAD (POZO) (m) | minimo: 0, maximo: 100\n*PROFUNDIDAD (POZO) (m) | minimo: 0, maximo: 100\n", "INSTRUMENT": "*Sensor de nivel aguas subterráneas\n*ESTACION AUTOMATICA M.R.I.\n*PLATAFORMA D.C.P.\n", "PROCESOS": "*PROCESO DE DATOS METEOROLÓGICOS | ALGUNAS FUENTES | SUSPENDIDO(01/04/2026)\n", "PERFIL_TOP": null, "LAGO_ASOCI": null, "POZO": null, "LATITUD": -33.783897230999997, "LONGITUD": -71.107786782999995, "ESTE_8418": 0, "NORTE_8418": 0, "ESTE_8419": 304842, "NORTE_8419": 6259808, "ESTE_8412": 0, "NORTE_8412": 0, "HUSO_REAL": 19 }, "geometry": { "type": "Point", "coordinates": [ -71.107786782999938, -33.783897230999969 ] } },
{ "type": "Feature", "properties": { "OBJECTID": 1271, "COD_BNA": "05740016-1", "NOM_ESTACI": "APR SAN ANTONIO DE AGUAS", "FECHA_INST": "26/10/2015", "FECHA_LLEN": "31/07/2017", "FECHA_SUSP": null, "COD_REG": "13", "COD_PROV": "136", "COD_COM": "13603", "REGION": "Metropolitana de Santiago", "PROVINCIA": "Talagante", "COMUNA": "Isla de Maipo", "REGION_RES": "METROPOLITANA", "COD_CUEN": "057", "COD_SUBC": "0574", "COD_SSUBC": "05740", "NOM_CUEN": "Rio Maipo", "NOM_SUBC": "Rio Maipo Bajo (Entre Rio Mapocho y Desembocadura)", "NOM_SSUBC": "Rio Maipo Entre Rio Mapocho y Estero Puangue", "ALTITUD_MS": 253, "AREA_DRENA": 0.0, "NOM_ACUIF": "Rio Maipo", "SHAC": "El Monte Nuevo", "UBICACIÓN": null, "OBSERVACIO": null, "LUGAR": "POZO", "INSTITUCIO": "DIRECCION GENERAL DE AGUAS", "TIPO_ESTAC": "*CALIDAD DE AGUA\n", "TIPO_EST_1": "CALIDAD DE AGUA\n", "TIPO_EST_2": null, "TIPO_EST_3": null, "TIPO_EST_4": null, "FUENTE_00": null, "FUENTE_01": null, "FUENTE_02": null, "FUENTE_03": null, "FUENTE_04": null, "PARAMETROS": "*PARAMETROS FISICO-QUIMICO (VARIOS) | minimo: 0, maximo: 0\n", "INSTRUMENT": "*INSTRUMENTOS VARIOS DE LABORATORIO\n", "PROCESOS": null, "PERFIL_TOP": null, "LAGO_ASOCI": null, "POZO": null, "LATITUD": -33.718020334000002, "LONGITUD": -71.017607291999994, "ESTE_8418": 0, "NORTE_8418": 0, "ESTE_8419": 313050, "NORTE_8419": 6267281, "ESTE_8412": 0, "NORTE_8412": 0, "HUSO_REAL": 19 }, "geometry": { "type": "Point", "coordinates": [ -71.01760729199998, -33.718020333999959 ] } },
{ "type": "Feature", "properties": { "OBJECTID": 1272, "COD_BNA": "05740006-4", "NOM_ESTACI": "PARCELA 7 CHIÑIHUE", "FECHA_INST": "01/01/1967", "FECHA_LLEN": null, "FECHA_SUSP": null, "COD_REG": "13", "COD_PROV": "136", "COD_COM": "13602", "REGION": "Metropolitana de Santiago", "PROVINCIA": "Talagante", "COMUNA": "El Monte", "REGION_RES": "METROPOLITANA", "COD_CUEN": "057", "COD_SUBC": "0574", "COD_SSUBC": "05740", "NOM_CUEN": "Rio Maipo", "NOM_SUBC": "Rio Maipo Bajo (Entre Rio Mapocho y Desembocadura)", "NOM_SSUBC": "Rio Maipo Entre Rio Mapocho y Estero Puangue", "ALTITUD_MS": 232, "AREA_DRENA": 0.0, "NOM_ACUIF": "Rio Maipo", "SHAC": "El Monte Nuevo", "UBICACIÓN": null, "OBSERVACIO": null, "LUGAR": "POZO", "INSTITUCIO": "DIRECCION GENERAL DE AGUAS", "TIPO_ESTAC": "*CONTROL DE NIVEL\n", "TIPO_EST_1": "CONTROL DE NIVEL\n", "TIPO_EST_2": null, "TIPO_EST_3": null, "TIPO_EST_4": null, "FUENTE_00": null, "FUENTE_01": null, "FUENTE_02": null, "FUENTE_03": null, "FUENTE_04": null, "PARAMETROS": "*PROFUNDIDAD (POZO) (m) | minimo: 0, maximo: 0\n", "INSTRUMENT": "*POZOMETRO\n", "PROCESOS": null, "PERFIL_TOP": null, "LAGO_ASOCI": null, "POZO": null, "LATITUD": -33.701822053999997, "LONGITUD": -71.073878285000006, "ESTE_8418": 0, "NORTE_8418": 0, "ESTE_8419": 307799, "NORTE_8419": 6268974, "ESTE_8412": 0, "NORTE_8412": 0, "HUSO_REAL": 19 }, "geometry": { "type": "Point", "coordinates": [ -71.073878284999978, -33.701822053999933 ] } },
{ "type": "Feature", "properties": { "OBJECTID": 1273, "COD_BNA": "05746008-3", "NOM_ESTACI": "APR RUMAY-CAMPO LINDO", "FECHA_INST": "08/10/2015", "FECHA_LLEN": "31/07/2017", "FECHA_SUSP": null, "COD_REG": "13", "COD_PROV": "135", "COD_COM": "13501", "REGION": "Metropolitana de Santiago", "PROVINCIA": "Melipilla", "COMUNA": "Melipilla", "REGION_RES": "METROPOLITANA", "COD_CUEN": "057", "COD_SUBC": "0574", "COD_SSUBC": "05747", "NOM_CUEN": "Rio Maipo", "NOM_SUBC": "Rio Maipo Bajo (Entre Rio Mapocho y Desembocadura)", "NOM_SSUBC": "Rio Maipo entre Estero Puangue y bajo junta Estero Popeta", "ALTITUD_MS": 166, "AREA_DRENA": 0.0, "NOM_ACUIF": "Rio Maipo", "SHAC": "Popeta", "UBICACIÓN": null, "OBSERVACIO": null, "LUGAR": "POZO", "INSTITUCIO": "DIRECCION GENERAL DE AGUAS", "TIPO_ESTAC": "*CALIDAD DE AGUA\n", "TIPO_EST_1": "CALIDAD DE AGUA\n", "TIPO_EST_2": null, "TIPO_EST_3": null, "TIPO_EST_4": null, "FUENTE_00": null, "FUENTE_01": null, "FUENTE_02": null, "FUENTE_03": null, "FUENTE_04": null, "PARAMETROS": "*PARAMETROS FISICO-QUIMICO (VARIOS) | minimo: 0, maximo: 0\n", "INSTRUMENT": "*INSTRUMENTOS VARIOS DE LABORATORIO\n", "PROCESOS": null, "PERFIL_TOP": null, "LAGO_ASOCI": null, "POZO": null, "LATITUD": -33.79635572, "LONGITUD": -71.247346335000003, "ESTE_8418": 0, "NORTE_8418": 0, "ESTE_8419": 291948, "NORTE_8419": 6258153, "ESTE_8412": 0, "NORTE_8412": 0, "HUSO_REAL": 19 }, "geometry": { "type": "Point", "coordinates": [ -71.247346334999975, -33.796355719999951 ] } },
{ "type": "Feature", "properties": { "OBJECTID": 1274, "COD_BNA": "05747001-1", "NOM_ESTACI": "LOS GUINDOS", "FECHA_INST": "01/06/1989", "FECHA_LLEN": "17/12/2020", "FECHA_SUSP": null, "COD_REG": "13", "COD_PROV": "135", "COD_COM": "13501", "REGION": "Metropolitana de Santiago", "PROVINCIA": "Melipilla", "COMUNA": "Melipilla", "REGION_RES": "METROPOLITANA", "COD_CUEN": "057", "COD_SUBC": "0574", "COD_SSUBC": "05747", "NOM_CUEN": "Rio Maipo", "NOM_SUBC": "Rio Maipo Bajo (Entre Rio Mapocho y Desembocadura)", "NOM_SSUBC": "Rio Maipo entre Estero Puangue y bajo junta Estero Popeta", "ALTITUD_MS": 125, "AREA_DRENA": 0.0, "NOM_ACUIF": "Rio Maipo", "SHAC": "Popeta", "UBICACIÓN": null, "OBSERVACIO": "*Se limpió pluviómetro tapado\n\n*se modifica fuente. Formulario por Datalogger.\n", "LUGAR": "ZONA RURAL", "INSTITUCIO": "DIRECCION GENERAL DE AGUAS", "TIPO_ESTAC": "*METEOROLOGICA\n", "TIPO_EST_1": "METEOROLOGICA\n", "TIPO_EST_2": null, "TIPO_EST_3": null, "TIPO_EST_4": null, "FUENTE_00": "*DTL\n*GPR\n", "FUENTE_01": "DTL\n", "FUENTE_02": "GPR\n", "FUENTE_03": null, "FUENTE_04": null, "PARAMETROS": "*PRECIPITACION (mm) | minimo: 0, maximo: 80\n", "INSTRUMENT": "*PLUVIOMETRO HELLMAN\n", "PROCESOS": "*PROCESO DE DATOS METEOROLÓGICOS | ALGUNAS FUENTES | SUSPENDIDO(17/05/2022)\n", "PERFIL_TOP": null, "LAGO_ASOCI": null, "POZO": null, "LATITUD": -33.890802051000001, "LONGITUD": -71.233549995000004, "ESTE_8418": 0, "NORTE_8418": 0, "ESTE_8419": 293453, "NORTE_8419": 6247706, "ESTE_8412": 0, "NORTE_8412": 0, "HUSO_REAL": 19 }, "geometry": { "type": "Point", "coordinates": [ -71.233549994999976, -33.89080205099998 ] } },
{ "type": "Feature", "properties": { "OBJECTID": 1275, "COD_BNA": "05747002-K", "NOM_ESTACI": "ASENTAMIENTO POPETA LAS MARIPOSAS", "FECHA_INST": null, "FECHA_LLEN": null, "FECHA_SUSP": null, "COD_REG": "13", "COD_PROV": "135", "COD_COM": "13501", "REGION": "Metropolitana de Santiago", "PROVINCIA": "Melipilla", "COMUNA": "Melipilla", "REGION_RES": "METROPOLITANA", "COD_CUEN": "057", "COD_SUBC": "0574", "COD_SSUBC": "05747", "NOM_CUEN": "Rio Maipo", "NOM_SUBC": "Rio Maipo Bajo (Entre Rio Mapocho y Desembocadura)", "NOM_SSUBC": "Rio Maipo entre Estero Puangue y bajo junta Estero Popeta", "ALTITUD_MS": 109, "AREA_DRENA": 0.0, "NOM_ACUIF": "Rio Maipo", "SHAC": "Popeta", "UBICACIÓN": null, "OBSERVACIO": null, "LUGAR": "POZO", "INSTITUCIO": "DIRECCION GENERAL DE AGUAS", "TIPO_ESTAC": "*CONTROL DE NIVEL\n", "TIPO_EST_1": "CONTROL DE NIVEL\n", "TIPO_EST_2": null, "TIPO_EST_3": null, "TIPO_EST_4": null, "FUENTE_00": null, "FUENTE_01": null, "FUENTE_02": null, "FUENTE_03": null, "FUENTE_04": null, "PARAMETROS": "*PROFUNDIDAD (POZO) (m) | minimo: 0, maximo: 0\n", "INSTRUMENT": "*POZOMETRO\n", "PROCESOS": null, "PERFIL_TOP": null, "LAGO_ASOCI": null, "POZO": null, "LATITUD": -33.86666511, "LONGITUD": -71.263671332000001, "ESTE_8418": 0, "NORTE_8418": 0, "ESTE_8419": 290608, "NORTE_8419": 6250322, "ESTE_8412": 0, "NORTE_8412": 0, "HUSO_REAL": 19 }, "geometry": { "type": "Point", "coordinates": [ -71.263671331999944, -33.866665109999929 ] } },
{ "type": "Feature", "properties": { "OBJECTID": 1276, "COD_BNA": "05747004-6", "NOM_ESTACI": "AS. SAN MIGUEL POPETA (2)", "FECHA_INST": "01/12/1970", "FECHA_LLEN": null, "FECHA_SUSP": null, "COD_REG": "13", "COD_PROV": "135", "COD_COM": "13501", "REGION": "Metropolitana de Santiago", "PROVINCIA": "Melipilla", "COMUNA": "Melipilla", "REGION_RES": "METROPOLITANA", "COD_CUEN": "057", "COD_SUBC": "0574", "COD_SSUBC": "05747", "NOM_CUEN": "Rio Maipo", "NOM_SUBC": "Rio Maipo Bajo (Entre Rio Mapocho y Desembocadura)", "NOM_SSUBC": "Rio Maipo entre Estero Puangue y bajo junta Estero Popeta", "ALTITUD_MS": 119, "AREA_DRENA": 0.0, "NOM_ACUIF": "Rio Maipo", "SHAC": "Popeta", "UBICACIÓN": null, "OBSERVACIO": null, "LUGAR": "POZO", "INSTITUCIO": "DIRECCION GENERAL DE AGUAS", "TIPO_ESTAC": "*CONTROL DE NIVEL\n", "TIPO_EST_1": "CONTROL DE NIVEL\n", "TIPO_EST_2": null, "TIPO_EST_3": null, "TIPO_EST_4": null, "FUENTE_00": null, "FUENTE_01": null, "FUENTE_02": null, "FUENTE_03": null, "FUENTE_04": null, "PARAMETROS": "*PROFUNDIDAD (POZO) (m) | minimo: 0, maximo: 0\n", "INSTRUMENT": "*POZOMETRO\n", "PROCESOS": null, "PERFIL_TOP": null, "LAGO_ASOCI": null, "POZO": null, "LATITUD": -33.888325242999997, "LONGITUD": -71.253691789000001, "ESTE_8418": 0, "NORTE_8418": 0, "ESTE_8419": 291584, "NORTE_8419": 6247940, "ESTE_8412": 0, "NORTE_8412": 0, "HUSO_REAL": 19 }, "geometry": { "type": "Point", "coordinates": [ -71.253691788999959, -33.88832524299994 ] } },
{ "type": "Feature", "properties": { "OBJECTID": 1277, "COD_BNA": "05747005-4", "NOM_ESTACI": "ASENTAMIENTO TANTEHUE", "FECHA_INST": null, "FECHA_LLEN": null, "FECHA_SUSP": null, "COD_REG": "13", "COD_PROV": "135", "COD_COM": "13501", "REGION": "Metropolitana de Santiago", "PROVINCIA": "Melipilla", "COMUNA": "Melipilla", "REGION_RES": "METROPOLITANA", "COD_CUEN": "057", "COD_SUBC": "0574", "COD_SSUBC": "05747", "NOM_CUEN": "Rio Maipo", "NOM_SUBC": "Rio Maipo Bajo (Entre Rio Mapocho y Desembocadura)", "NOM_SSUBC": "Rio Maipo entre Estero Puangue y bajo junta Estero Popeta", "ALTITUD_MS": 130, "AREA_DRENA": 0.0, "NOM_ACUIF": "Rio Maipo", "SHAC": "Popeta", "UBICACIÓN": null, "OBSERVACIO": null, "LUGAR": "POZO", "INSTITUCIO": "DIRECCION GENERAL DE AGUAS", "TIPO_ESTAC": "*CONTROL DE NIVEL\n", "TIPO_EST_1": "CONTROL DE NIVEL\n", "TIPO_EST_2": null, "TIPO_EST_3": null, "TIPO_EST_4": null, "FUENTE_00": null, "FUENTE_01": null, "FUENTE_02": null, "FUENTE_03": null, "FUENTE_04": null, "PARAMETROS": "*PROFUNDIDAD (POZO) (m) | minimo: 0, maximo: 0\n", "INSTRUMENT": "*POZOMETRO\n", "PROCESOS": null, "PERFIL_TOP": null, "LAGO_ASOCI": null, "POZO": null, "LATITUD": -33.885085979000003, "LONGITUD": -71.217562872000002, "ESTE_8418": 0, "NORTE_8418": 0, "ESTE_8419": 294918, "NORTE_8419": 6248372, "ESTE_8412": 0, "NORTE_8412": 0, "HUSO_REAL": 19 }, "geometry": { "type": "Point", "coordinates": [ -71.217562871999974, -33.885085978999939 ] } },
{ "type": "Feature", "properties": { "OBJECTID": 1278, "COD_BNA": "05747006-2", "NOM_ESTACI": "AS. IGNACIO SERRANO", "FECHA_INST": null, "FECHA_LLEN": null, "FECHA_SUSP": null, "COD_REG": "13", "COD_PROV": "135", "COD_COM": "13501", "REGION": "Metropolitana de Santiago", "PROVINCIA": "Melipilla", "COMUNA": "Melipilla", "REGION_RES": "METROPOLITANA", "COD_CUEN": "057", "COD_SUBC": "0574", "COD_SSUBC": "05747", "NOM_CUEN": "Rio Maipo", "NOM_SUBC": "Rio Maipo Bajo (Entre Rio Mapocho y Desembocadura)", "NOM_SSUBC": "Rio Maipo entre Estero Puangue y bajo junta Estero Popeta", "ALTITUD_MS": 125, "AREA_DRENA": 0.0, "NOM_ACUIF": "Rio Maipo", "SHAC": "Popeta", "UBICACIÓN": null, "OBSERVACIO": null, "LUGAR": "POZO", "INSTITUCIO": "DIRECCION GENERAL DE AGUAS", "TIPO_ESTAC": "*CONTROL DE NIVEL\n", "TIPO_EST_1": "CONTROL DE NIVEL\n", "TIPO_EST_2": null, "TIPO_EST_3": null, "TIPO_EST_4": null, "FUENTE_00": null, "FUENTE_01": null, "FUENTE_02": null, "FUENTE_03": null, "FUENTE_04": null, "PARAMETROS": "*PROFUNDIDAD (POZO) (m) | minimo: 0, maximo: 0\n", "INSTRUMENT": "*POZOMETRO\n", "PROCESOS": null, "PERFIL_TOP": null, "LAGO_ASOCI": null, "POZO": null, "LATITUD": -33.88412883, "LONGITUD": -71.247484103999994, "ESTE_8418": 0, "NORTE_8418": 0, "ESTE_8419": 292148, "NORTE_8419": 6248418, "ESTE_8412": 0, "NORTE_8412": 0, "HUSO_REAL": 19 }, "geometry": { "type": "Point", "coordinates": [ -71.247484103999966, -33.884128829999952 ] } },
{ "type": "Feature", "properties": { "OBJECTID": 1279, "COD_BNA": "05747008-9", "NOM_ESTACI": "APR CULIPRAN", "FECHA_INST": "14/10/2015", "FECHA_LLEN": "31/07/2017", "FECHA_SUSP": null, "COD_REG": "13", "COD_PROV": "135", "COD_COM": "13501", "REGION": "Metropolitana de Santiago", "PROVINCIA": "Melipilla", "COMUNA": "Melipilla", "REGION_RES": "METROPOLITANA", "COD_CUEN": "057", "COD_SUBC": "0574", "COD_SSUBC": "05747", "NOM_CUEN": "Rio Maipo", "NOM_SUBC": "Rio Maipo Bajo (Entre Rio Mapocho y Desembocadura)", "NOM_SSUBC": "Rio Maipo entre Estero Puangue y bajo junta Estero Popeta", "ALTITUD_MS": 0, "AREA_DRENA": 0.0, "NOM_ACUIF": "Rio Maipo", "SHAC": "Popeta", "UBICACIÓN": null, "OBSERVACIO": null, "LUGAR": "POZO", "INSTITUCIO": null, "TIPO_ESTAC": "*CALIDAD DE AGUA\n", "TIPO_EST_1": "CALIDAD DE AGUA\n", "TIPO_EST_2": null, "TIPO_EST_3": null, "TIPO_EST_4": null, "FUENTE_00": null, "FUENTE_01": null, "FUENTE_02": null, "FUENTE_03": null, "FUENTE_04": null, "PARAMETROS": "*PARAMETROS FISICO-QUIMICO (VARIOS) | minimo: 0, maximo: 0\n", "INSTRUMENT": "*INSTRUMENTOS VARIOS DE LABORATORIO\n", "PROCESOS": null, "PERFIL_TOP": null, "LAGO_ASOCI": null, "POZO": null, "LATITUD": -33.789133176999997, "LONGITUD": -71.233464607000002, "ESTE_8418": 0, "NORTE_8418": 0, "ESTE_8419": 293216, "NORTE_8419": 6258982, "ESTE_8412": 0, "NORTE_8412": 0, "HUSO_REAL": 19 }, "geometry": { "type": "Point", "coordinates": [ -71.233464606999974, -33.78913317699994 ] } },
{ "type": "Feature", "properties": { "OBJECTID": 1280, "COD_BNA": "05747009-7", "NOM_ESTACI": "APR LAS LOMAS DE CULIPRAN", "FECHA_INST": "14/10/2015", "FECHA_LLEN": "31/07/2017", "FECHA_SUSP": null, "COD_REG": "13", "COD_PROV": "135", "COD_COM": "13501", "REGION": "Metropolitana de Santiago", "PROVINCIA": "Melipilla", "COMUNA": "Melipilla", "REGION_RES": "METROPOLITANA", "COD_CUEN": "057", "COD_SUBC": "0574", "COD_SSUBC": "05747", "NOM_CUEN": "Rio Maipo", "NOM_SUBC": "Rio Maipo Bajo (Entre Rio Mapocho y Desembocadura)", "NOM_SSUBC": "Rio Maipo entre Estero Puangue y bajo junta Estero Popeta", "ALTITUD_MS": 98, "AREA_DRENA": 0.0, "NOM_ACUIF": "Rio Maipo", "SHAC": "Popeta", "UBICACIÓN": null, "OBSERVACIO": null, "LUGAR": "POZO", "INSTITUCIO": "DIRECCION GENERAL DE AGUAS", "TIPO_ESTAC": "*CALIDAD DE AGUA\n", "TIPO_EST_1": "CALIDAD DE AGUA\n", "TIPO_EST_2": null, "TIPO_EST_3": null, "TIPO_EST_4": null, "FUENTE_00": null, "FUENTE_01": null, "FUENTE_02": null, "FUENTE_03": null, "FUENTE_04": null, "PARAMETROS": "*PARAMETROS FISICO-QUIMICO (VARIOS) | minimo: 0, maximo: 0\n", "INSTRUMENT": "*INSTRUMENTOS VARIOS DE LABORATORIO\n", "PROCESOS": null, "PERFIL_TOP": null, "LAGO_ASOCI": null, "POZO": null, "LATITUD": -33.788584896000003, "LONGITUD": -71.27040362, "ESTE_8418": 0, "NORTE_8418": 0, "ESTE_8419": 289794, "NORTE_8419": 6258968, "ESTE_8412": 0, "NORTE_8412": 0, "HUSO_REAL": 19 }, "geometry": { "type": "Point", "coordinates": [ -71.270403619999968, -33.788584895999975 ] } },
{ "type": "Feature", "properties": { "OBJECTID": 1281, "COD_BNA": "05747010-0", "NOM_ESTACI": "APR LOS MAITENES  DE ULMEN", "FECHA_INST": "14/10/2015", "FECHA_LLEN": "31/07/2017", "FECHA_SUSP": null, "COD_REG": "13", "COD_PROV": "135", "COD_COM": "13501", "REGION": "Metropolitana de Santiago", "PROVINCIA": "Melipilla", "COMUNA": "Melipilla", "REGION_RES": "METROPOLITANA", "COD_CUEN": "057", "COD_SUBC": "0574", "COD_SSUBC": "05747", "NOM_CUEN": "Rio Maipo", "NOM_SUBC": "Rio Maipo Bajo (Entre Rio Mapocho y Desembocadura)", "NOM_SSUBC": "Rio Maipo entre Estero Puangue y bajo junta Estero Popeta", "ALTITUD_MS": 81, "AREA_DRENA": 0.0, "NOM_ACUIF": "Rio Maipo", "SHAC": "Popeta", "UBICACIÓN": null, "OBSERVACIO": null, "LUGAR": "POZO", "INSTITUCIO": "DIRECCION GENERAL DE AGUAS", "TIPO_ESTAC": "*CALIDAD DE AGUA\n", "TIPO_EST_1": "CALIDAD DE AGUA\n", "TIPO_EST_2": null, "TIPO_EST_3": null, "TIPO_EST_4": null, "FUENTE_00": null, "FUENTE_01": null, "FUENTE_02": null, "FUENTE_03": null, "FUENTE_04": null, "PARAMETROS": "*PARAMETROS FISICO-QUIMICO (VARIOS) | minimo: 0, maximo: 0\n", "INSTRUMENT": "*INSTRUMENTOS VARIOS DE LABORATORIO\n", "PROCESOS": null, "PERFIL_TOP": null, "LAGO_ASOCI": null, "POZO": null, "LATITUD": -33.798588713000001, "LONGITUD": -71.299838371000007, "ESTE_8418": 0, "NORTE_8418": 0, "ESTE_8419": 287093, "NORTE_8419": 6257798, "ESTE_8412": 0, "NORTE_8412": 0, "HUSO_REAL": 19 }, "geometry": { "type": "Point", "coordinates": [ -71.299838370999964, -33.798588712999958 ] } },
{ "type": "Feature", "properties": { "OBJECTID": 1282, "COD_BNA": "05747011-9", "NOM_ESTACI": "APR POPETA", "FECHA_INST": "14/10/2015", "FECHA_LLEN": "31/07/2017", "FECHA_SUSP": null, "COD_REG": "13", "COD_PROV": "135", "COD_COM": "13501", "REGION": "Metropolitana de Santiago", "PROVINCIA": "Melipilla", "COMUNA": "Melipilla", "REGION_RES": "METROPOLITANA", "COD_CUEN": "057", "COD_SUBC": "0574", "COD_SSUBC": "05747", "NOM_CUEN": "Rio Maipo", "NOM_SUBC": "Rio Maipo Bajo (Entre Rio Mapocho y Desembocadura)", "NOM_SSUBC": "Rio Maipo entre Estero Puangue y bajo junta Estero Popeta", "ALTITUD_MS": 109, "AREA_DRENA": 0.0, "NOM_ACUIF": "Rio Maipo", "SHAC": "Popeta", "UBICACIÓN": null, "OBSERVACIO": null, "LUGAR": "POZO", "INSTITUCIO": "DIRECCION GENERAL DE AGUAS", "TIPO_ESTAC": "*CALIDAD DE AGUA\n", "TIPO_EST_1": "CALIDAD DE AGUA\n", "TIPO_EST_2": null, "TIPO_EST_3": null, "TIPO_EST_4": null, "FUENTE_00": null, "FUENTE_01": null, "FUENTE_02": null, "FUENTE_03": null, "FUENTE_04": null, "PARAMETROS": "*PARAMETROS FISICO-QUIMICO (VARIOS) | minimo: 0, maximo: 0\n", "INSTRUMENT": "*INSTRUMENTOS VARIOS DE LABORATORIO\n", "PROCESOS": null, "PERFIL_TOP": null, "LAGO_ASOCI": null, "POZO": null, "LATITUD": -33.829413121999998, "LONGITUD": -71.271785367999996, "ESTE_8418": 0, "NORTE_8418": 0, "ESTE_8419": 289766, "NORTE_8419": 6254437, "ESTE_8412": 0, "NORTE_8412": 0, "HUSO_REAL": 19 }, "geometry": { "type": "Point", "coordinates": [ -71.271785367999939, -33.829413121999949 ] } },
{ "type": "Feature", "properties": { "OBJECTID": 1283, "COD_BNA": "05747012-7", "NOM_ESTACI": "APR SAN MANUEL", "FECHA_INST": "14/10/2015", "FECHA_LLEN": "31/07/2017", "FECHA_SUSP": null, "COD_REG": "13", "COD_PROV": "135", "COD_COM": "13501", "REGION": "Metropolitana de Santiago", "PROVINCIA": "Melipilla", "COMUNA": "Melipilla", "REGION_RES": "METROPOLITANA", "COD_CUEN": "057", "COD_SUBC": "0574", "COD_SSUBC": "05747", "NOM_CUEN": "Rio Maipo", "NOM_SUBC": "Rio Maipo Bajo (Entre Rio Mapocho y Desembocadura)", "NOM_SSUBC": "Rio Maipo entre Estero Puangue y bajo junta Estero Popeta", "ALTITUD_MS": 115, "AREA_DRENA": 0.0, "NOM_ACUIF": "Rio Maipo", "SHAC": "Popeta", "UBICACIÓN": null, "OBSERVACIO": null, "LUGAR": "POZO", "INSTITUCIO": "DIRECCION GENERAL DE AGUAS", "TIPO_ESTAC": "*CALIDAD DE AGUA\n", "TIPO_EST_1": "CALIDAD DE AGUA\n", "TIPO_EST_2": null, "TIPO_EST_3": null, "TIPO_EST_4": null, "FUENTE_00": null, "FUENTE_01": null, "FUENTE_02": null, "FUENTE_03": null, "FUENTE_04": null, "PARAMETROS": "*PARAMETROS FISICO-QUIMICO (VARIOS) | minimo: 0, maximo: 0\n", "INSTRUMENT": "*INSTRUMENTOS VARIOS DE LABORATORIO\n", "PROCESOS": null, "PERFIL_TOP": null, "LAGO_ASOCI": null, "POZO": null, "LATITUD": -33.766082145, "LONGITUD": -71.279558362000003, "ESTE_8418": 0, "NORTE_8418": 0, "ESTE_8419": 288891, "NORTE_8419": 6261445, "ESTE_8412": 0, "NORTE_8412": 0, "HUSO_REAL": 19 }, "geometry": { "type": "Point", "coordinates": [ -71.279558361999989, -33.766082144999984 ] } },
{ "type": "Feature", "properties": { "OBJECTID": 1284, "COD_BNA": "05747014-3", "NOM_ESTACI": "POZO MELIPILLA ULMEN", "FECHA_INST": "10/12/2023", "FECHA_LLEN": "14/11/2023", "FECHA_SUSP": null, "COD_REG": "13", "COD_PROV": "135", "COD_COM": "13501", "REGION": "Metropolitana de Santiago", "PROVINCIA": "Melipilla", "COMUNA": "Melipilla", "REGION_RES": "METROPOLITANA", "COD_CUEN": "057", "COD_SUBC": "0574", "COD_SSUBC": "05747", "NOM_CUEN": "Rio Maipo", "NOM_SUBC": "Rio Maipo Bajo (Entre Rio Mapocho y Desembocadura)", "NOM_SSUBC": "Rio Maipo entre Estero Puangue y bajo junta Estero Popeta", "ALTITUD_MS": 149, "AREA_DRENA": 0.0, "NOM_ACUIF": "Rio Maipo", "SHAC": "Ulmen", "UBICACIÓN": "El pozo se encuentra en prop inscrita a fojas 503, número 571, correspondiente al CBR de Melipilla", "OBSERVACIO": "*Altura 19,30 m\nA las 10:45\n", "LUGAR": "POZO", "INSTITUCIO": "DIRECCION GENERAL DE AGUAS", "TIPO_ESTAC": "*METEOROLOGICA\n*CONTROL DE NIVEL\n", "TIPO_EST_1": "METEOROLOGICA\n", "TIPO_EST_2": "CONTROL DE NIVEL\n", "TIPO_EST_3": null, "TIPO_EST_4": null, "FUENTE_00": "*GPR\n*FOR\n", "FUENTE_01": "GPR\n", "FUENTE_02": "FOR\n", "FUENTE_03": null, "FUENTE_04": null, "PARAMETROS": "*PRECIPITACION (mm) | minimo: 0, maximo: 100\n*PROFUNDIDAD (POZO) (m) | minimo: 0, maximo: 100\n*PROFUNDIDAD (POZO) (m) | minimo: 0, maximo: 100\n", "INSTRUMENT": "*Sensor de nivel aguas subterráneas\n*ESTACION AUTOMATICA M.R.I.\n", "PROCESOS": "*PROCESO DE DATOS METEOROLÓGICOS | ALGUNAS FUENTES\n", "PERFIL_TOP": null, "LAGO_ASOCI": null, "POZO": null, "LATITUD": -33.839727291000003, "LONGITUD": -71.366677585999994, "ESTE_8418": 0, "NORTE_8418": 0, "ESTE_8419": 281009, "NORTE_8419": 6253095, "ESTE_8412": 0, "NORTE_8412": 0, "HUSO_REAL": 19 }, "geometry": { "type": "Point", "coordinates": [ -71.36667758599998, -33.839727290999974 ] } },
{ "type": "Feature", "properties": { "OBJECTID": 1285, "COD_BNA": "05715010-6", "NOM_ESTACI": "POZO ESCUELA LAS COLONIAS DE PAINE", "FECHA_INST": "03/10/2022", "FECHA_LLEN": "04/10/2022", "FECHA_SUSP": null, "COD_REG": "13", "COD_PROV": "134", "COD_COM": "13404", "REGION": "Metropolitana de Santiago", "PROVINCIA": "Maipo", "COMUNA": "Paine", "REGION_RES": "METROPOLITANA", "COD_CUEN": "057", "COD_SUBC": "0571", "COD_SSUBC": "05715", "NOM_CUEN": "Rio Maipo", "NOM_SUBC": "Rio Maipo Medio", "NOM_SSUBC": "Estero Angostura Entre Estero Paine (I) y Bajo Junta Estero Paine (II)", "ALTITUD_MS": 376, "AREA_DRENA": 0.0, "NOM_ACUIF": "Rio Maipo", "SHAC": "Buin", "UBICACIÓN": null, "OBSERVACIO": "*Estación estaba sin candado en reja, caseta y pozo. Se dejó candado usado en la reja.\n", "LUGAR": null, "INSTITUCIO": "DIRECCION GENERAL DE AGUAS", "TIPO_ESTAC": "*CONTROL DE NIVEL\n", "TIPO_EST_1": "CONTROL DE NIVEL\n", "TIPO_EST_2": null, "TIPO_EST_3": null, "TIPO_EST_4": null, "FUENTE_00": "*FOR\n*GPR\n", "FUENTE_01": "FOR\n", "FUENTE_02": "GPR\n", "FUENTE_03": null, "FUENTE_04": null, "PARAMETROS": "*PROFUNDIDAD (POZO) (m) | minimo: 0, maximo: 0\n*PROFUNDIDAD (POZO) (m) | minimo: 0, maximo: 0\n", "INSTRUMENT": "*POZOMETRO\n", "PROCESOS": null, "PERFIL_TOP": null, "LAGO_ASOCI": null, "POZO": null, "LATITUD": -33.827783183000001, "LONGITUD": -70.755556311000007, "ESTE_8418": 0, "NORTE_8418": 0, "ESTE_8419": 337542, "NORTE_8419": 6255553, "ESTE_8412": 0, "NORTE_8412": 0, "HUSO_REAL": 19 }, "geometry": { "type": "Point", "coordinates": [ -70.755556310999964, -33.827783182999951 ] } },
{ "type": "Feature", "properties": { "OBJECTID": 1286, "COD_BNA": "05715002-5", "NOM_ESTACI": "ASENTAMIENTO LAS VERTIENTES", "FECHA_INST": "01/10/1972", "FECHA_LLEN": null, "FECHA_SUSP": null, "COD_REG": "13", "COD_PROV": "134", "COD_COM": "13402", "REGION": "Metropolitana de Santiago", "PROVINCIA": "Maipo", "COMUNA": "Buin", "REGION_RES": "METROPOLITANA", "COD_CUEN": "057", "COD_SUBC": "0571", "COD_SSUBC": "05715", "NOM_CUEN": "Rio Maipo", "NOM_SUBC": "Rio Maipo Medio", "NOM_SSUBC": "Estero Angostura Entre Estero Paine (I) y Bajo Junta Estero Paine (II)", "ALTITUD_MS": 381, "AREA_DRENA": 0.0, "NOM_ACUIF": "Rio Maipo", "SHAC": "Buin", "UBICACIÓN": null, "OBSERVACIO": null, "LUGAR": "POZO", "INSTITUCIO": "DIRECCION GENERAL DE AGUAS", "TIPO_ESTAC": "*CONTROL DE NIVEL\n", "TIPO_EST_1": "CONTROL DE NIVEL\n", "TIPO_EST_2": null, "TIPO_EST_3": null, "TIPO_EST_4": null, "FUENTE_00": null, "FUENTE_01": null, "FUENTE_02": null, "FUENTE_03": null, "FUENTE_04": null, "PARAMETROS": "*PROFUNDIDAD (POZO) (m) | minimo: 0, maximo: 0\n", "INSTRUMENT": "*POZOMETRO\n", "PROCESOS": null, "PERFIL_TOP": null, "LAGO_ASOCI": null, "POZO": null, "LATITUD": -33.809044582, "LONGITUD": -70.803676643000003, "ESTE_8418": 0, "NORTE_8418": 0, "ESTE_8419": 333052, "NORTE_8419": 6257554, "ESTE_8412": 0, "NORTE_8412": 0, "HUSO_REAL": 19 }, "geometry": { "type": "Point", "coordinates": [ -70.80367664299996, -33.809044581999956 ] } },
{ "type": "Feature", "properties": { "OBJECTID": 1287, "COD_BNA": "05715003-3", "NOM_ESTACI": "COLONIA DE PAINE", "FECHA_INST": "01/02/1969", "FECHA_LLEN": null, "FECHA_SUSP": null, "COD_REG": "13", "COD_PROV": "134", "COD_COM": "13402", "REGION": "Metropolitana de Santiago", "PROVINCIA": "Maipo", "COMUNA": "Buin", "REGION_RES": "METROPOLITANA", "COD_CUEN": "057", "COD_SUBC": "0571", "COD_SSUBC": "05715", "NOM_CUEN": "Rio Maipo", "NOM_SUBC": "Rio Maipo Medio", "NOM_SSUBC": "Estero Angostura Entre Estero Paine (I) y Bajo Junta Estero Paine (II)", "ALTITUD_MS": 398, "AREA_DRENA": 0.0, "NOM_ACUIF": "Rio Maipo", "SHAC": "Buin", "UBICACIÓN": null, "OBSERVACIO": null, "LUGAR": "POZO", "INSTITUCIO": "DIRECCION GENERAL DE AGUAS", "TIPO_ESTAC": "*CONTROL DE NIVEL\n", "TIPO_EST_1": "CONTROL DE NIVEL\n", "TIPO_EST_2": null, "TIPO_EST_3": null, "TIPO_EST_4": null, "FUENTE_00": null, "FUENTE_01": null, "FUENTE_02": null, "FUENTE_03": null, "FUENTE_04": null, "PARAMETROS": "*PROFUNDIDAD (POZO) (m) | minimo: 0, maximo: 0\n", "INSTRUMENT": "*POZOMETRO\n*POZOMETRO\n", "PROCESOS": null, "PERFIL_TOP": null, "LAGO_ASOCI": null, "POZO": null, "LATITUD": -33.813291775000003, "LONGITUD": -70.76062928, "ESTE_8418": 0, "NORTE_8418": 0, "ESTE_8419": 337045, "NORTE_8419": 6257152, "ESTE_8412": 0, "NORTE_8412": 0, "HUSO_REAL": 19 }, "geometry": { "type": "Point", "coordinates": [ -70.760629279999932, -33.813291774999982 ] } },
{ "type": "Feature", "properties": { "OBJECTID": 1288, "COD_BNA": "05715009-2", "NOM_ESTACI": "APR SANTA FILOMENA LAS VERTIENTES", "FECHA_INST": "27/10/2015", "FECHA_LLEN": "31/07/2017", "FECHA_SUSP": null, "COD_REG": "13", "COD_PROV": "134", "COD_COM": "13402", "REGION": "Metropolitana de Santiago", "PROVINCIA": "Maipo", "COMUNA": "Buin", "REGION_RES": "METROPOLITANA", "COD_CUEN": "057", "COD_SUBC": "0571", "COD_SSUBC": "05715", "NOM_CUEN": "Rio Maipo", "NOM_SUBC": "Rio Maipo Medio", "NOM_SSUBC": "Estero Angostura Entre Estero Paine (I) y Bajo Junta Estero Paine (II)", "ALTITUD_MS": 390, "AREA_DRENA": 0.0, "NOM_ACUIF": "Rio Maipo", "SHAC": "Buin", "UBICACIÓN": null, "OBSERVACIO": null, "LUGAR": "POZO", "INSTITUCIO": "DIRECCION GENERAL DE AGUAS", "TIPO_ESTAC": "*CALIDAD DE AGUA\n", "TIPO_EST_1": "CALIDAD DE AGUA\n", "TIPO_EST_2": null, "TIPO_EST_3": null, "TIPO_EST_4": null, "FUENTE_00": null, "FUENTE_01": null, "FUENTE_02": null, "FUENTE_03": null, "FUENTE_04": null, "PARAMETROS": "*PARAMETROS FISICO-QUIMICO (VARIOS) | minimo: 0, maximo: 0\n", "INSTRUMENT": "*INSTRUMENTOS VARIOS DE LABORATORIO\n", "PROCESOS": null, "PERFIL_TOP": null, "LAGO_ASOCI": null, "POZO": null, "LATITUD": -33.799980396000002, "LONGITUD": -70.797610504999994, "ESTE_8418": 0, "NORTE_8418": 0, "ESTE_8419": 333596, "NORTE_8419": 6258569, "ESTE_8412": 0, "NORTE_8412": 0, "HUSO_REAL": 19 }, "geometry": { "type": "Point", "coordinates": [ -70.797610504999966, -33.799980395999967 ] } },
{ "type": "Feature", "properties": { "OBJECTID": 1289, "COD_BNA": "05715005-K", "NOM_ESTACI": "POZO COMPLEJO ANGOSTURA", "FECHA_INST": "01/09/2004", "FECHA_LLEN": "14/12/2004", "FECHA_SUSP": null, "COD_REG": "13", "COD_PROV": "134", "COD_COM": "13404", "REGION": "Metropolitana de Santiago", "PROVINCIA": "Maipo", "COMUNA": "Paine", "REGION_RES": "METROPOLITANA", "COD_CUEN": "057", "COD_SUBC": "0571", "COD_SSUBC": "05715", "NOM_CUEN": "Rio Maipo", "NOM_SUBC": "Rio Maipo Medio", "NOM_SSUBC": "Estero Angostura Entre Estero Paine (I) y Bajo Junta Estero Paine (II)", "ALTITUD_MS": 404, "AREA_DRENA": 0.0, "NOM_ACUIF": "Rio Maipo", "SHAC": "Paine", "UBICACIÓN": null, "OBSERVACIO": null, "LUGAR": "POZO", "INSTITUCIO": "DIRECCION GENERAL DE AGUAS", "TIPO_ESTAC": "*CALIDAD DE AGUA\n*CONTROL DE NIVEL\n", "TIPO_EST_1": "CALIDAD DE AGUA\n", "TIPO_EST_2": "CONTROL DE NIVEL\n", "TIPO_EST_3": null, "TIPO_EST_4": null, "FUENTE_00": null, "FUENTE_01": null, "FUENTE_02": null, "FUENTE_03": null, "FUENTE_04": null, "PARAMETROS": "*PROFUNDIDAD (POZO) (m) | minimo: 0, maximo: 0\n*PARAMETROS FISICO-QUIMICO (VARIOS) | minimo: 0, maximo: 0\n", "INSTRUMENT": "*POZOMETRO\n*INSTRUMENTOS VARIOS DE LABORATORIO\n", "PROCESOS": null, "PERFIL_TOP": null, "LAGO_ASOCI": null, "POZO": null, "LATITUD": -33.900577134000002, "LONGITUD": -70.736143546999998, "ESTE_8418": 0, "NORTE_8418": 0, "ESTE_8419": 339475, "NORTE_8419": 6247511, "ESTE_8412": 0, "NORTE_8412": 0, "HUSO_REAL": 19 }, "geometry": { "type": "Point", "coordinates": [ -70.736143546999983, -33.900577133999946 ] } },
{ "type": "Feature", "properties": { "OBJECTID": 1290, "COD_BNA": "05715006-8", "NOM_ESTACI": "RIO ANGOSTURA AGUAS ARRIBA PUENTE CHAMPA", "FECHA_INST": "16/10/2015", "FECHA_LLEN": "09/03/2017", "FECHA_SUSP": null, "COD_REG": "13", "COD_PROV": "134", "COD_COM": "13404", "REGION": "Metropolitana de Santiago", "PROVINCIA": "Maipo", "COMUNA": "Paine", "REGION_RES": "METROPOLITANA", "COD_CUEN": "057", "COD_SUBC": "0571", "COD_SSUBC": "05715", "NOM_CUEN": "Rio Maipo", "NOM_SUBC": "Rio Maipo Medio", "NOM_SSUBC": "Estero Angostura Entre Estero Paine (I) y Bajo Junta Estero Paine (II)", "ALTITUD_MS": 375, "AREA_DRENA": 0.0, "NOM_ACUIF": "Rio Maipo", "SHAC": "Paine", "UBICACIÓN": "Estación creada para la red de obs de la NSCA del río Maipo", "OBSERVACIO": null, "LUGAR": "CAUCE NATURAL", "INSTITUCIO": "DIRECCION GENERAL DE AGUAS", "TIPO_ESTAC": "*CALIDAD DE AGUA\n", "TIPO_EST_1": "CALIDAD DE AGUA\n", "TIPO_EST_2": null, "TIPO_EST_3": null, "TIPO_EST_4": null, "FUENTE_00": null, "FUENTE_01": null, "FUENTE_02": null, "FUENTE_03": null, "FUENTE_04": null, "PARAMETROS": "*PARAMETROS FISICO-QUIMICO (VARIOS) | minimo: 0, maximo: 0\n", "INSTRUMENT": "*INSTRUMENTOS VARIOS DE LABORATORIO\n", "PROCESOS": null, "PERFIL_TOP": null, "LAGO_ASOCI": null, "POZO": null, "LATITUD": -33.856375294000003, "LONGITUD": -70.765198818000002, "ESTE_8418": 0, "NORTE_8418": 0, "ESTE_8419": 336704, "NORTE_8419": 6252367, "ESTE_8412": 0, "NORTE_8412": 0, "HUSO_REAL": 19 }, "geometry": { "type": "Point", "coordinates": [ -70.765198817999988, -33.856375293999974 ] } },
{ "type": "Feature", "properties": { "OBJECTID": 1291, "COD_BNA": "05715007-6", "NOM_ESTACI": "APR AGUILA NORTE-SUR", "FECHA_INST": "29/10/2015", "FECHA_LLEN": "31/07/2017", "FECHA_SUSP": null, "COD_REG": "13", "COD_PROV": "134", "COD_COM": "13404", "REGION": "Metropolitana de Santiago", "PROVINCIA": "Maipo", "COMUNA": "Paine", "REGION_RES": "METROPOLITANA", "COD_CUEN": "057", "COD_SUBC": "0571", "COD_SSUBC": "05715", "NOM_CUEN": "Rio Maipo", "NOM_SUBC": "Rio Maipo Medio", "NOM_SSUBC": "Estero Angostura Entre Estero Paine (I) y Bajo Junta Estero Paine (II)", "ALTITUD_MS": 402, "AREA_DRENA": 0.0, "NOM_ACUIF": "Rio Maipo", "SHAC": "Paine", "UBICACIÓN": null, "OBSERVACIO": null, "LUGAR": "POZO", "INSTITUCIO": "DIRECCION GENERAL DE AGUAS", "TIPO_ESTAC": "*CALIDAD DE AGUA\n", "TIPO_EST_1": "CALIDAD DE AGUA\n", "TIPO_EST_2": null, "TIPO_EST_3": null, "TIPO_EST_4": null, "FUENTE_00": null, "FUENTE_01": null, "FUENTE_02": null, "FUENTE_03": null, "FUENTE_04": null, "PARAMETROS": "*PARAMETROS FISICO-QUIMICO (VARIOS) | minimo: 0, maximo: 0\n", "INSTRUMENT": "*INSTRUMENTOS VARIOS DE LABORATORIO\n", "PROCESOS": null, "PERFIL_TOP": null, "LAGO_ASOCI": null, "POZO": null, "LATITUD": -33.905263855000001, "LONGITUD": -70.73759042, "ESTE_8418": 0, "NORTE_8418": 0, "ESTE_8419": 339350, "NORTE_8419": 6246989, "ESTE_8412": 0, "NORTE_8412": 0, "HUSO_REAL": 19 }, "geometry": { "type": "Point", "coordinates": [ -70.737590419999947, -33.90526385499993 ] } },
{ "type": "Feature", "properties": { "OBJECTID": 1292, "COD_BNA": "05715008-4", "NOM_ESTACI": "APR HOSPITAL CHAMPA", "FECHA_INST": "28/10/2015", "FECHA_LLEN": "31/07/2017", "FECHA_SUSP": null, "COD_REG": "13", "COD_PROV": "134", "COD_COM": "13404", "REGION": "Metropolitana de Santiago", "PROVINCIA": "Maipo", "COMUNA": "Paine", "REGION_RES": "METROPOLITANA", "COD_CUEN": "057", "COD_SUBC": "0571", "COD_SSUBC": "05715", "NOM_CUEN": "Rio Maipo", "NOM_SUBC": "Rio Maipo Medio", "NOM_SSUBC": "Estero Angostura Entre Estero Paine (I) y Bajo Junta Estero Paine (II)", "ALTITUD_MS": 382, "AREA_DRENA": 0.0, "NOM_ACUIF": "Rio Maipo", "SHAC": "Paine", "UBICACIÓN": null, "OBSERVACIO": null, "LUGAR": "POZO", "INSTITUCIO": "DIRECCION GENERAL DE AGUAS", "TIPO_ESTAC": "*CALIDAD DE AGUA\n", "TIPO_EST_1": "CALIDAD DE AGUA\n", "TIPO_EST_2": null, "TIPO_EST_3": null, "TIPO_EST_4": null, "FUENTE_00": null, "FUENTE_01": null, "FUENTE_02": null, "FUENTE_03": null, "FUENTE_04": null, "PARAMETROS": "*PARAMETROS FISICO-QUIMICO (VARIOS) | minimo: 0, maximo: 0\n", "INSTRUMENT": "*INSTRUMENTOS VARIOS DE LABORATORIO\n", "PROCESOS": null, "PERFIL_TOP": null, "LAGO_ASOCI": null, "POZO": null, "LATITUD": -33.862191107000001, "LONGITUD": -70.748153423999995, "ESTE_8418": 0, "NORTE_8418": 0, "ESTE_8419": 338292, "NORTE_8419": 6251749, "ESTE_8412": 0, "NORTE_8412": 0, "HUSO_REAL": 19 }, "geometry": { "type": "Point", "coordinates": [ -70.748153423999952, -33.862191106999944 ] } },
{ "type": "Feature", "properties": { "OBJECTID": 1293, "COD_BNA": "05714001-1", "NOM_ESTACI": "FUNDO SANTA MARTA CULITRI", "FECHA_INST": "01/09/1975", "FECHA_LLEN": null, "FECHA_SUSP": null, "COD_REG": "13", "COD_PROV": "134", "COD_COM": "13404", "REGION": "Metropolitana de Santiago", "PROVINCIA": "Maipo", "COMUNA": "Paine", "REGION_RES": "METROPOLITANA", "COD_CUEN": "057", "COD_SUBC": "0571", "COD_SSUBC": "05714", "NOM_CUEN": "Rio Maipo", "NOM_SUBC": "Rio Maipo Medio", "NOM_SSUBC": "Estero Paine", "ALTITUD_MS": 431, "AREA_DRENA": 0.0, "NOM_ACUIF": "Rio Maipo", "SHAC": "Paine", "UBICACIÓN": null, "OBSERVACIO": null, "LUGAR": "POZO", "INSTITUCIO": "DIRECCION GENERAL DE AGUAS", "TIPO_ESTAC": "*CONTROL DE NIVEL\n", "TIPO_EST_1": "CONTROL DE NIVEL\n", "TIPO_EST_2": null, "TIPO_EST_3": null, "TIPO_EST_4": null, "FUENTE_00": null, "FUENTE_01": null, "FUENTE_02": null, "FUENTE_03": null, "FUENTE_04": null, "PARAMETROS": "*PROFUNDIDAD (POZO) (m) | minimo: 0, maximo: 0\n", "INSTRUMENT": "*POZOMETRO\n", "PROCESOS": null, "PERFIL_TOP": null, "LAGO_ASOCI": null, "POZO": null, "LATITUD": -33.864126792, "LONGITUD": -70.639480378000002, "ESTE_8418": 0, "NORTE_8418": 0, "ESTE_8419": 348349, "NORTE_8419": 6251700, "ESTE_8412": 0, "NORTE_8412": 0, "HUSO_REAL": 19 }, "geometry": { "type": "Point", "coordinates": [ -70.639480377999973, -33.864126791999979 ] } },
{ "type": "Feature", "properties": { "OBJECTID": 1294, "COD_BNA": "05714004-6", "NOM_ESTACI": "APR CARDONAL BAJO", "FECHA_INST": "28/10/2015", "FECHA_LLEN": "31/07/2017", "FECHA_SUSP": null, "COD_REG": "13", "COD_PROV": "134", "COD_COM": "13404", "REGION": "Metropolitana de Santiago", "PROVINCIA": "Maipo", "COMUNA": "Paine", "REGION_RES": "METROPOLITANA", "COD_CUEN": "057", "COD_SUBC": "0571", "COD_SSUBC": "05714", "NOM_CUEN": "Rio Maipo", "NOM_SUBC": "Rio Maipo Medio", "NOM_SSUBC": "Estero Paine", "ALTITUD_MS": 396, "AREA_DRENA": 0.0, "NOM_ACUIF": "Rio Maipo", "SHAC": "Paine", "UBICACIÓN": null, "OBSERVACIO": null, "LUGAR": "POZO", "INSTITUCIO": null, "TIPO_ESTAC": "*CALIDAD DE AGUA\n", "TIPO_EST_1": "CALIDAD DE AGUA\n", "TIPO_EST_2": null, "TIPO_EST_3": null, "TIPO_EST_4": null, "FUENTE_00": null, "FUENTE_01": null, "FUENTE_02": null, "FUENTE_03": null, "FUENTE_04": null, "PARAMETROS": "*PARAMETROS FISICO-QUIMICO (VARIOS) | minimo: 0, maximo: 0\n", "INSTRUMENT": "*INSTRUMENTOS VARIOS DE LABORATORIO\n", "PROCESOS": null, "PERFIL_TOP": null, "LAGO_ASOCI": null, "POZO": null, "LATITUD": -33.854426709000002, "LONGITUD": -70.668153658999998, "ESTE_8418": 0, "NORTE_8418": 0, "ESTE_8419": 345679, "NORTE_8419": 6252733, "ESTE_8412": 0, "NORTE_8412": 0, "HUSO_REAL": 19 }, "geometry": { "type": "Point", "coordinates": [ -70.668153658999984, -33.854426708999938 ] } },
{ "type": "Feature", "properties": { "OBJECTID": 1295, "COD_BNA": "05714005-4", "NOM_ESTACI": "APR CHADA", "FECHA_INST": "28/10/2015", "FECHA_LLEN": "31/07/2017", "FECHA_SUSP": null, "COD_REG": "13", "COD_PROV": "134", "COD_COM": "13404", "REGION": "Metropolitana de Santiago", "PROVINCIA": "Maipo", "COMUNA": "Paine", "REGION_RES": "METROPOLITANA", "COD_CUEN": "057", "COD_SUBC": "0571", "COD_SSUBC": "05714", "NOM_CUEN": "Rio Maipo", "NOM_SUBC": "Rio Maipo Medio", "NOM_SSUBC": "Estero Paine", "ALTITUD_MS": 399, "AREA_DRENA": 0.0, "NOM_ACUIF": "Rio Maipo", "SHAC": "Paine", "UBICACIÓN": null, "OBSERVACIO": null, "LUGAR": "POZO", "INSTITUCIO": null, "TIPO_ESTAC": "*CALIDAD DE AGUA\n", "TIPO_EST_1": "CALIDAD DE AGUA\n", "TIPO_EST_2": null, "TIPO_EST_3": null, "TIPO_EST_4": null, "FUENTE_00": null, "FUENTE_01": null, "FUENTE_02": null, "FUENTE_03": null, "FUENTE_04": null, "PARAMETROS": "*PARAMETROS FISICO-QUIMICO (VARIOS) | minimo: 0, maximo: 0\n", "INSTRUMENT": "*INSTRUMENTOS VARIOS DE LABORATORIO\n", "PROCESOS": null, "PERFIL_TOP": null, "LAGO_ASOCI": null, "POZO": null, "LATITUD": -33.896917897999998, "LONGITUD": -70.664817482999993, "ESTE_8418": 0, "NORTE_8418": 0, "ESTE_8419": 346064, "NORTE_8419": 6248026, "ESTE_8412": 0, "NORTE_8412": 0, "HUSO_REAL": 19 }, "geometry": { "type": "Point", "coordinates": [ -70.664817482999979, -33.89691789799997 ] } },
{ "type": "Feature", "properties": { "OBJECTID": 1296, "COD_BNA": "05714006-2", "NOM_ESTACI": "APR COLONIA KENNEDY", "FECHA_INST": "29/10/2015", "FECHA_LLEN": "31/07/2017", "FECHA_SUSP": null, "COD_REG": "13", "COD_PROV": "134", "COD_COM": "13404", "REGION": "Metropolitana de Santiago", "PROVINCIA": "Maipo", "COMUNA": "Paine", "REGION_RES": "METROPOLITANA", "COD_CUEN": "057", "COD_SUBC": "0571", "COD_SSUBC": "05714", "NOM_CUEN": "Rio Maipo", "NOM_SUBC": "Rio Maipo Medio", "NOM_SSUBC": "Estero Paine", "ALTITUD_MS": 380, "AREA_DRENA": 0.0, "NOM_ACUIF": "Rio Maipo", "SHAC": "Paine", "UBICACIÓN": null, "OBSERVACIO": null, "LUGAR": "POZO", "INSTITUCIO": null, "TIPO_ESTAC": "*CALIDAD DE AGUA\n", "TIPO_EST_1": "CALIDAD DE AGUA\n", "TIPO_EST_2": null, "TIPO_EST_3": null, "TIPO_EST_4": null, "FUENTE_00": null, "FUENTE_01": null, "FUENTE_02": null, "FUENTE_03": null, "FUENTE_04": null, "PARAMETROS": "*PARAMETROS FISICO-QUIMICO (VARIOS) | minimo: 0, maximo: 0\n", "INSTRUMENT": "*INSTRUMENTOS VARIOS DE LABORATORIO\n", "PROCESOS": null, "PERFIL_TOP": null, "LAGO_ASOCI": null, "POZO": null, "LATITUD": -33.880531030999997, "LONGITUD": -70.712319311000002, "ESTE_8418": 0, "NORTE_8418": 0, "ESTE_8419": 341641, "NORTE_8419": 6249771, "ESTE_8412": 0, "NORTE_8412": 0, "HUSO_REAL": 19 }, "geometry": { "type": "Point", "coordinates": [ -70.712319310999987, -33.880531030999975 ] } },
{ "type": "Feature", "properties": { "OBJECTID": 1297, "COD_BNA": "05714007-0", "NOM_ESTACI": "APR HUELQUEN", "FECHA_INST": "28/10/2015", "FECHA_LLEN": "31/07/2017", "FECHA_SUSP": null, "COD_REG": "13", "COD_PROV": "134", "COD_COM": "13404", "REGION": "Metropolitana de Santiago", "PROVINCIA": "Maipo", "COMUNA": "Paine", "REGION_RES": "METROPOLITANA", "COD_CUEN": "057", "COD_SUBC": "0571", "COD_SSUBC": "05714", "NOM_CUEN": "Rio Maipo", "NOM_SUBC": "Rio Maipo Medio", "NOM_SSUBC": "Estero Paine", "ALTITUD_MS": 444, "AREA_DRENA": 0.0, "NOM_ACUIF": "Rio Maipo", "SHAC": "Paine", "UBICACIÓN": null, "OBSERVACIO": null, "LUGAR": "POZO", "INSTITUCIO": "DIRECCION GENERAL DE AGUAS", "TIPO_ESTAC": "*CALIDAD DE AGUA\n", "TIPO_EST_1": "CALIDAD DE AGUA\n", "TIPO_EST_2": null, "TIPO_EST_3": null, "TIPO_EST_4": null, "FUENTE_00": null, "FUENTE_01": null, "FUENTE_02": null, "FUENTE_03": null, "FUENTE_04": null, "PARAMETROS": "*PARAMETROS FISICO-QUIMICO (VARIOS) | minimo: 0, maximo: 0\n", "INSTRUMENT": "*INSTRUMENTOS VARIOS DE LABORATORIO\n", "PROCESOS": null, "PERFIL_TOP": null, "LAGO_ASOCI": null, "POZO": null, "LATITUD": -33.844701413000003, "LONGITUD": -70.634818671999994, "ESTE_8418": 0, "NORTE_8418": 0, "ESTE_8419": 348746, "NORTE_8419": 6253861, "ESTE_8412": 0, "NORTE_8412": 0, "HUSO_REAL": 19 }, "geometry": { "type": "Point", "coordinates": [ -70.634818671999938, -33.844701412999939 ] } },
{ "type": "Feature", "properties": { "OBJECTID": 1298, "COD_BNA": "05714008-9", "NOM_ESTACI": "APR SANTA MARTA LAS TURBINAS", "FECHA_INST": "28/10/2015", "FECHA_LLEN": "31/07/2017", "FECHA_SUSP": null, "COD_REG": "13", "COD_PROV": "134", "COD_COM": "13404", "REGION": "Metropolitana de Santiago", "PROVINCIA": "Maipo", "COMUNA": "Paine", "REGION_RES": "METROPOLITANA", "COD_CUEN": "057", "COD_SUBC": "0571", "COD_SSUBC": "05714", "NOM_CUEN": "Rio Maipo", "NOM_SUBC": "Rio Maipo Medio", "NOM_SSUBC": "Estero Paine", "ALTITUD_MS": 463, "AREA_DRENA": 0.0, "NOM_ACUIF": "Rio Maipo", "SHAC": "Paine", "UBICACIÓN": null, "OBSERVACIO": null, "LUGAR": "POZO", "INSTITUCIO": "DIRECCION GENERAL DE AGUAS", "TIPO_ESTAC": "*CALIDAD DE AGUA\n", "TIPO_EST_1": "CALIDAD DE AGUA\n", "TIPO_EST_2": null, "TIPO_EST_3": null, "TIPO_EST_4": null, "FUENTE_00": null, "FUENTE_01": null, "FUENTE_02": null, "FUENTE_03": null, "FUENTE_04": null, "PARAMETROS": "*PARAMETROS FISICO-QUIMICO (VARIOS) | minimo: 0, maximo: 0\n", "INSTRUMENT": "*INSTRUMENTOS VARIOS DE LABORATORIO\n", "PROCESOS": null, "PERFIL_TOP": null, "LAGO_ASOCI": null, "POZO": null, "LATITUD": -33.855540417, "LONGITUD": -70.628712941000003, "ESTE_8418": 0, "NORTE_8418": 0, "ESTE_8419": 349330, "NORTE_8419": 6252668, "ESTE_8412": 0, "NORTE_8412": 0, "HUSO_REAL": 19 }, "geometry": { "type": "Point", "coordinates": [ -70.628712940999947, -33.855540416999929 ] } },
{ "type": "Feature", "properties": { "OBJECTID": 1299, "COD_BNA": "05716003-9", "NOM_ESTACI": "ESTERO PINTUE EN PUENTE PINTUE", "FECHA_INST": "01/03/1997", "FECHA_LLEN": "24/02/2021", "FECHA_SUSP": null, "COD_REG": "13", "COD_PROV": "134", "COD_COM": "13404", "REGION": "Metropolitana de Santiago", "PROVINCIA": "Maipo", "COMUNA": "Paine", "REGION_RES": "METROPOLITANA", "COD_CUEN": "057", "COD_SUBC": "0571", "COD_SSUBC": "05716", "NOM_CUEN": "Rio Maipo", "NOM_SUBC": "Rio Maipo Medio", "NOM_SSUBC": "Estero Angostura Entre Estero Paine (II) y Rio Maipo", "ALTITUD_MS": 0, "AREA_DRENA": 0.0, "NOM_ACUIF": "Rio Maipo", "SHAC": "Laguna de Aculeo", "UBICACIÓN": null, "OBSERVACIO": "*Se realiza aforo para curva de descarga.\n", "LUGAR": "LAGO O EMBALSE", "INSTITUCIO": "DIRECCION GENERAL DE AGUAS", "TIPO_ESTAC": "*FLUVIOMETRICA\n", "TIPO_EST_1": "FLUVIOMETRICA", "TIPO_EST_2": null, "TIPO_EST_3": null, "TIPO_EST_4": null, "FUENTE_00": "*DTL\n", "FUENTE_01": "DTL\n", "FUENTE_02": null, "FUENTE_03": null, "FUENTE_04": null, "PARAMETROS": "*ALTURA (m) | minimo: -2, maximo: 15\n*CAUDAL (m3/s) | minimo: 0, maximo: 10000\n*AFORO (m3/s) | minimo: 0, maximo: 10000\n*CURVA DE DESCARGA (M-M3/S) | minimo: 0, maximo: 10000\n*PARAMETROS FISICO-QUIMICO (VARIOS) | minimo: 0, maximo: 0\n", "INSTRUMENT": "*LIMNIMETRO DE REGLA GRADUADA | SUSPENDIDO(24/02/2021)\n*MOLINETE TIPO 622 | SUSPENDIDO(24/02/2021)\n*CALCULO EN OFICINA | SUSPENDIDO(24/02/2021)\n*INSTRUMENTOS VARIOS DE LABORATORIO\n", "PROCESOS": null, "PERFIL_TOP": null, "LAGO_ASOCI": null, "POZO": null, "LATITUD": -33.875865058000002, "LONGITUD": -70.880778695999993, "ESTE_8418": 0, "NORTE_8418": 0, "ESTE_8419": 326050, "NORTE_8419": 6250016, "ESTE_8412": 0, "NORTE_8412": 0, "HUSO_REAL": 19 }, "geometry": { "type": "Point", "coordinates": [ -70.880778695999936, -33.875865057999931 ] } },
{ "type": "Feature", "properties": { "OBJECTID": 1300, "COD_BNA": "05716005-5", "NOM_ESTACI": "LAGUNA ACULEO", "FECHA_INST": "01/11/1988", "FECHA_LLEN": "18/12/2020", "FECHA_SUSP": null, "COD_REG": "13", "COD_PROV": "134", "COD_COM": "13404", "REGION": "Metropolitana de Santiago", "PROVINCIA": "Maipo", "COMUNA": "Paine", "REGION_RES": "METROPOLITANA", "COD_CUEN": "057", "COD_SUBC": "0571", "COD_SSUBC": "05716", "NOM_CUEN": "Rio Maipo", "NOM_SUBC": "Rio Maipo Medio", "NOM_SSUBC": "Estero Angostura Entre Estero Paine (II) y Rio Maipo", "ALTITUD_MS": 370, "AREA_DRENA": 0.0, "NOM_ACUIF": "Rio Maipo", "SHAC": "Laguna de Aculeo", "UBICACIÓN": "3 KM. AL PONIENTE DE PINTUE", "OBSERVACIO": null, "LUGAR": "ZONA RURAL", "INSTITUCIO": "DIRECCION GENERAL DE AGUAS", "TIPO_ESTAC": "*METEOROLOGICA\n", "TIPO_EST_1": "METEOROLOGICA\n", "TIPO_EST_2": null, "TIPO_EST_3": null, "TIPO_EST_4": null, "FUENTE_00": "*DTL\n*GPR\n*FOR\n", "FUENTE_01": "DTL\n", "FUENTE_02": "GPR\n", "FUENTE_03": "FOR\n", "FUENTE_04": null, "PARAMETROS": "*PRECIPITACION (mm) | minimo: 0, maximo: 80\n*TEMPERATURA HORARIA (ºc) | minimo: -40, maximo: 40\n*TEMPERATURA MINIMA (ºc) | minimo: -3, maximo: 32\n*TEMPERATURA MAXIMA (ºc) | minimo: -3, maximo: 32\n*TEMP. BULBO SECO (ºc) | minimo: -3, maximo: 32 | SUSP", "INSTRUMENT": "*PLUVIOMETRO HELLMAN\n*TERMOMETRO DE MAXIMA Y MINIMA\n*TERMOGRAFO\n*EVAPORIMETRO DE ESTANQUE CON REC. DIARIO DE VIENTO\n*PSICROMETRO VENTILACION NATURAL\n*ANEMOMETRO TOTALIZADOR\n", "PROCESOS": "*PROCESO DE DATOS METEOROLÓGICOS | ALGUNAS FUENTES | SUSPENDIDO(17/05/2022)\n", "PERFIL_TOP": null, "LAGO_ASOCI": null, "POZO": null, "LATITUD": -33.885752175999997, "LONGITUD": -70.8775467, "ESTE_8418": 0, "NORTE_8418": 0, "ESTE_8419": 326369, "NORTE_8419": 6248925, "ESTE_8412": 0, "NORTE_8412": 0, "HUSO_REAL": 19 }, "geometry": { "type": "Point", "coordinates": [ -70.877546699999982, -33.885752175999983 ] } },
{ "type": "Feature", "properties": { "OBJECTID": 1301, "COD_BNA": "05716006-3", "NOM_ESTACI": "SAN FCO. ACULEO", "FECHA_INST": "01/01/1973", "FECHA_LLEN": null, "FECHA_SUSP": null, "COD_REG": "13", "COD_PROV": "134", "COD_COM": "13404", "REGION": "Metropolitana de Santiago", "PROVINCIA": "Maipo", "COMUNA": "Paine", "REGION_RES": "METROPOLITANA", "COD_CUEN": "057", "COD_SUBC": "0571", "COD_SSUBC": "05716", "NOM_CUEN": "Rio Maipo", "NOM_SUBC": "Rio Maipo Medio", "NOM_SSUBC": "Estero Angostura Entre Estero Paine (II) y Rio Maipo", "ALTITUD_MS": 369, "AREA_DRENA": 0.0, "NOM_ACUIF": "Rio Maipo", "SHAC": "Laguna de Aculeo", "UBICACIÓN": null, "OBSERVACIO": null, "LUGAR": "POZO", "INSTITUCIO": "DIRECCION GENERAL DE AGUAS", "TIPO_ESTAC": "*CONTROL DE NIVEL\n", "TIPO_EST_1": "CONTROL DE NIVEL\n", "TIPO_EST_2": null, "TIPO_EST_3": null, "TIPO_EST_4": null, "FUENTE_00": null, "FUENTE_01": null, "FUENTE_02": null, "FUENTE_03": null, "FUENTE_04": null, "PARAMETROS": "*PROFUNDIDAD (POZO) (m) | minimo: 0, maximo: 0\n", "INSTRUMENT": "*POZOMETRO\n", "PROCESOS": null, "PERFIL_TOP": null, "LAGO_ASOCI": null, "POZO": null, "LATITUD": -33.886621454, "LONGITUD": -70.879674101999996, "ESTE_8418": 0, "NORTE_8418": 0, "ESTE_8419": 326174, "NORTE_8419": 6248825, "ESTE_8412": 0, "NORTE_8412": 0, "HUSO_REAL": 19 }, "geometry": { "type": "Point", "coordinates": [ -70.879674101999967, -33.886621453999965 ] } },
{ "type": "Feature", "properties": { "OBJECTID": 1302, "COD_BNA": "05716008-K", "NOM_ESTACI": "LAGUNA DE ACULEO FRENTE A CASA DE BOMBAS", "FECHA_INST": "01/12/1988", "FECHA_LLEN": null, "FECHA_SUSP": null, "COD_REG": "13", "COD_PROV": "134", "COD_COM": "13404", "REGION": "Metropolitana de Santiago", "PROVINCIA": "Maipo", "COMUNA": "Paine", "REGION_RES": "METROPOLITANA", "COD_CUEN": "057", "COD_SUBC": "0571", "COD_SSUBC": "05716", "NOM_CUEN": "Rio Maipo", "NOM_SUBC": "Rio Maipo Medio", "NOM_SSUBC": "Estero Angostura Entre Estero Paine (II) y Rio Maipo", "ALTITUD_MS": 0, "AREA_DRENA": 0.0, "NOM_ACUIF": "Rio Maipo", "SHAC": "Laguna de Aculeo", "UBICACIÓN": null, "OBSERVACIO": null, "LUGAR": "LAGO O EMBALSE", "INSTITUCIO": "DIRECCION GENERAL DE AGUAS", "TIPO_ESTAC": "*CALIDAD DE AGUA\n*LAGOS Y EMBALSES\n", "TIPO_EST_1": "CALIDAD DE AGUA\n", "TIPO_EST_2": "LAGOS Y EMBALSES\n", "TIPO_EST_3": null, "TIPO_EST_4": null, "FUENTE_00": null, "FUENTE_01": null, "FUENTE_02": null, "FUENTE_03": null, "FUENTE_04": null, "PARAMETROS": "*PARAMETROS FISICO-QUIMICO (VARIOS) | minimo: 0, maximo: 0\n", "INSTRUMENT": "*INSTRUMENTOS VARIOS DE LABORATORIO\n", "PROCESOS": null, "PERFIL_TOP": null, "LAGO_ASOCI": "Nombre: LAGUNA DE ACULEO | Altura: 350 |  Área Riego: 0 | Capacidad: 51.6 | Latitud: 33°50'00'' | Longitud: 70°55'00'' | Superficie: 12.1", "POZO": null, "LATITUD": -33.828755387000001, "LONGITUD": -70.933456261000003, "ESTE_8418": 0, "NORTE_8418": 0, "ESTE_8419": 321079, "NORTE_8419": 6255150, "ESTE_8412": 0, "NORTE_8412": 0, "HUSO_REAL": 19 }, "geometry": { "type": "Point", "coordinates": [ -70.933456260999947, -33.828755386999944 ] } },
{ "type": "Feature", "properties": { "OBJECTID": 1303, "COD_BNA": "05716009-8", "NOM_ESTACI": "LAGUNA DE ACULEO FRENTE PUNTILLA LEON", "FECHA_INST": "01/12/1988", "FECHA_LLEN": null, "FECHA_SUSP": null, "COD_REG": "13", "COD_PROV": "134", "COD_COM": "13404", "REGION": "Metropolitana de Santiago", "PROVINCIA": "Maipo", "COMUNA": "Paine", "REGION_RES": "METROPOLITANA", "COD_CUEN": "057", "COD_SUBC": "0571", "COD_SSUBC": "05716", "NOM_CUEN": "Rio Maipo", "NOM_SUBC": "Rio Maipo Medio", "NOM_SSUBC": "Estero Angostura Entre Estero Paine (II) y Rio Maipo", "ALTITUD_MS": 0, "AREA_DRENA": 0.0, "NOM_ACUIF": "Rio Maipo", "SHAC": "Laguna de Aculeo", "UBICACIÓN": null, "OBSERVACIO": null, "LUGAR": "LAGO O EMBALSE", "INSTITUCIO": "DIRECCION GENERAL DE AGUAS", "TIPO_ESTAC": "*CALIDAD DE AGUA\n*LAGOS Y EMBALSES\n", "TIPO_EST_1": "CALIDAD DE AGUA\n", "TIPO_EST_2": "LAGOS Y EMBALSES\n", "TIPO_EST_3": null, "TIPO_EST_4": null, "FUENTE_00": null, "FUENTE_01": null, "FUENTE_02": null, "FUENTE_03": null, "FUENTE_04": null, "PARAMETROS": "*PARAMETROS FISICO-QUIMICO (VARIOS) | minimo: 0, maximo: 0\n", "INSTRUMENT": "*INSTRUMENTOS VARIOS DE LABORATORIO\n", "PROCESOS": null, "PERFIL_TOP": null, "LAGO_ASOCI": "Nombre: LAGUNA DE ACULEO | Altura: 350 |  Área Riego: 0 | Capacidad: 51.6 | Latitud: 33°50'00'' | Longitud: 70°55'00'' | Superficie: 12.1", "POZO": null, "LATITUD": -33.850403068, "LONGITUD": -70.917462755000003, "ESTE_8418": 0, "NORTE_8418": 0, "ESTE_8419": 322604, "NORTE_8419": 6252777, "ESTE_8412": 0, "NORTE_8412": 0, "HUSO_REAL": 19 }, "geometry": { "type": "Point", "coordinates": [ -70.917462754999974, -33.850403067999935 ] } },
{ "type": "Feature", "properties": { "OBJECTID": 1304, "COD_BNA": "05716010-1", "NOM_ESTACI": "LAGUNA DE ACULEO EN SECTOR DESAGUE", "FECHA_INST": "01/12/1988", "FECHA_LLEN": null, "FECHA_SUSP": null, "COD_REG": "13", "COD_PROV": "134", "COD_COM": "13404", "REGION": "Metropolitana de Santiago", "PROVINCIA": "Maipo", "COMUNA": "Paine", "REGION_RES": "METROPOLITANA", "COD_CUEN": "057", "COD_SUBC": "0571", "COD_SSUBC": "05716", "NOM_CUEN": "Rio Maipo", "NOM_SUBC": "Rio Maipo Medio", "NOM_SSUBC": "Estero Angostura Entre Estero Paine (II) y Rio Maipo", "ALTITUD_MS": 0, "AREA_DRENA": 0.0, "NOM_ACUIF": "Rio Maipo", "SHAC": "Laguna de Aculeo", "UBICACIÓN": null, "OBSERVACIO": null, "LUGAR": "LAGO O EMBALSE", "INSTITUCIO": "DIRECCION GENERAL DE AGUAS", "TIPO_ESTAC": "*CALIDAD DE AGUA\n*LAGOS Y EMBALSES\n", "TIPO_EST_1": "CALIDAD DE AGUA\n", "TIPO_EST_2": "LAGOS Y EMBALSES\n", "TIPO_EST_3": null, "TIPO_EST_4": null, "FUENTE_00": null, "FUENTE_01": null, "FUENTE_02": null, "FUENTE_03": null, "FUENTE_04": null, "PARAMETROS": "*PARAMETROS FISICO-QUIMICO (VARIOS) | minimo: 0, maximo: 0\n", "INSTRUMENT": "*INSTRUMENTOS VARIOS DE LABORATORIO\n", "PROCESOS": null, "PERFIL_TOP": null, "LAGO_ASOCI": "Nombre: LAGUNA DE ACULEO | Altura: 350 |  Área Riego: 0 | Capacidad: 51.6 | Latitud: 33°50'00'' | Longitud: 70°55'00'' | Superficie: 12.1", "POZO": null, "LATITUD": -33.851811593999997, "LONGITUD": -70.894020123999994, "ESTE_8418": 0, "NORTE_8418": 0, "ESTE_8419": 324776, "NORTE_8419": 6252661, "ESTE_8412": 0, "NORTE_8412": 0, "HUSO_REAL": 19 }, "geometry": { "type": "Point", "coordinates": [ -70.894020123999951, -33.851811593999969 ] } },
{ "type": "Feature", "properties": { "OBJECTID": 1305, "COD_BNA": "05716012-8", "NOM_ESTACI": "APR EL VINCULO", "FECHA_INST": "29/10/2015", "FECHA_LLEN": "31/07/2017", "FECHA_SUSP": null, "COD_REG": "13", "COD_PROV": "134", "COD_COM": "13404", "REGION": "Metropolitana de Santiago", "PROVINCIA": "Maipo", "COMUNA": "Paine", "REGION_RES": "METROPOLITANA", "COD_CUEN": "057", "COD_SUBC": "0571", "COD_SSUBC": "05716", "NOM_CUEN": "Rio Maipo", "NOM_SUBC": "Rio Maipo Medio", "NOM_SSUBC": "Estero Angostura Entre Estero Paine (II) y Rio Maipo", "ALTITUD_MS": 365, "AREA_DRENA": 0.0, "NOM_ACUIF": "Rio Maipo", "SHAC": "Laguna de Aculeo", "UBICACIÓN": null, "OBSERVACIO": null, "LUGAR": "POZO", "INSTITUCIO": "DIRECCION GENERAL DE AGUAS", "TIPO_ESTAC": "*CALIDAD DE AGUA\n", "TIPO_EST_1": "CALIDAD DE AGUA\n", "TIPO_EST_2": null, "TIPO_EST_3": null, "TIPO_EST_4": null, "FUENTE_00": null, "FUENTE_01": null, "FUENTE_02": null, "FUENTE_03": null, "FUENTE_04": null, "PARAMETROS": "*PARAMETROS FISICO-QUIMICO (VARIOS) | minimo: 0, maximo: 0\n", "INSTRUMENT": "*INSTRUMENTOS VARIOS DE LABORATORIO\n", "PROCESOS": null, "PERFIL_TOP": null, "LAGO_ASOCI": null, "POZO": null, "LATITUD": -33.876646716000003, "LONGITUD": -70.880374227999994, "ESTE_8418": 0, "NORTE_8418": 0, "ESTE_8419": 326089, "NORTE_8419": 6249930, "ESTE_8412": 0, "NORTE_8412": 0, "HUSO_REAL": 19 }, "geometry": { "type": "Point", "coordinates": [ -70.880374227999937, -33.876646715999982 ] } },
{ "type": "Feature", "properties": { "OBJECTID": 1306, "COD_BNA": "05716013-6", "NOM_ESTACI": "APR RANGUE LOS HORNOS", "FECHA_INST": "29/10/2015", "FECHA_LLEN": "31/07/2017", "FECHA_SUSP": null, "COD_REG": "13", "COD_PROV": "134", "COD_COM": "13404", "REGION": "Metropolitana de Santiago", "PROVINCIA": "Maipo", "COMUNA": "Paine", "REGION_RES": "METROPOLITANA", "COD_CUEN": "057", "COD_SUBC": "0571", "COD_SSUBC": "05716", "NOM_CUEN": "Rio Maipo", "NOM_SUBC": "Rio Maipo Medio", "NOM_SSUBC": "Estero Angostura Entre Estero Paine (II) y Rio Maipo", "ALTITUD_MS": 361, "AREA_DRENA": 0.0, "NOM_ACUIF": "Rio Maipo", "SHAC": "Laguna de Aculeo", "UBICACIÓN": null, "OBSERVACIO": null, "LUGAR": "POZO", "INSTITUCIO": "DIRECCION GENERAL DE AGUAS", "TIPO_ESTAC": "*CALIDAD DE AGUA\n", "TIPO_EST_1": "CALIDAD DE AGUA\n", "TIPO_EST_2": null, "TIPO_EST_3": null, "TIPO_EST_4": null, "FUENTE_00": null, "FUENTE_01": null, "FUENTE_02": null, "FUENTE_03": null, "FUENTE_04": null, "PARAMETROS": "*PARAMETROS FISICO-QUIMICO (VARIOS) | minimo: 0, maximo: 0\n", "INSTRUMENT": "*INSTRUMENTOS VARIOS DE LABORATORIO\n", "PROCESOS": null, "PERFIL_TOP": null, "LAGO_ASOCI": null, "POZO": null, "LATITUD": -33.840530203, "LONGITUD": -70.94787748, "ESTE_8418": 0, "NORTE_8418": 0, "ESTE_8419": 319769, "NORTE_8419": 6253819, "ESTE_8412": 0, "NORTE_8412": 0, "HUSO_REAL": 19 }, "geometry": { "type": "Point", "coordinates": [ -70.947877479999988, -33.840530202999958 ] } },
{ "type": "Feature", "properties": { "OBJECTID": 1307, "COD_BNA": "05716014-4", "NOM_ESTACI": "POZO LAGUNA ACULEO", "FECHA_INST": "01/05/2018", "FECHA_LLEN": "15/05/2018", "FECHA_SUSP": null, "COD_REG": "13", "COD_PROV": "134", "COD_COM": "13404", "REGION": "Metropolitana de Santiago", "PROVINCIA": "Maipo", "COMUNA": "Paine", "REGION_RES": "METROPOLITANA", "COD_CUEN": "057", "COD_SUBC": "0571", "COD_SSUBC": "05716", "NOM_CUEN": "Rio Maipo", "NOM_SUBC": "Rio Maipo Medio", "NOM_SSUBC": "Estero Angostura Entre Estero Paine (II) y Rio Maipo", "ALTITUD_MS": 350, "AREA_DRENA": 0.0, "NOM_ACUIF": "Rio Maipo", "SHAC": "Laguna de Aculeo", "UBICACIÓN": null, "OBSERVACIO": null, "LUGAR": "POZO", "INSTITUCIO": "DIRECCION GENERAL DE AGUAS", "TIPO_ESTAC": "*CONTROL DE NIVEL\n", "TIPO_EST_1": "CONTROL DE NIVEL\n", "TIPO_EST_2": null, "TIPO_EST_3": null, "TIPO_EST_4": null, "FUENTE_00": null, "FUENTE_01": null, "FUENTE_02": null, "FUENTE_03": null, "FUENTE_04": null, "PARAMETROS": "*PROFUNDIDAD (POZO) (m) | minimo: 0, maximo: 0\n", "INSTRUMENT": "*Sensor de nivel aguas subterráneas\n*POZOMETRO\n", "PROCESOS": null, "PERFIL_TOP": null, "LAGO_ASOCI": null, "POZO": null, "LATITUD": -33.843582335000001, "LONGITUD": -70.90898929, "ESTE_8418": 0, "NORTE_8418": 0, "ESTE_8419": 323374, "NORTE_8419": 6253548, "ESTE_8412": 0, "NORTE_8412": 0, "HUSO_REAL": 19 }, "geometry": { "type": "Point", "coordinates": [ -70.908989289999965, -33.843582334999951 ] } },
{ "type": "Feature", "properties": { "OBJECTID": 1308, "COD_BNA": "05716024-1", "NOM_ESTACI": "POZO ESCUELA CARMEN REVECO", "FECHA_INST": "03/10/2022", "FECHA_LLEN": "03/10/2022", "FECHA_SUSP": null, "COD_REG": "13", "COD_PROV": "134", "COD_COM": "13404", "REGION": "Metropolitana de Santiago", "PROVINCIA": "Maipo", "COMUNA": "Paine", "REGION_RES": "METROPOLITANA", "COD_CUEN": "057", "COD_SUBC": "0571", "COD_SSUBC": "05716", "NOM_CUEN": "Rio Maipo", "NOM_SUBC": "Rio Maipo Medio", "NOM_SSUBC": "Estero Angostura Entre Estero Paine (II) y Rio Maipo", "ALTITUD_MS": 367, "AREA_DRENA": 0.0, "NOM_ACUIF": "Rio Maipo", "SHAC": "Laguna de Aculeo", "UBICACIÓN": null, "OBSERVACIO": "*Medición de equipo que transmite no está contando el antepozo\n", "LUGAR": null, "INSTITUCIO": "DIRECCION GENERAL DE AGUAS", "TIPO_ESTAC": "*CONTROL DE NIVEL\n", "TIPO_EST_1": "CONTROL DE NIVEL\n", "TIPO_EST_2": null, "TIPO_EST_3": null, "TIPO_EST_4": null, "FUENTE_00": "*FOR\n*GPR\n", "FUENTE_01": "FOR\n", "FUENTE_02": "GPR\n", "FUENTE_03": null, "FUENTE_04": null, "PARAMETROS": "*PROFUNDIDAD (POZO) (m) | minimo: 0, maximo: 0\n*PROFUNDIDAD (POZO) (m) | minimo: 0, maximo: 0\n", "INSTRUMENT": "*POZOMETRO\n", "PROCESOS": null, "PERFIL_TOP": null, "LAGO_ASOCI": null, "POZO": null, "LATITUD": -33.883340386, "LONGITUD": -70.886672931999996, "ESTE_8418": 0, "NORTE_8418": 0, "ESTE_8419": 325520, "NORTE_8419": 6249177, "ESTE_8412": 0, "NORTE_8412": 0, "HUSO_REAL": 19 }, "geometry": { "type": "Point", "coordinates": [ -70.886672931999954, -33.883340385999929 ] } },
{ "type": "Feature", "properties": { "OBJECTID": 1309, "COD_BNA": "05716025-K", "NOM_ESTACI": "ESTERO PINTUE EN PASARELA ANTES DE LAGUNA ACULEO", "FECHA_INST": "04/02/2025", "FECHA_LLEN": "11/02/2025", "FECHA_SUSP": null, "COD_REG": "13", "COD_PROV": "134", "COD_COM": "13404", "REGION": "Metropolitana de Santiago", "PROVINCIA": "Maipo", "COMUNA": "Paine", "REGION_RES": "METROPOLITANA", "COD_CUEN": "057", "COD_SUBC": "0571", "COD_SSUBC": "05716", "NOM_CUEN": "Rio Maipo", "NOM_SUBC": "Rio Maipo Medio", "NOM_SSUBC": "Estero Angostura Entre Estero Paine (II) y Rio Maipo", "ALTITUD_MS": 360, "AREA_DRENA": 0.0, "NOM_ACUIF": "Rio Maipo", "SHAC": "Laguna de Aculeo", "UBICACIÓN": null, "OBSERVACIO": null, "LUGAR": "CAUCE NATURAL", "INSTITUCIO": "DIRECCION GENERAL DE AGUAS", "TIPO_ESTAC": "*CALIDAD DE AGUA\n", "TIPO_EST_1": "CALIDAD DE AGUA\n", "TIPO_EST_2": null, "TIPO_EST_3": null, "TIPO_EST_4": null, "FUENTE_00": "*FOR\n", "FUENTE_01": "FOR\n", "FUENTE_02": null, "FUENTE_03": null, "FUENTE_04": null, "PARAMETROS": "*PARAMETROS FISICO-QUIMICO (VARIOS) | minimo: 0, maximo: 50000\n", "INSTRUMENT": null, "PROCESOS": null, "PERFIL_TOP": null, "LAGO_ASOCI": null, "POZO": null, "LATITUD": -33.862566725999997, "LONGITUD": -70.882718503999996, "ESTE_8418": 0, "NORTE_8418": 0, "ESTE_8419": 325844, "NORTE_8419": 6251487, "ESTE_8412": 0, "NORTE_8412": 0, "HUSO_REAL": 19 }, "geometry": { "type": "Point", "coordinates": [ -70.882718503999968, -33.862566725999955 ] } },
{ "type": "Feature", "properties": { "OBJECTID": 1310, "COD_BNA": "05716001-2", "NOM_ESTACI": "RIO ANGOSTURA EN VALDIVIA DE PAINE", "FECHA_INST": "01/01/1900", "FECHA_LLEN": "17/12/2020", "FECHA_SUSP": null, "COD_REG": "13", "COD_PROV": "134", "COD_COM": "13404", "REGION": "Metropolitana de Santiago", "PROVINCIA": "Maipo", "COMUNA": "Paine", "REGION_RES": "METROPOLITANA", "COD_CUEN": "057", "COD_SUBC": "0571", "COD_SSUBC": "05716", "NOM_CUEN": "Rio Maipo", "NOM_SUBC": "Rio Maipo Medio", "NOM_SSUBC": "Estero Angostura Entre Estero Paine (II) y Rio Maipo", "ALTITUD_MS": 342, "AREA_DRENA": 1394.0, "NOM_ACUIF": "Rio Maipo", "SHAC": "El Monte Nuevo", "UBICACIÓN": null, "OBSERVACIO": "*Aforo en crecida para curva de descarga.\n*Estación se encuentra con embanque.\n*Se deben corrigió altura en 20 cn.\n", "LUGAR": "CAUCE NATURAL", "INSTITUCIO": "DIRECCION GENERAL DE AGUAS", "TIPO_ESTAC": "*FLUVIOMETRICA\n*METEOROLOGICA\n*CALIDAD DE AGUA\n", "TIPO_EST_1": "FLUVIOMETRICA", "TIPO_EST_2": "METEOROLOGICA\n", "TIPO_EST_3": "CALIDAD DE AGUA\n", "TIPO_EST_4": null, "FUENTE_00": "*SAT\n*DTL\n", "FUENTE_01": "SAT\n", "FUENTE_02": "DTL\n", "FUENTE_03": null, "FUENTE_04": null, "PARAMETROS": "*ALTURA (m) | minimo: -2, maximo: 15\n*CAUDAL (m3/s) | minimo: 0, maximo: 10000\n*AFORO (m3/s) | minimo: 0, maximo: 10000\n*CURVA DE DESCARGA (M-M3/S) | minimo: 0, maximo: 10000\n*PRECIPITACION (mm) | minimo: 0, maximo: 100\n*TEMPERATURA HORARIA (ºc) | minim", "INSTRUMENT": "*LIMNIMETRO DE REGLA GRADUADA\n*LIMNIGRAFO DE FLOTADOR\n*MOLINETE TIPO 622\n*TERMOMETRO DE MAXIMA Y MINIMA\n*TERMOGRAFO\n*ESTACION AUTOMATICA M.R.I.\n*ESTACION AUTOMATICA M.R.I.\n*CALCULO EN OFICINA\n", "PROCESOS": "*PROCESO DE DATOS METEOROLÓGICOS | ALGUNAS FUENTES | SUSPENDIDO(17/05/2022)\n", "PERFIL_TOP": null, "LAGO_ASOCI": null, "POZO": null, "LATITUD": -33.811232173000001, "LONGITUD": -70.883532442000003, "ESTE_8418": 0, "NORTE_8418": 0, "ESTE_8419": 325664, "NORTE_8419": 6257179, "ESTE_8412": 0, "NORTE_8412": 0, "HUSO_REAL": 19 }, "geometry": { "type": "Point", "coordinates": [ -70.883532441999932, -33.811232172999951 ] } },
{ "type": "Feature", "properties": { "OBJECTID": 1329, "COD_BNA": "06040001-6", "NOM_ESTACI": "VILLA ALHUE", "FECHA_INST": "02/01/1979", "FECHA_LLEN": "13/12/2023", "FECHA_SUSP": null, "COD_REG": "13", "COD_PROV": "135", "COD_COM": "13502", "REGION": "Metropolitana de Santiago", "PROVINCIA": "Melipilla", "COMUNA": "Alhué", "REGION_RES": "DEL LIB.BDO.O'HIGGINS", "COD_CUEN": "060", "COD_SUBC": "0604", "COD_SSUBC": "06040", "NOM_CUEN": "Rio Rapel", "NOM_SUBC": "Estero Alhue", "NOM_SSUBC": "Estero Alhue hasta Estero de Piche", "ALTITUD_MS": 197, "AREA_DRENA": 0.0, "NOM_ACUIF": "Alhué", "SHAC": "Estero Alhue", "UBICACIÓN": null, "OBSERVACIO": "*Se ajustan coordenadas UTM a cobertura KMZ\n*Se entregan 5 hojas para registro de precipitaciones a observadora María Maulén. Comenta que aun no puede realizar mediciones porque la señora Blanca Cartagena no le permite el acceso. Se ingresa a estació", "LUGAR": "ZONA URBANA", "INSTITUCIO": "DIRECCION GENERAL DE AGUAS", "TIPO_ESTAC": "*METEOROLOGICA\n", "TIPO_EST_1": "METEOROLOGICA\n", "TIPO_EST_2": null, "TIPO_EST_3": null, "TIPO_EST_4": null, "FUENTE_00": "*DTL\n*GPR\n*FOR\n", "FUENTE_01": "DTL\n", "FUENTE_02": "GPR\n", "FUENTE_03": "FOR\n", "FUENTE_04": null, "PARAMETROS": "*PRECIPITACION (mm) | minimo: 0, maximo: 10\n", "INSTRUMENT": "*PLUVIOMETRO HELLMAN\n*ESTACION AUTOMATICA M.R.I.\n", "PROCESOS": "*PROCESO DE DATOS METEOROLÓGICOS | ALGUNAS FUENTES\n", "PERFIL_TOP": null, "LAGO_ASOCI": null, "POZO": null, "LATITUD": -34.035049221999998, "LONGITUD": -71.094074661999997, "ESTE_8418": 0, "NORTE_8418": 0, "ESTE_8419": 306680, "NORTE_8419": 6231980, "ESTE_8412": 0, "NORTE_8412": 0, "HUSO_REAL": 19 }, "geometry": { "type": "Point", "coordinates": [ -71.094074661999969, -34.035049221999941 ] } },
{ "type": "Feature", "properties": { "OBJECTID": 1353, "COD_BNA": "06041004-6", "NOM_ESTACI": "FUNDO SAN ALFONSO", "FECHA_INST": "01/02/1974", "FECHA_LLEN": null, "FECHA_SUSP": null, "COD_REG": "13", "COD_PROV": "135", "COD_COM": "13502", "REGION": "Metropolitana de Santiago", "PROVINCIA": "Melipilla", "COMUNA": "Alhué", "REGION_RES": "DEL LIB.BDO.O'HIGGINS", "COD_CUEN": "060", "COD_SUBC": "0604", "COD_SSUBC": "06043", "NOM_CUEN": "Rio Rapel", "NOM_SUBC": "Estero Alhue", "NOM_SSUBC": "Estero Alhue Entre Estero Caren y Estero Las Palmas (Embalse Rapel)", "ALTITUD_MS": 136, "AREA_DRENA": 0.0, "NOM_ACUIF": "Alhué", "SHAC": "Estero Alhue", "UBICACIÓN": null, "OBSERVACIO": null, "LUGAR": "POZO", "INSTITUCIO": "DIRECCION GENERAL DE AGUAS", "TIPO_ESTAC": "*CONTROL DE NIVEL\n", "TIPO_EST_1": "CONTROL DE NIVEL\n", "TIPO_EST_2": null, "TIPO_EST_3": null, "TIPO_EST_4": null, "FUENTE_00": null, "FUENTE_01": null, "FUENTE_02": null, "FUENTE_03": null, "FUENTE_04": null, "PARAMETROS": "*PROFUNDIDAD (POZO) (m) | minimo: 0, maximo: 0\n", "INSTRUMENT": "*POZOMETRO\n*POZOMETRO\n", "PROCESOS": null, "PERFIL_TOP": null, "LAGO_ASOCI": null, "POZO": null, "LATITUD": -34.064090829000001, "LONGITUD": -71.24721049, "ESTE_8418": 0, "NORTE_8418": 0, "ESTE_8419": 292611, "NORTE_8419": 6228459, "ESTE_8412": 0, "NORTE_8412": 0, "HUSO_REAL": 19 }, "geometry": { "type": "Point", "coordinates": [ -71.247210489999986, -34.064090828999952 ] } },
{ "type": "Feature", "properties": { "OBJECTID": 1354, "COD_BNA": "06042006-8", "NOM_ESTACI": "SAN VICENTE DE QUILAMUTA", "FECHA_INST": "01/10/2001", "FECHA_LLEN": "07/11/2001", "FECHA_SUSP": null, "COD_REG": "13", "COD_PROV": "135", "COD_COM": "13502", "REGION": "Metropolitana de Santiago", "PROVINCIA": "Melipilla", "COMUNA": "Alhué", "REGION_RES": "DEL LIB.BDO.O'HIGGINS", "COD_CUEN": "060", "COD_SUBC": "0604", "COD_SSUBC": "06043", "NOM_CUEN": "Rio Rapel", "NOM_SUBC": "Estero Alhue", "NOM_SSUBC": "Estero Alhue Entre Estero Caren y Estero Las Palmas (Embalse Rapel)", "ALTITUD_MS": 133, "AREA_DRENA": 0.0, "NOM_ACUIF": "Alhué", "SHAC": "Estero Alhue", "UBICACIÓN": "EN EL CENTRO DEL FUNDO", "OBSERVACIO": null, "LUGAR": "POZO", "INSTITUCIO": "DIRECCION GENERAL DE AGUAS", "TIPO_ESTAC": "*CONTROL DE NIVEL\n", "TIPO_EST_1": "CONTROL DE NIVEL\n", "TIPO_EST_2": null, "TIPO_EST_3": null, "TIPO_EST_4": null, "FUENTE_00": null, "FUENTE_01": null, "FUENTE_02": null, "FUENTE_03": null, "FUENTE_04": null, "PARAMETROS": "*PROFUNDIDAD (POZO) (m) | minimo: 0, maximo: 0\n", "INSTRUMENT": "*POZOMETRO\n", "PROCESOS": null, "PERFIL_TOP": null, "LAGO_ASOCI": null, "POZO": null, "LATITUD": -34.072079049000003, "LONGITUD": -71.26097564, "ESTE_8418": 0, "NORTE_8418": 0, "ESTE_8419": 291360, "NORTE_8419": 6227545, "ESTE_8412": 0, "NORTE_8412": 0, "HUSO_REAL": 19 }, "geometry": { "type": "Point", "coordinates": [ -71.26097563999997, -34.072079048999967 ] } },
{ "type": "Feature", "properties": { "OBJECTID": 1355, "COD_BNA": "06043006-3", "NOM_ESTACI": "ALHUE QUILAMUTA", "FECHA_INST": "02/01/2022", "FECHA_LLEN": "07/01/2022", "FECHA_SUSP": null, "COD_REG": "13", "COD_PROV": "135", "COD_COM": "13502", "REGION": "Metropolitana de Santiago", "PROVINCIA": "Melipilla", "COMUNA": "Alhué", "REGION_RES": "DEL LIB.BDO.O'HIGGINS", "COD_CUEN": "060", "COD_SUBC": "0604", "COD_SSUBC": "06043", "NOM_CUEN": "Rio Rapel", "NOM_SUBC": "Estero Alhue", "NOM_SSUBC": "Estero Alhue Entre Estero Caren y Estero Las Palmas (Embalse Rapel)", "ALTITUD_MS": 146, "AREA_DRENA": 160.0, "NOM_ACUIF": "Alhué", "SHAC": "Estero Alhue", "UBICACIÓN": "Interior recinto agrícola San Vicente de Quilamuta", "OBSERVACIO": "*Se ajustan coordenadas UTM a valores de cobertura KMZ\n*Se observa panel solar con exceso de polvo, se realiza limpieza. Se realiza limpieza de pluviómetro. Se realiza descarga de datalogger, totalidad de datos.\n*Se observa panel solar con exceso de pol", "LUGAR": "ZONA RURAL", "INSTITUCIO": "DIRECCION GENERAL DE AGUAS", "TIPO_ESTAC": "*METEOROLOGICA\n", "TIPO_EST_1": "METEOROLOGICA\n", "TIPO_EST_2": null, "TIPO_EST_3": null, "TIPO_EST_4": null, "FUENTE_00": "*DTL\n*SAT\n", "FUENTE_01": "DTL\n", "FUENTE_02": "SAT\n", "FUENTE_03": null, "FUENTE_04": null, "PARAMETROS": "*PRECIPITACION (mm) | minimo: 0, maximo: 100\n*TEMPERATURA MAXIMA (ºc) | minimo: -40, maximo: 40\n*TEMPERATURA MAXIMA (ºc) | minimo: -40, maximo: 40\n*HUMEDAD RELATIVA (%) | minimo: 0.01, maximo: 100\n*RADIACION SOLAR DIARIA (LANG/DIA) | minimo: 0.01, maxi", "INSTRUMENT": "*ESTACION AUTOMATICA M.R.I.\n", "PROCESOS": "*PROCESO DE DATOS METEOROLÓGICOS | ALGUNAS FUENTES\n", "PERFIL_TOP": null, "LAGO_ASOCI": null, "POZO": null, "LATITUD": -34.069767251000002, "LONGITUD": -71.261174218999997, "ESTE_8418": 0, "NORTE_8418": 0, "ESTE_8419": 291336, "NORTE_8419": 6227801, "ESTE_8412": 0, "NORTE_8412": 0, "HUSO_REAL": 19 }, "geometry": { "type": "Point", "coordinates": [ -71.26117421899994, -34.069767250999973 ] } },
{ "type": "Feature", "properties": { "OBJECTID": 1356, "COD_BNA": "06042004-1", "NOM_ESTACI": "BARRERA LONCHA", "FECHA_INST": "02/04/1984", "FECHA_LLEN": "05/11/2025", "FECHA_SUSP": null, "COD_REG": "13", "COD_PROV": "135", "COD_COM": "13502", "REGION": "Metropolitana de Santiago", "PROVINCIA": "Melipilla", "COMUNA": "Alhué", "REGION_RES": "DEL LIB.BDO.O'HIGGINS", "COD_CUEN": "060", "COD_SUBC": "0604", "COD_SSUBC": "06042", "NOM_CUEN": "Rio Rapel", "NOM_SUBC": "Estero Alhue", "NOM_SSUBC": "Estero Caren", "ALTITUD_MS": 144, "AREA_DRENA": 0.0, "NOM_ACUIF": "Alhué", "SHAC": "Estero Alhue", "UBICACIÓN": null, "OBSERVACIO": "*- Se modifican coordenadas UTM acorde a cobertura KMZ\n- Se carga fotografía estación\n*Se realiza limpieza de panel solar y pluviómetro. Se sugiere poda de árbol adyacente, es probable que interfiera en registro del pluviómetro. Se descarga datalogg", "LUGAR": "ZONA RURAL", "INSTITUCIO": "DIRECCION GENERAL DE AGUAS", "TIPO_ESTAC": "*METEOROLOGICA\n", "TIPO_EST_1": "METEOROLOGICA\n", "TIPO_EST_2": null, "TIPO_EST_3": null, "TIPO_EST_4": null, "FUENTE_00": "*SAT\n", "FUENTE_01": "SAT\n", "FUENTE_02": null, "FUENTE_03": null, "FUENTE_04": null, "PARAMETROS": "*PRECIPITACION (mm) | minimo: 0, maximo: 80\n", "INSTRUMENT": "*PLUVIOMETRO HELLMAN\n*PLUVIOMETRO HELLMAN\n*ESTACION AUTOMATICA M.R.I.\n*PLATAFORMA D.C.P.\n", "PROCESOS": "*PROCESO DE DATOS METEOROLÓGICOS | TODAS LAS FUENTES\n", "PERFIL_TOP": null, "LAGO_ASOCI": null, "POZO": null, "LATITUD": -34.078312732000001, "LONGITUD": -71.195174789000006, "ESTE_8418": 0, "NORTE_8418": 0, "ESTE_8419": 297448, "NORTE_8419": 6226986, "ESTE_8412": 0, "NORTE_8412": 0, "HUSO_REAL": 19 }, "geometry": { "type": "Point", "coordinates": [ -71.195174788999964, -34.078312731999972 ] } },
{ "type": "Feature", "properties": { "OBJECTID": 2684, "COD_BNA": "05706002-6", "NOM_ESTACI": "GLACIAR OLIVARES GAMMA", "FECHA_INST": "01/03/2014", "FECHA_LLEN": "03/02/2014", "FECHA_SUSP": null, "COD_REG": "13", "COD_PROV": "132", "COD_COM": "13203", "REGION": "Metropolitana de Santiago", "PROVINCIA": "Cordillera", "COMUNA": "San José de Maipo", "REGION_RES": "METROPOLITANA", "COD_CUEN": "057", "COD_SUBC": "0570", "COD_SSUBC": "05706", "NOM_CUEN": "Rio Maipo", "NOM_SUBC": "Rio Maipo Alto", "NOM_SSUBC": "Rio Olivares", "ALTITUD_MS": 3628, "AREA_DRENA": 0.0, "NOM_ACUIF": "Cuencas Altas Maipo", "SHAC": "Rio Olivares", "UBICACIÓN": null, "OBSERVACIO": null, "LUGAR": "ZONA RURAL", "INSTITUCIO": "DIRECCION GENERAL DE AGUAS", "TIPO_ESTAC": "RED HIDROMETRICA ALTA MONTAÑA", "TIPO_EST_1": "METEOROLOGICA FIJA", "TIPO_EST_2": null, "TIPO_EST_3": null, "TIPO_EST_4": null, "FUENTE_00": "*SAT\n", "FUENTE_01": "SAT\n", "FUENTE_02": null, "FUENTE_03": null, "FUENTE_04": null, "PARAMETROS": "*TEMPERATURA HORARIA (ºc) | minimo: -40, maximo: 40\n*TEMPERATURA MINIMA (ºc) | minimo: -40, maximo: 40\n*TEMPERATURA MAXIMA (ºc) | minimo: -40, maximo: 40\n*HUMEDAD RELATIVA (%) | minimo: 0.01, maximo: 100\n*VELOCIDAD DEL VIENTO (Km/hra) | minimo: 0.1, m", "INSTRUMENT": "*TERMOMETRO DE MAXIMA Y MINIMA\n*TERMOGRAFO\n*ESTACION AUTOMATICA M.R.I.\n*PLATAFORMA D.C.P.\n*OBSERVADOR\n", "PROCESOS": "*PROCESO DE DATOS METEOROLÓGICOS | TODAS LAS FUENTES\n", "PERFIL_TOP": null, "LAGO_ASOCI": null, "POZO": null, "LATITUD": -33.15638913, "LONGITUD": -70.152785812999994, "ESTE_8418": 0, "NORTE_8418": 0, "ESTE_8419": 392499, "NORTE_8419": 6330784, "ESTE_8412": 0, "NORTE_8412": 0, "HUSO_REAL": 19 }, "geometry": { "type": "Point", "coordinates": [ -70.15278581299998, -33.15638912999998 ] } },
{ "type": "Feature", "properties": { "OBJECTID": 2685, "COD_BNA": "05706003-4", "NOM_ESTACI": "VALLE RIO OLIVARES", "FECHA_INST": "01/03/2014", "FECHA_LLEN": "03/02/2014", "FECHA_SUSP": null, "COD_REG": "13", "COD_PROV": "132", "COD_COM": "13203", "REGION": "Metropolitana de Santiago", "PROVINCIA": "Cordillera", "COMUNA": "San José de Maipo", "REGION_RES": "METROPOLITANA", "COD_CUEN": "057", "COD_SUBC": "0570", "COD_SSUBC": "05706", "NOM_CUEN": "Rio Maipo", "NOM_SUBC": "Rio Maipo Alto", "NOM_SSUBC": "Rio Olivares", "ALTITUD_MS": 2786, "AREA_DRENA": 0.0, "NOM_ACUIF": "Cuencas Altas Maipo", "SHAC": "Rio Olivares", "UBICACIÓN": "Valle Olivares", "OBSERVACIO": null, "LUGAR": "ZONA RURAL", "INSTITUCIO": "DIRECCION GENERAL DE AGUAS", "TIPO_ESTAC": "RED HIDROMETRICA ALTA MONTAÑA", "TIPO_EST_1": "METEOROLOGICA FIJA", "TIPO_EST_2": null, "TIPO_EST_3": null, "TIPO_EST_4": null, "FUENTE_00": "*SAT\n", "FUENTE_01": "SAT\n", "FUENTE_02": null, "FUENTE_03": null, "FUENTE_04": null, "PARAMETROS": "*PRECIPITACION (mm) | minimo: 0, maximo: 100\n*TEMPERATURA HORARIA (ºc) | minimo: -40, maximo: 40\n*TEMPERATURA MINIMA (ºc) | minimo: -40, maximo: 40\n*TEMPERATURA MAXIMA (ºc) | minimo: -40, maximo: 40\n*HUMEDAD RELATIVA (%) | minimo: 0, maximo: 100\n*VELO", "INSTRUMENT": "*TERMOMETRO DE MAXIMA Y MINIMA\n*TERMOGRAFO\n*ESTACION AUTOMATICA M.R.I.\n*PLATAFORMA D.C.P.\n", "PROCESOS": "*PROCESO DE DATOS METEOROLÓGICOS | TODAS LAS FUENTES\n", "PERFIL_TOP": null, "LAGO_ASOCI": null, "POZO": null, "LATITUD": -33.190988468, "LONGITUD": -70.114052634000004, "ESTE_8418": 0, "NORTE_8418": 0, "ESTE_8419": 396152, "NORTE_8419": 6326987, "ESTE_8412": 0, "NORTE_8412": 0, "HUSO_REAL": 19 }, "geometry": { "type": "Point", "coordinates": [ -70.114052633999961, -33.190988467999944 ] } },
{ "type": "Feature", "properties": { "OBJECTID": 2686, "COD_BNA": "05706004-2", "NOM_ESTACI": "GLACIAR JUNCAL SUR", "FECHA_INST": "01/04/2018", "FECHA_LLEN": "08/05/2018", "FECHA_SUSP": null, "COD_REG": "13", "COD_PROV": "132", "COD_COM": "13203", "REGION": "Metropolitana de Santiago", "PROVINCIA": "Cordillera", "COMUNA": "San José de Maipo", "REGION_RES": "METROPOLITANA", "COD_CUEN": "057", "COD_SUBC": "0570", "COD_SSUBC": "05706", "NOM_CUEN": "Rio Maipo", "NOM_SUBC": "Rio Maipo Alto", "NOM_SSUBC": "Rio Olivares", "ALTITUD_MS": 4035, "AREA_DRENA": 0.0, "NOM_ACUIF": "Cuencas Altas Maipo", "SHAC": "Rio Olivares", "UBICACIÓN": "Ladera este glaciar Juncal", "OBSERVACIO": null, "LUGAR": "ZONA RURAL", "INSTITUCIO": "DIRECCION GENERAL DE AGUAS", "TIPO_ESTAC": "*METEOROLOGICA\n*NIEVES Y GLACIARES\n", "TIPO_EST_1": "METEOROLOGICA\n", "TIPO_EST_2": "NIEVES Y GLACIARES\n", "TIPO_EST_3": null, "TIPO_EST_4": null, "FUENTE_00": "*SAT\n", "FUENTE_01": "SAT\n", "FUENTE_02": null, "FUENTE_03": null, "FUENTE_04": null, "PARAMETROS": "*PRECIPITACION (mm) | minimo: 0, maximo: 100\n*TEMPERATURA HORARIA (ºc) | minimo: -40, maximo: 40\n*TEMPERATURA MINIMA (ºc) | minimo: -40, maximo: 40\n*TEMPERATURA MAXIMA (ºc) | minimo: -40, maximo: 40\n*HUMEDAD RELATIVA (%) | minimo: 0.01, maximo: 100\n*0", "INSTRUMENT": "*PLUVIOMETRO HELLMAN | SUSPENDIDO(19/10/2021)\n*TERMOMETRO DE MAXIMA Y MINIMA | SUSPENDIDO(19/10/2021)\n*TERMOGRAFO | SUSPENDIDO(19/10/2021)\n*ANEMOMETRO Y VELETA | SUSPENDIDO(19/10/2021)\n*ESTACION AUTOMATICA M.R.I. | SUSPENDIDO(19/10/2021)\n*PLATAFORMA D.C.", "PROCESOS": "*PROCESO DE DATOS METEOROLÓGICOS | TODAS LAS FUENTES\n", "PERFIL_TOP": null, "LAGO_ASOCI": null, "POZO": null, "LATITUD": -33.117616572000003, "LONGITUD": -70.111871308999994, "ESTE_8418": 0, "NORTE_8418": 0, "ESTE_8419": 396269, "NORTE_8419": 6335124, "ESTE_8412": 0, "NORTE_8412": 0, "HUSO_REAL": 19 }, "geometry": { "type": "Point", "coordinates": [ -70.11187130899998, -33.117616571999974 ] } },
{ "type": "Feature", "properties": { "OBJECTID": 2687, "COD_BNA": "05706005-0", "NOM_ESTACI": "GLACIAR OLIVARES ALFA", "FECHA_INST": "01/04/2018", "FECHA_LLEN": "08/05/2018", "FECHA_SUSP": null, "COD_REG": "13", "COD_PROV": "132", "COD_COM": "13203", "REGION": "Metropolitana de Santiago", "PROVINCIA": "Cordillera", "COMUNA": "San José de Maipo", "REGION_RES": "METROPOLITANA", "COD_CUEN": "057", "COD_SUBC": "0570", "COD_SSUBC": "05706", "NOM_CUEN": "Rio Maipo", "NOM_SUBC": "Rio Maipo Alto", "NOM_SSUBC": "Rio Olivares", "ALTITUD_MS": 4230, "AREA_DRENA": 0.0, "NOM_ACUIF": "Cuencas Altas Maipo", "SHAC": "Rio Olivares", "UBICACIÓN": null, "OBSERVACIO": null, "LUGAR": "ZONA RURAL", "INSTITUCIO": "DIRECCION GENERAL DE AGUAS", "TIPO_ESTAC": "RED HIDROMETRICA ALTA MONTAÑA", "TIPO_EST_1": "METEOROLOGICA FIJA", "TIPO_EST_2": null, "TIPO_EST_3": null, "TIPO_EST_4": null, "FUENTE_00": "*SAT\n", "FUENTE_01": "SAT\n", "FUENTE_02": null, "FUENTE_03": null, "FUENTE_04": null, "PARAMETROS": "*PRECIPITACION (mm) | minimo: 0, maximo: 100\n*TEMPERATURA HORARIA (ºc) | minimo: -40, maximo: 40\n*TEMPERATURA MINIMA (ºc) | minimo: -40, maximo: 40\n*TEMPERATURA MAXIMA (ºc) | minimo: -40, maximo: 40\n*HUMEDAD RELATIVA (%) | minimo: 0.01, maximo: 100\n*0", "INSTRUMENT": "*PLUVIOMETRO HELLMAN\n*TERMOMETRO DE MAXIMA Y MINIMA\n*TERMOGRAFO\n*PSICROMETRO VENTILACION NATURAL\n*ESTACION AUTOMATICA M.R.I.\n*PLATAFORMA D.C.P.\n", "PROCESOS": "*PROCESO DE DATOS METEOROLÓGICOS | TODAS LAS FUENTES\n", "PERFIL_TOP": null, "LAGO_ASOCI": null, "POZO": null, "LATITUD": -33.178712745, "LONGITUD": -70.218075028000001, "ESTE_8418": 0, "NORTE_8418": 0, "ESTE_8419": 386439, "NORTE_8419": 6328240, "ESTE_8412": 0, "NORTE_8412": 0, "HUSO_REAL": 19 }, "geometry": { "type": "Point", "coordinates": [ -70.218075027999987, -33.178712744999984 ] } },
{ "type": "Feature", "properties": { "OBJECTID": 2688, "COD_BNA": "05720005-7", "NOM_ESTACI": "Farellones", "FECHA_INST": "30/10/2023", "FECHA_LLEN": "03/11/2023", "FECHA_SUSP": null, "COD_REG": "13", "COD_PROV": "131", "COD_COM": "13115", "REGION": "Metropolitana de Santiago", "PROVINCIA": "Santiago", "COMUNA": "Lo Barnechea", "REGION_RES": "METROPOLITANA", "COD_CUEN": "057", "COD_SUBC": "0572", "COD_SSUBC": "05721", "NOM_CUEN": "Rio Maipo", "NOM_SUBC": "R.  Mapocho Alto", "NOM_SSUBC": "Rio San Francisco", "ALTITUD_MS": 2452, "AREA_DRENA": 0.0, "NOM_ACUIF": "Cuencas Altas Maipo", "SHAC": "Rio San Francisco", "UBICACIÓN": "La estación se encuentra ubicada en las cisternas situadas en el pueblo de Farellones.", "OBSERVACIO": null, "LUGAR": "ZONA URBANA", "INSTITUCIO": "DIRECCION GENERAL DE AGUAS", "TIPO_ESTAC": "*METEOROLOGICA\n", "TIPO_EST_1": "METEOROLOGICA\n", "TIPO_EST_2": null, "TIPO_EST_3": null, "TIPO_EST_4": null, "FUENTE_00": "*GPR\n", "FUENTE_01": "GPR\n", "FUENTE_02": null, "FUENTE_03": null, "FUENTE_04": null, "PARAMETROS": "*PRECIPITACION (mm) | minimo: 0, maximo: 100\n*TEMPERATURA HORARIA (ºc) | minimo: -40, maximo: 40\n*TEMPERATURA HORARIA (ºc) | minimo: -40, maximo: 40\n*HUMEDAD RELATIVA (%) | minimo: 0.01, maximo: 100\n*RADIACION SOLAR HORARIA (WATT/M2) | minimo: 0.1, max", "INSTRUMENT": "*ESTACION AUTOMATICA M.R.I.\n*PLATAFORMA D.C.P.\n", "PROCESOS": null, "PERFIL_TOP": null, "LAGO_ASOCI": null, "POZO": null, "LATITUD": -33.35167326, "LONGITUD": -70.312781306000005, "ESTE_8418": 0, "NORTE_8418": 0, "ESTE_8419": 377850, "NORTE_8419": 6308956, "ESTE_8412": 0, "NORTE_8412": 0, "HUSO_REAL": 19 }, "geometry": { "type": "Point", "coordinates": [ -70.312781305999977, -33.351673259999984 ] } },
{ "type": "Feature", "properties": { "OBJECTID": 2689, "COD_BNA": "05721001-K", "NOM_ESTACI": "ESTERO YERBA LOCA ANTES JUNTA SAN FRANCISCO", "FECHA_INST": "01/09/1974", "FECHA_LLEN": "17/12/2020", "FECHA_SUSP": null, "COD_REG": "13", "COD_PROV": "131", "COD_COM": "13115", "REGION": "Metropolitana de Santiago", "PROVINCIA": "Santiago", "COMUNA": "Lo Barnechea", "REGION_RES": "METROPOLITANA", "COD_CUEN": "057", "COD_SUBC": "0572", "COD_SSUBC": "05721", "NOM_CUEN": "Rio Maipo", "NOM_SUBC": "R.  Mapocho Alto", "NOM_SSUBC": "Rio San Francisco", "ALTITUD_MS": 1350, "AREA_DRENA": 0.0, "NOM_ACUIF": "Cuencas Altas Maipo", "SHAC": "Rio San Francisco", "UBICACIÓN": null, "OBSERVACIO": "*Se limpió pluviómetro, sensor T-H y panel solar\n*Estación funcionando boen\n*Sin informacion limnimetrica hasta el 31.10.95.\n", "LUGAR": "CAUCE NATURAL", "INSTITUCIO": "DIRECCION GENERAL DE AGUAS", "TIPO_ESTAC": "*FLUVIOMETRICA\n*METEOROLOGICA\n*CALIDAD DE AGUA\n", "TIPO_EST_1": "FLUVIOMETRICA", "TIPO_EST_2": "METEOROLOGICA\n", "TIPO_EST_3": "CALIDAD DE AGUA\n", "TIPO_EST_4": null, "FUENTE_00": "*SAT\n*DTL\n", "FUENTE_01": "SAT\n", "FUENTE_02": "DTL\n", "FUENTE_03": null, "FUENTE_04": null, "PARAMETROS": "*ALTURA (m) | minimo: -2, maximo: 15\n*CAUDAL (m3/s) | minimo: 0, maximo: 10000\n*AFORO (m3/s) | minimo: 0, maximo: 10000\n*CURVA DE DESCARGA (M-M3/S) | minimo: 0, maximo: 10000\n*PRECIPITACION (mm) | minimo: 0, maximo: 100\n*TEMPERATURA HORARIA (ºc) | minim", "INSTRUMENT": "*LIMNIMETRO DE REGLA GRADUADA\n*MOLINETE TIPO 622\n*TERMOMETRO DE MAXIMA Y MINIMA\n*TERMOGRAFO\n*ESTACION AUTOMATICA M.R.I.\n", "PROCESOS": "*PROCESO DE DATOS METEOROLÓGICOS | ALGUNAS FUENTES | SUSPENDIDO(17/05/2022)\n*PROCESO DE DATOS FLUVIOMÉTRICOS | ALGUNAS FUENTES\n", "PERFIL_TOP": null, "LAGO_ASOCI": null, "POZO": null, "LATITUD": -33.344510133, "LONGITUD": -70.364016332999995, "ESTE_8418": 0, "NORTE_8418": 0, "ESTE_8419": 373072, "NORTE_8419": 6309689, "ESTE_8412": 0, "NORTE_8412": 0, "HUSO_REAL": 19 }, "geometry": { "type": "Point", "coordinates": [ -70.364016332999938, -33.344510132999972 ] } },
{ "type": "Feature", "properties": { "OBJECTID": 2690, "COD_BNA": "05721002-8", "NOM_ESTACI": "RIO SAN FRANCISCO ANTES ESTERO YERBA LOCA", "FECHA_INST": "01/09/1974", "FECHA_LLEN": null, "FECHA_SUSP": null, "COD_REG": "13", "COD_PROV": "131", "COD_COM": "13115", "REGION": "Metropolitana de Santiago", "PROVINCIA": "Santiago", "COMUNA": "Lo Barnechea", "REGION_RES": "METROPOLITANA", "COD_CUEN": "057", "COD_SUBC": "0572", "COD_SSUBC": "05721", "NOM_CUEN": "Rio Maipo", "NOM_SUBC": "R.  Mapocho Alto", "NOM_SSUBC": "Rio San Francisco", "ALTITUD_MS": 1340, "AREA_DRENA": 168.0, "NOM_ACUIF": "Cuencas Altas Maipo", "SHAC": "Rio San Francisco", "UBICACIÓN": null, "OBSERVACIO": "*Estación funcionado bien\n", "LUGAR": "CAUCE NATURAL", "INSTITUCIO": "DIRECCION GENERAL DE AGUAS", "TIPO_ESTAC": "*CALIDAD DE AGUA\n", "TIPO_EST_1": "CALIDAD DE AGUA\n", "TIPO_EST_2": null, "TIPO_EST_3": null, "TIPO_EST_4": null, "FUENTE_00": null, "FUENTE_01": null, "FUENTE_02": null, "FUENTE_03": null, "FUENTE_04": null, "PARAMETROS": "*ALTURA (m) | minimo: -2, maximo: 15 | SUSPENDIDO(01/09/1974) \n*CAUDAL (m3/s) | minimo: 0, maximo: 10000 | SUSPENDIDO(01/09/1974) \n*AFORO (m3/s) | minimo: 0, maximo: 10000 | SUSPENDIDO(01/09/1974) \n*CURVA DE DESCARGA (M-M3/S) | minimo: 0, maximo: 10000 |", "INSTRUMENT": "*LIMNIMETRO DE REGLA GRADUADA | SUSPENDIDO(01/09/1974)\n*MOLINETE TIPO 622 | SUSPENDIDO(01/09/1974)\n*CALCULO EN OFICINA | SUSPENDIDO(01/09/1974)\n", "PROCESOS": null, "PERFIL_TOP": null, "LAGO_ASOCI": null, "POZO": null, "LATITUD": -33.340860007000003, "LONGITUD": -70.363787496, "ESTE_8418": 0, "NORTE_8418": 0, "ESTE_8419": 373088, "NORTE_8419": 6310094, "ESTE_8412": 0, "NORTE_8412": 0, "HUSO_REAL": 19 }, "geometry": { "type": "Point", "coordinates": [ -70.363787495999986, -33.340860006999947 ] } },
{ "type": "Feature", "properties": { "OBJECTID": 2691, "COD_BNA": "05721016-8", "NOM_ESTACI": "RIO SAN FRANCISCO ANTES JUNTA ESTERO YERBA LOCA", "FECHA_INST": "01/05/2009", "FECHA_LLEN": "19/05/2009", "FECHA_SUSP": null, "COD_REG": "13", "COD_PROV": "131", "COD_COM": "13115", "REGION": "Metropolitana de Santiago", "PROVINCIA": "Santiago", "COMUNA": "Lo Barnechea", "REGION_RES": "METROPOLITANA", "COD_CUEN": "057", "COD_SUBC": "0572", "COD_SSUBC": "05721", "NOM_CUEN": "Rio Maipo", "NOM_SUBC": "R.  Mapocho Alto", "NOM_SSUBC": "Rio San Francisco", "ALTITUD_MS": 1535, "AREA_DRENA": 298.0, "NOM_ACUIF": "Cuencas Altas Maipo", "SHAC": "Rio San Francisco", "UBICACIÓN": null, "OBSERVACIO": "*Se realiza aforo con el objeto de verificar curva de descarga la cual esta mandando alerta roja.\n", "LUGAR": "CAUCE NATURAL", "INSTITUCIO": "DIRECCION GENERAL DE AGUAS", "TIPO_ESTAC": "*FLUVIOMETRICA\n*METEOROLOGICA\n*CALIDAD DE AGUA\n", "TIPO_EST_1": "FLUVIOMETRICA", "TIPO_EST_2": "METEOROLOGICA\n", "TIPO_EST_3": "CALIDAD DE AGUA\n", "TIPO_EST_4": null, "FUENTE_00": "*SAT\n*DTL\n", "FUENTE_01": "SAT\n", "FUENTE_02": "DTL\n", "FUENTE_03": null, "FUENTE_04": null, "PARAMETROS": "*ALTURA (m) | minimo: -2, maximo: 15\n*CAUDAL (m3/s) | minimo: 0, maximo: 10000\n*AFORO (m3/s) | minimo: 0, maximo: 10000\n*CURVA DE DESCARGA (M-M3/S) | minimo: 0, maximo: 10000\n*PRECIPITACION (mm) | minimo: 0, maximo: 100\n*TEMPERATURA HORARIA (ºc) | minim", "INSTRUMENT": "*LIMNIMETRO DE REGLA GRADUADA | SUSPENDIDO(24/02/2021)\n*TERMOMETRO DE MAXIMA Y MINIMA | SUSPENDIDO(24/02/2021)\n*HIGROTERMOGRAFO | SUSPENDIDO(24/02/2021)\n*ESTACION AUTOMATICA M.R.I. | SUSPENDIDO(24/02/2021)\n*PLATAFORMA D.C.P. | SUSPENDIDO(24/02/2021)\n*CAL", "PROCESOS": "*PROCESO DE DATOS METEOROLÓGICOS | ALGUNAS FUENTES | SUSPENDIDO(17/05/2022)\n*PROCESO DE DATOS FLUVIOMÉTRICOS | ALGUNAS FUENTES\n", "PERFIL_TOP": null, "LAGO_ASOCI": null, "POZO": null, "LATITUD": -33.308624906, "LONGITUD": -70.357345507000005, "ESTE_8418": 0, "NORTE_8418": 0, "ESTE_8419": 373641, "NORTE_8419": 6313676, "ESTE_8412": 0, "NORTE_8412": 0, "HUSO_REAL": 19 }, "geometry": { "type": "Point", "coordinates": [ -70.357345506999934, -33.308624905999977 ] } },
{ "type": "Feature", "properties": { "OBJECTID": 2692, "COD_BNA": "05721017-6", "NOM_ESTACI": "ESTERO YERBA LOCA EN PIEDRA CARVAJAL", "FECHA_INST": "21/04/2011", "FECHA_LLEN": "03/03/2011", "FECHA_SUSP": null, "COD_REG": "13", "COD_PROV": "131", "COD_COM": "13115", "REGION": "Metropolitana de Santiago", "PROVINCIA": "Santiago", "COMUNA": "Lo Barnechea", "REGION_RES": "METROPOLITANA", "COD_CUEN": "057", "COD_SUBC": "0572", "COD_SSUBC": "05721", "NOM_CUEN": "Rio Maipo", "NOM_SUBC": "R.  Mapocho Alto", "NOM_SSUBC": "Rio San Francisco", "ALTITUD_MS": 3253, "AREA_DRENA": 16.0, "NOM_ACUIF": "Cuencas Altas Maipo", "SHAC": "Rio San Francisco", "UBICACIÓN": "Ribera del estero de la Yerba Loca", "OBSERVACIO": null, "LUGAR": "CAUCE NATURAL", "INSTITUCIO": "DIRECCION GENERAL DE AGUAS", "TIPO_ESTAC": "RED HIDROMETRICA ALTA MONTAÑA", "TIPO_EST_1": "METEOROLOGICA FIJA", "TIPO_EST_2": null, "TIPO_EST_3": null, "TIPO_EST_4": null, "FUENTE_00": "*SAT\n", "FUENTE_01": "SAT\n", "FUENTE_02": null, "FUENTE_03": null, "FUENTE_04": null, "PARAMETROS": "*ALTURA (m) | minimo: -2, maximo: 15\n*PRECIPITACION (mm) | minimo: 0, maximo: 100\n*TEMPERATURA HORARIA (ºc) | minimo: -40, maximo: 40\n*TEMPERATURA MINIMA (ºc) | minimo: -40, maximo: 40\n*TEMPERATURA MAXIMA (ºc) | minimo: -40, maximo: 40\n*RADIACION SOLA", "INSTRUMENT": "*TERMOMETRO DE MAXIMA Y MINIMA\n*HIGROTERMOGRAFO\n*ACTINOGRAFO\n*ESTACION AUTOMATICA M.R.I.\n", "PROCESOS": "*PROCESO DE DATOS METEOROLÓGICOS | TODAS LAS FUENTES\n", "PERFIL_TOP": null, "LAGO_ASOCI": null, "POZO": null, "LATITUD": -33.221724014000003, "LONGITUD": -70.274062815999997, "ESTE_8418": 0, "NORTE_8418": 0, "ESTE_8419": 381277, "NORTE_8419": 6323409, "ESTE_8412": 0, "NORTE_8412": 0, "HUSO_REAL": 19 }, "geometry": { "type": "Point", "coordinates": [ -70.274062815999969, -33.22172401399996 ] } },
{ "type": "Feature", "properties": { "OBJECTID": 2693, "COD_BNA": "05721018-4", "NOM_ESTACI": "ESTERO MANZANITO EN PUENTE MANZANITO", "FECHA_INST": "22/01/2018", "FECHA_LLEN": "22/01/2018", "FECHA_SUSP": null, "COD_REG": "13", "COD_PROV": "131", "COD_COM": "13115", "REGION": "Metropolitana de Santiago", "PROVINCIA": "Santiago", "COMUNA": "Lo Barnechea", "REGION_RES": "METROPOLITANA", "COD_CUEN": "057", "COD_SUBC": "0572", "COD_SSUBC": "05721", "NOM_CUEN": "Rio Maipo", "NOM_SUBC": "R.  Mapocho Alto", "NOM_SSUBC": "Rio San Francisco", "ALTITUD_MS": 1830, "AREA_DRENA": 0.0, "NOM_ACUIF": "Cuencas Altas Maipo", "SHAC": "Rio San Francisco", "UBICACIÓN": null, "OBSERVACIO": null, "LUGAR": "CAUCE NATURAL", "INSTITUCIO": "DIRECCION GENERAL DE AGUAS", "TIPO_ESTAC": "*CALIDAD DE AGUA\n", "TIPO_EST_1": "CALIDAD DE AGUA\n", "TIPO_EST_2": null, "TIPO_EST_3": null, "TIPO_EST_4": null, "FUENTE_00": null, "FUENTE_01": null, "FUENTE_02": null, "FUENTE_03": null, "FUENTE_04": null, "PARAMETROS": "*PARAMETROS FISICO-QUIMICO (VARIOS) | minimo: 0, maximo: 0\n", "INSTRUMENT": "*INSTRUMENTOS VARIOS DE LABORATORIO\n", "PROCESOS": null, "PERFIL_TOP": null, "LAGO_ASOCI": null, "POZO": null, "LATITUD": -33.347634784999997, "LONGITUD": -70.330387153999993, "ESTE_8418": 0, "NORTE_8418": 0, "ESTE_8419": 376206, "NORTE_8419": 6309383, "ESTE_8412": 0, "NORTE_8412": 0, "HUSO_REAL": 19 }, "geometry": { "type": "Point", "coordinates": [ -70.330387153999936, -33.347634784999968 ] } },
{ "type": "Feature", "properties": { "OBJECTID": 2694, "COD_BNA": "05721019-2", "NOM_ESTACI": "LA PARVA", "FECHA_INST": "01/06/2021", "FECHA_LLEN": "13/07/2021", "FECHA_SUSP": null, "COD_REG": "13", "COD_PROV": "131", "COD_COM": "13115", "REGION": "Metropolitana de Santiago", "PROVINCIA": "Santiago", "COMUNA": "Lo Barnechea", "REGION_RES": "METROPOLITANA", "COD_CUEN": "057", "COD_SUBC": "0572", "COD_SSUBC": "05721", "NOM_CUEN": "Rio Maipo", "NOM_SUBC": "R.  Mapocho Alto", "NOM_SSUBC": "Rio San Francisco", "ALTITUD_MS": 2703, "AREA_DRENA": 298.0, "NOM_ACUIF": "Cuencas Altas Maipo", "SHAC": "Rio San Francisco", "UBICACIÓN": null, "OBSERVACIO": null, "LUGAR": "OTRO", "INSTITUCIO": "DIRECCION GENERAL DE AGUAS", "TIPO_ESTAC": "RED HIDROMETRICA ALTA MONTAÑA", "TIPO_EST_1": "METEOROLOGICA FIJA", "TIPO_EST_2": null, "TIPO_EST_3": null, "TIPO_EST_4": null, "FUENTE_00": "*SAT\n", "FUENTE_01": "SAT\n", "FUENTE_02": null, "FUENTE_03": null, "FUENTE_04": null, "PARAMETROS": "*PRECIPITACION (mm) | minimo: 0, maximo: 100\n*PRECIPITACION (mm) | minimo: 0, maximo: 100\n*TEMPERATURA MINIMA (ºc) | minimo: -40, maximo: 40\n*TEMPERATURA MAXIMA (ºc) | minimo: -40, maximo: 40\n*TEMPERATURA MAXIMA (ºc) | minimo: -40, maximo: 40\n*HUMEDAD", "INSTRUMENT": null, "PROCESOS": "*PROCESO DE DATOS METEOROLÓGICOS | ALGUNAS FUENTES\n", "PERFIL_TOP": null, "LAGO_ASOCI": null, "POZO": null, "LATITUD": -33.330524025000003, "LONGITUD": -70.297315, "ESTE_8418": 0, "NORTE_8418": 0, "ESTE_8419": 379260, "NORTE_8419": 6311319, "ESTE_8412": 0, "NORTE_8412": 0, "HUSO_REAL": 19 }, "geometry": { "type": "Point", "coordinates": [ -70.297315, -33.330524024999931 ] } },
{ "type": "Feature", "properties": { "OBJECTID": 2695, "COD_BNA": "05722001-5", "NOM_ESTACI": "ESTERO ARRAYAN EN LA MONTOSA", "FECHA_INST": "02/08/1980", "FECHA_LLEN": "18/12/2020", "FECHA_SUSP": null, "COD_REG": "13", "COD_PROV": "131", "COD_COM": "13115", "REGION": "Metropolitana de Santiago", "PROVINCIA": "Santiago", "COMUNA": "Lo Barnechea", "REGION_RES": "METROPOLITANA", "COD_CUEN": "057", "COD_SUBC": "0572", "COD_SSUBC": "05722", "NOM_CUEN": "Rio Maipo", "NOM_SUBC": "R.  Mapocho Alto", "NOM_SSUBC": "Rio Mapocho Entre Rio San Francisco y Bajo Junta Estero Arrayan", "ALTITUD_MS": 880, "AREA_DRENA": 219.0, "NOM_ACUIF": "Cuencas Altas Maipo", "SHAC": "Estero Arrayan", "UBICACIÓN": null, "OBSERVACIO": "*Cámara esta con embanque, se programará limpieza\n*Estación funcionando bien\n*Sin registros Lg. hasta 03/96.\n", "LUGAR": "CAUCE NATURAL", "INSTITUCIO": "DIRECCION GENERAL DE AGUAS", "TIPO_ESTAC": "*FLUVIOMETRICA\n*METEOROLOGICA\n", "TIPO_EST_1": "FLUVIOMETRICA", "TIPO_EST_2": "METEOROLOGICA\n", "TIPO_EST_3": null, "TIPO_EST_4": null, "FUENTE_00": "*DTL\n*GPR\n*FOR\n", "FUENTE_01": "DTL\n", "FUENTE_02": "GPR\n", "FUENTE_03": "FOR\n", "FUENTE_04": null, "PARAMETROS": "*ALTURA (m) | minimo: -2, maximo: 15\n*CAUDAL (m3/s) | minimo: 0, maximo: 10000\n*AFORO (m3/s) | minimo: 0, maximo: 10000\n*CURVA DE DESCARGA (M-M3/S) | minimo: 0, maximo: 10000\n*PRECIPITACION (mm) | minimo: 0, maximo: 100\n*TEMPERATURA HORARIA (ºc) | minim", "INSTRUMENT": "*LIMNIMETRO DE REGLA GRADUADA | SUSPENDIDO(24/02/2021)\n*LIMNIGRAFO DE FLOTADOR | SUSPENDIDO(24/02/2021)\n*MOLINETE TIPO 622 | SUSPENDIDO(24/02/2021)\n*TERMOMETRO DE MAXIMA Y MINIMA | SUSPENDIDO(24/02/2021)\n*TERMOGRAFO | SUSPENDIDO(24/02/2021)\n*ESTACION AUT", "PROCESOS": "*PROCESO DE DATOS METEOROLÓGICOS | ALGUNAS FUENTES | SUSPENDIDO(25/08/2025)\n*PROCESO DE DATOS FLUVIOMÉTRICOS | ALGUNAS FUENTES\n", "PERFIL_TOP": "*N° Perfil: 1 | Fecha: 01/07/1988 | Delta H: 100 | Delta X: 100\n", "LAGO_ASOCI": null, "POZO": null, "LATITUD": -33.328923433999996, "LONGITUD": -70.459412596999996, "ESTE_8418": 0, "NORTE_8418": 0, "ESTE_8419": 364170, "NORTE_8419": 6311297, "ESTE_8412": 0, "NORTE_8412": 0, "HUSO_REAL": 19 }, "geometry": { "type": "Point", "coordinates": [ -70.459412596999982, -33.328923433999933 ] } },
{ "type": "Feature", "properties": { "OBJECTID": 2696, "COD_BNA": "05705001-2", "NOM_ESTACI": "RIO COLORADO ANTES JUNTA RIO OLIVARES", "FECHA_INST": "01/12/1977", "FECHA_LLEN": "18/05/2022", "FECHA_SUSP": null, "COD_REG": "13", "COD_PROV": "132", "COD_COM": "13203", "REGION": "Metropolitana de Santiago", "PROVINCIA": "Cordillera", "COMUNA": "San José de Maipo", "REGION_RES": "METROPOLITANA", "COD_CUEN": "057", "COD_SUBC": "0570", "COD_SSUBC": "05705", "NOM_CUEN": "Rio Maipo", "NOM_SUBC": "Rio Maipo Alto", "NOM_SSUBC": "Rio Colorado antes junta Rio Olivares", "ALTITUD_MS": 1550, "AREA_DRENA": 834.0, "NOM_ACUIF": "Cuencas Altas Maipo", "SHAC": "Rio Colorado Alto", "UBICACIÓN": null, "OBSERVACIO": "*Estación funcionando bien.\n*Se saca sensor de TyH el cual ya no está funcionando.\n*Estación funcionando bien\n", "LUGAR": "CAUCE NATURAL", "INSTITUCIO": "DIRECCION GENERAL DE AGUAS", "TIPO_ESTAC": "*FLUVIOMETRICA\n", "TIPO_EST_1": "FLUVIOMETRICA", "TIPO_EST_2": null, "TIPO_EST_3": null, "TIPO_EST_4": null, "FUENTE_00": "*SAT\n*DTL\n", "FUENTE_01": "SAT\n", "FUENTE_02": "DTL\n", "FUENTE_03": null, "FUENTE_04": null, "PARAMETROS": "*ALTURA (m) | minimo: -2, maximo: 15\n*CAUDAL (m3/s) | minimo: 0, maximo: 10000\n*AFORO (m3/s) | minimo: 0, maximo: 10000\n*CURVA DE DESCARGA (M-M3/S) | minimo: 0, maximo: 10000\n*PRECIPITACION (mm) | minimo: 0, maximo: 100\n*TEMPERATURA HORARIA (ºc) | minim", "INSTRUMENT": "*LIMNIMETRO DE REGLA GRADUADA\n*LIMNIGRAFO DE FLOTADOR\n*MOLINETE TIPO 622\n*TERMOMETRO DE MAXIMA Y MINIMA\n*HIGROTERMOGRAFO\n*ESTACION AUTOMATICA M.R.I.\n*CALCULO EN OFICINA\n", "PROCESOS": "*PROCESO DE DATOS METEOROLÓGICOS | ALGUNAS FUENTES | SUSPENDIDO(17/05/2022)\n*PROCESO DE DATOS FLUVIOMÉTRICOS | ALGUNAS FUENTES\n", "PERFIL_TOP": "*N° Perfil: 1 | Fecha: 01/07/1988 | Delta H: 100 | Delta X: 100\n", "LAGO_ASOCI": null, "POZO": null, "LATITUD": -33.495004524000002, "LONGITUD": -70.137231771000003, "ESTE_8418": 0, "NORTE_8418": 0, "ESTE_8419": 394359, "NORTE_8419": 6293256, "ESTE_8412": 0, "NORTE_8412": 0, "HUSO_REAL": 19 }, "geometry": { "type": "Point", "coordinates": [ -70.137231770999961, -33.495004523999967 ] } },
{ "type": "Feature", "properties": { "OBJECTID": 2697, "COD_BNA": "05705003-9", "NOM_ESTACI": "GLACIAR TUPUNGATITO ALTO", "FECHA_INST": "01/12/2019", "FECHA_LLEN": "14/01/2020", "FECHA_SUSP": null, "COD_REG": "13", "COD_PROV": "132", "COD_COM": "13203", "REGION": "Metropolitana de Santiago", "PROVINCIA": "Cordillera", "COMUNA": "San José de Maipo", "REGION_RES": "METROPOLITANA", "COD_CUEN": "057", "COD_SUBC": "0570", "COD_SSUBC": "05705", "NOM_CUEN": "Rio Maipo", "NOM_SUBC": "Rio Maipo Alto", "NOM_SSUBC": "Rio Colorado antes junta Rio Olivares", "ALTITUD_MS": 5500, "AREA_DRENA": 0.0, "NOM_ACUIF": "Cuencas Altas Maipo", "SHAC": "Rio Colorado Alto", "UBICACIÓN": null, "OBSERVACIO": null, "LUGAR": "OTRO", "INSTITUCIO": "DIRECCION GENERAL DE AGUAS", "TIPO_ESTAC": "RED HIDROMETRICA ALTA MONTAÑA", "TIPO_EST_1": "METEOROLOGICA FIJA", "TIPO_EST_2": null, "TIPO_EST_3": null, "TIPO_EST_4": null, "FUENTE_00": "*SAT\n", "FUENTE_01": "SAT\n", "FUENTE_02": null, "FUENTE_03": null, "FUENTE_04": null, "PARAMETROS": "*TEMPERATURA HORARIA (ºc) | minimo: -40, maximo: 40\n*TEMPERATURA MINIMA (ºc) | minimo: -40, maximo: 40\n*TEMPERATURA MAXIMA (ºc) | minimo: -40, maximo: 40\n*HUMEDAD RELATIVA (%) | minimo: 0.01, maximo: 100\n*0242-RADIACION SOLAR ONDA CORTA (WATT/M2) | mi", "INSTRUMENT": "*TERMOMETRO DE MAXIMA Y MINIMA | SUSPENDIDO(19/10/2021)\n*TERMOGRAFO | SUSPENDIDO(19/10/2021)\n*PSICROMETRO VENTILACION NATURAL | SUSPENDIDO(19/10/2021)\n*ANEMOMETRO Y VELETA | SUSPENDIDO(19/10/2021)\n*ESTACION AUTOMATICA M.R.I. | SUSPENDIDO(19/10/2021)\n*PLA", "PROCESOS": "*PROCESO DE DATOS METEOROLÓGICOS | TODAS LAS FUENTES\n", "PERFIL_TOP": null, "LAGO_ASOCI": null, "POZO": null, "LATITUD": -33.399726567999998, "LONGITUD": -69.809722777999994, "ESTE_8418": 0, "NORTE_8418": 0, "ESTE_8419": 424701, "NORTE_8419": 6304105, "ESTE_8412": 0, "NORTE_8412": 0, "HUSO_REAL": 19 }, "geometry": { "type": "Point", "coordinates": [ -69.80972277799998, -33.399726567999949 ] } },
{ "type": "Feature", "properties": { "OBJECTID": 2698, "COD_BNA": "05705004-7", "NOM_ESTACI": "GLACIAR TUPUNGATITO BAJO", "FECHA_INST": "01/12/2019", "FECHA_LLEN": "14/01/2020", "FECHA_SUSP": null, "COD_REG": "13", "COD_PROV": "132", "COD_COM": "13203", "REGION": "Metropolitana de Santiago", "PROVINCIA": "Cordillera", "COMUNA": "San José de Maipo", "REGION_RES": "METROPOLITANA", "COD_CUEN": "057", "COD_SUBC": "0570", "COD_SSUBC": "05705", "NOM_CUEN": "Rio Maipo", "NOM_SUBC": "Rio Maipo Alto", "NOM_SSUBC": "Rio Colorado antes junta Rio Olivares", "ALTITUD_MS": 4425, "AREA_DRENA": 0.0, "NOM_ACUIF": "Cuencas Altas Maipo", "SHAC": "Rio Colorado Alto", "UBICACIÓN": null, "OBSERVACIO": null, "LUGAR": "OTRO", "INSTITUCIO": "DIRECCION GENERAL DE AGUAS", "TIPO_ESTAC": "RED HIDROMETRICA ALTA MONTAÑA", "TIPO_EST_1": "METEOROLOGICA FIJA", "TIPO_EST_2": null, "TIPO_EST_3": null, "TIPO_EST_4": null, "FUENTE_00": "*SAT\n", "FUENTE_01": "SAT\n", "FUENTE_02": null, "FUENTE_03": null, "FUENTE_04": null, "PARAMETROS": "*TEMPERATURA HORARIA (ºc) | minimo: -40, maximo: 40\n*TEMPERATURA MINIMA (ºc) | minimo: -40, maximo: 40\n*TEMPERATURA MAXIMA (ºc) | minimo: -40, maximo: 40\n*HUMEDAD RELATIVA (%) | minimo: 0.01, maximo: 100\n*0242-RADIACION SOLAR ONDA CORTA (WATT/M2) | mi", "INSTRUMENT": "*TERMOMETRO DE MAXIMA Y MINIMA | SUSPENDIDO(19/10/2021)\n*TERMOGRAFO | SUSPENDIDO(19/10/2021)\n*PSICROMETRO VENTILACION NATURAL | SUSPENDIDO(19/10/2021)\n*ESTACION AUTOMATICA M.R.I. | SUSPENDIDO(19/10/2021)\n*PLATAFORMA D.C.P.\n", "PROCESOS": "*PROCESO DE DATOS METEOROLÓGICOS | TODAS LAS FUENTES\n", "PERFIL_TOP": null, "LAGO_ASOCI": null, "POZO": null, "LATITUD": -33.385841481999996, "LONGITUD": -69.854728471000001, "ESTE_8418": 0, "NORTE_8418": 0, "ESTE_8419": 420503, "NORTE_8419": 6305611, "ESTE_8412": 0, "NORTE_8412": 0, "HUSO_REAL": 19 }, "geometry": { "type": "Point", "coordinates": [ -69.854728470999987, -33.385841481999933 ] } },
{ "type": "Feature", "properties": { "OBJECTID": 2699, "COD_BNA": "05705006-3", "NOM_ESTACI": "METEOROLOGICA RIO COLORADO", "FECHA_INST": "24/06/2022", "FECHA_LLEN": "24/06/2022", "FECHA_SUSP": null, "COD_REG": "13", "COD_PROV": "132", "COD_COM": "13203", "REGION": "Metropolitana de Santiago", "PROVINCIA": "Cordillera", "COMUNA": "San José de Maipo", "REGION_RES": "METROPOLITANA", "COD_CUEN": "057", "COD_SUBC": "0570", "COD_SSUBC": "05705", "NOM_CUEN": "Rio Maipo", "NOM_SUBC": "Rio Maipo Alto", "NOM_SSUBC": "Rio Colorado antes junta Rio Olivares", "ALTITUD_MS": 1540, "AREA_DRENA": 880.0, "NOM_ACUIF": "Cuencas Altas Maipo", "SHAC": "Rio Colorado Alto", "UBICACIÓN": "ESTACION UBICADA EN LA JUNTA DEL RIO COLORADO CON RIO OLIVARES", "OBSERVACIO": null, "LUGAR": "CAUCE NATURAL", "INSTITUCIO": "DIRECCION GENERAL DE AGUAS", "TIPO_ESTAC": "*METEOROLOGICA\n", "TIPO_EST_1": "METEOROLOGICA\n", "TIPO_EST_2": null, "TIPO_EST_3": null, "TIPO_EST_4": null, "FUENTE_00": "*SAT\n*DTL\n", "FUENTE_01": "SAT\n", "FUENTE_02": "DTL\n", "FUENTE_03": null, "FUENTE_04": null, "PARAMETROS": "*PRECIPITACION (mm) | minimo: 0, maximo: 100\n*TEMPERATURA HORARIA (ºc) | minimo: -40, maximo: 40\n*TEMPERATURA HORARIA (ºc) | minimo: -40, maximo: 40\n*HUMEDAD RELATIVA (%) | minimo: 0.01, maximo: 100\n*RADIACION SOLAR HORARIA (WATT/M2) | minimo: 0.1, max", "INSTRUMENT": "*ESTACION AUTOMATICA M.R.I.\n*PLATAFORMA D.C.P.\n", "PROCESOS": "*PROCESO DE DATOS METEOROLÓGICOS | ALGUNAS FUENTES\n", "PERFIL_TOP": null, "LAGO_ASOCI": null, "POZO": null, "LATITUD": -33.494728848999998, "LONGITUD": -70.137787919000004, "ESTE_8418": 0, "NORTE_8418": 0, "ESTE_8419": 394307, "NORTE_8419": 6293286, "ESTE_8412": 0, "NORTE_8412": 0, "HUSO_REAL": 19 }, "geometry": { "type": "Point", "coordinates": [ -70.137787918999948, -33.494728848999955 ] } },
{ "type": "Feature", "properties": { "OBJECTID": 2700, "COD_BNA": "05707004-8", "NOM_ESTACI": "RIO COLORADO ANTES JUNTA RIO OLIVARES", "FECHA_INST": "21/10/2015", "FECHA_LLEN": "09/03/2017", "FECHA_SUSP": null, "COD_REG": "13", "COD_PROV": "132", "COD_COM": "13203", "REGION": "Metropolitana de Santiago", "PROVINCIA": "Cordillera", "COMUNA": "San José de Maipo", "REGION_RES": "METROPOLITANA", "COD_CUEN": "057", "COD_SUBC": "0570", "COD_SSUBC": "05705", "NOM_CUEN": "Rio Maipo", "NOM_SUBC": "Rio Maipo Alto", "NOM_SSUBC": "Rio Colorado antes junta Rio Olivares", "ALTITUD_MS": 1123, "AREA_DRENA": 0.0, "NOM_ACUIF": "Cuencas Altas Maipo", "SHAC": "Rio Colorado Alto", "UBICACIÓN": "Estación creada para la red de obs de la NSCA del río Maipo", "OBSERVACIO": "*Se cambio el nombre de la estación por un error. Antes era Estero Colina Red obs (COL Obs)\n", "LUGAR": "CAUCE NATURAL", "INSTITUCIO": "DIRECCION GENERAL DE AGUAS", "TIPO_ESTAC": "*CALIDAD DE AGUA\n", "TIPO_EST_1": "CALIDAD DE AGUA\n", "TIPO_EST_2": null, "TIPO_EST_3": null, "TIPO_EST_4": null, "FUENTE_00": null, "FUENTE_01": null, "FUENTE_02": null, "FUENTE_03": null, "FUENTE_04": null, "PARAMETROS": "*PARAMETROS FISICO-QUIMICO (VARIOS) | minimo: 0, maximo: 0\n", "INSTRUMENT": "*INSTRUMENTOS VARIOS DE LABORATORIO\n", "PROCESOS": null, "PERFIL_TOP": null, "LAGO_ASOCI": null, "POZO": null, "LATITUD": -33.49514713, "LONGITUD": -70.137416631999997, "ESTE_8418": 0, "NORTE_8418": 0, "ESTE_8419": 394342, "NORTE_8419": 6293240, "ESTE_8412": 0, "NORTE_8412": 0, "HUSO_REAL": 19 }, "geometry": { "type": "Point", "coordinates": [ -70.13741663199994, -33.495147129999964 ] } },
{ "type": "Feature", "properties": { "OBJECTID": 2701, "COD_BNA": "05706001-8", "NOM_ESTACI": "RIO OLIVARES ANTES JUNTA RIO COLORADO", "FECHA_INST": "01/03/1991", "FECHA_LLEN": "18/05/2022", "FECHA_SUSP": null, "COD_REG": "13", "COD_PROV": "132", "COD_COM": "13203", "REGION": "Metropolitana de Santiago", "PROVINCIA": "Cordillera", "COMUNA": "San José de Maipo", "REGION_RES": "METROPOLITANA", "COD_CUEN": "057", "COD_SUBC": "0570", "COD_SSUBC": "05705", "NOM_CUEN": "Rio Maipo", "NOM_SUBC": "Rio Maipo Alto", "NOM_SSUBC": "Rio Colorado antes junta Rio Olivares", "ALTITUD_MS": 1580, "AREA_DRENA": 531.0, "NOM_ACUIF": "Cuencas Altas Maipo", "SHAC": "Rio Olivares", "UBICACIÓN": null, "OBSERVACIO": "*Estación funcionando bien.\n*Funcionando bien.\n*Estación funcionando bien.\n", "LUGAR": "CAUCE NATURAL", "INSTITUCIO": "DIRECCION GENERAL DE AGUAS", "TIPO_ESTAC": "*FLUVIOMETRICA\n*METEOROLOGICA\n*CALIDAD DE AGUA\n", "TIPO_EST_1": "FLUVIOMETRICA", "TIPO_EST_2": "METEOROLOGICA\n", "TIPO_EST_3": "CALIDAD DE AGUA\n", "TIPO_EST_4": null, "FUENTE_00": "*SAT\n*DTL\n", "FUENTE_01": "SAT\n", "FUENTE_02": "DTL\n", "FUENTE_03": null, "FUENTE_04": null, "PARAMETROS": "*ALTURA (m) | minimo: -2, maximo: 15\n*CAUDAL (m3/s) | minimo: 0, maximo: 10000\n*AFORO (m3/s) | minimo: 0, maximo: 10000\n*CURVA DE DESCARGA (M-M3/S) | minimo: 0, maximo: 10000\n*PRECIPITACION (mm) | minimo: 0, maximo: 100\n*TEMPERATURA HORARIA (ºc) | minim", "INSTRUMENT": "*LIMNIMETRO DE REGLA GRADUADA\n*LIMNIGRAFO DE FLOTADOR\n*MOLINETE TIPO 622\n*TERMOMETRO DE MAXIMA Y MINIMA\n*TERMOGRAFO\n*ESTACION AUTOMATICA M.R.I.\n*CALCULO EN OFICINA\n*INSTRUMENTOS VARIOS DE LABORATORIO\n", "PROCESOS": "*PROCESO DE DATOS METEOROLÓGICOS | ALGUNAS FUENTES | SUSPENDIDO(17/05/2022)\n", "PERFIL_TOP": "*N° Perfil: 1 | Fecha: 01/03/1991 | Delta H: 100 | Delta X: 100\n", "LAGO_ASOCI": null, "POZO": null, "LATITUD": -33.493198676, "LONGITUD": -70.137455738, "ESTE_8418": 0, "NORTE_8418": 0, "ESTE_8419": 394336, "NORTE_8419": 6293456, "ESTE_8412": 0, "NORTE_8412": 0, "HUSO_REAL": 19 }, "geometry": { "type": "Point", "coordinates": [ -70.137455737999971, -33.493198675999963 ] } },
{ "type": "Feature", "properties": { "OBJECTID": 2702, "COD_BNA": "05703003-8", "NOM_ESTACI": "RIO YESO ANTES JUNTA RIO MAIPO", "FECHA_INST": "01/06/1966", "FECHA_LLEN": "08/08/2023", "FECHA_SUSP": null, "COD_REG": "13", "COD_PROV": "132", "COD_COM": "13203", "REGION": "Metropolitana de Santiago", "PROVINCIA": "Cordillera", "COMUNA": "San José de Maipo", "REGION_RES": "METROPOLITANA", "COD_CUEN": "057", "COD_SUBC": "0570", "COD_SSUBC": "05703", "NOM_CUEN": "Rio Maipo", "NOM_SUBC": "Rio Maipo Alto", "NOM_SSUBC": "Rio Yeso", "ALTITUD_MS": 1250, "AREA_DRENA": 0.0, "NOM_ACUIF": "Cuencas Altas Maipo", "SHAC": "Rio Yeso", "UBICACIÓN": null, "OBSERVACIO": null, "LUGAR": "CAUCE NATURAL", "INSTITUCIO": "DIRECCION GENERAL DE AGUAS", "TIPO_ESTAC": "*CALIDAD DE AGUA\n", "TIPO_EST_1": "CALIDAD DE AGUA\n", "TIPO_EST_2": null, "TIPO_EST_3": null, "TIPO_EST_4": null, "FUENTE_00": null, "FUENTE_01": null, "FUENTE_02": null, "FUENTE_03": null, "FUENTE_04": null, "PARAMETROS": "*ALTURA (m) | minimo: -2, maximo: 15 | SUSPENDIDO(01/08/1958) \n*CAUDAL (m3/s) | minimo: 0, maximo: 10000 | SUSPENDIDO(01/08/1958) \n*CURVA DE DESCARGA (M-M3/S) | minimo: 0, maximo: 10000 | SUSPENDIDO(01/08/1958) \n*PARAMETROS FISICO-QUIMICO (VARIOS) | mini", "INSTRUMENT": "*LIMNIMETRO DE REGLA GRADUADA | SUSPENDIDO(01/08/1958)\n*MOLINETE TIPO 622 | SUSPENDIDO(01/02/1968)\n*CALCULO EN OFICINA | SUSPENDIDO(01/02/1968)\n", "PROCESOS": null, "PERFIL_TOP": null, "LAGO_ASOCI": null, "POZO": null, "LATITUD": -33.790892743999997, "LONGITUD": -70.202740049, "ESTE_8418": 0, "NORTE_8418": 0, "ESTE_8419": 388655, "NORTE_8419": 6260379, "ESTE_8412": 0, "NORTE_8412": 0, "HUSO_REAL": 19 }, "geometry": { "type": "Point", "coordinates": [ -70.202740048999942, -33.790892743999962 ] } },
{ "type": "Feature", "properties": { "OBJECTID": 2703, "COD_BNA": "05703005-4", "NOM_ESTACI": "EMBALSE EL YESO (LM)", "FECHA_INST": "01/11/1962", "FECHA_LLEN": "24/02/2021", "FECHA_SUSP": null, "COD_REG": "13", "COD_PROV": "132", "COD_COM": "13203", "REGION": "Metropolitana de Santiago", "PROVINCIA": "Cordillera", "COMUNA": "San José de Maipo", "REGION_RES": "METROPOLITANA", "COD_CUEN": "057", "COD_SUBC": "0570", "COD_SSUBC": "05703", "NOM_CUEN": "Rio Maipo", "NOM_SUBC": "Rio Maipo Alto", "NOM_SSUBC": "Rio Yeso", "ALTITUD_MS": 2558, "AREA_DRENA": 353.0, "NOM_ACUIF": "Cuencas Altas Maipo", "SHAC": "Rio Yeso", "UBICACIÓN": null, "OBSERVACIO": null, "LUGAR": "LAGO O EMBALSE", "INSTITUCIO": "DIRECCION GENERAL DE AGUAS", "TIPO_ESTAC": "*LAGOS Y EMBALSES\n", "TIPO_EST_1": "LAGOS Y EMBALSES\n", "TIPO_EST_2": null, "TIPO_EST_3": null, "TIPO_EST_4": null, "FUENTE_00": "*GPR\n", "FUENTE_01": "GPR\n", "FUENTE_02": null, "FUENTE_03": null, "FUENTE_04": null, "PARAMETROS": "*ALTURA (m) | minimo: 2510, maximo: 2560\n*MUESTREO INTEGRADO (mg/lt) | minimo: 0, maximo: 0\n*MUESTREO RUTINARIO (mg/lt) | minimo: 0, maximo: 0\n*PARAMETROS FISICO-QUIMICO (VARIOS) | minimo: 0, maximo: 0\n", "INSTRUMENT": "*LIMNIMETRO DE REGLA GRADUADA\n*LIMNIMETRO DE REGLA GRADUADA | SUSPENDIDO(24/02/2021)\n*BOTELLA MUESTREADORA-MUESTREO DETALLADO | SUSPENDIDO(24/02/2021)\n", "PROCESOS": null, "PERFIL_TOP": null, "LAGO_ASOCI": "Nombre: EMBALSE EL YESO | Altura: 2475 |  Área Riego: 0 | Capacidad: 220 | Latitud: 33°40'00'' | Longitud: 70°05'00'' | Superficie: 6.12", "POZO": null, "LATITUD": -33.66528145, "LONGITUD": -70.083899626999994, "ESTE_8418": 0, "NORTE_8418": 0, "ESTE_8419": 399511, "NORTE_8419": 6274429, "ESTE_8412": 0, "NORTE_8412": 0, "HUSO_REAL": 19 }, "geometry": { "type": "Point", "coordinates": [ -70.083899626999937, -33.665281449999952 ] } },
{ "type": "Feature", "properties": { "OBJECTID": 2704, "COD_BNA": "05703006-2", "NOM_ESTACI": "ESTERO GLACIAR ECHAURREN NORTE", "FECHA_INST": "01/12/1975", "FECHA_LLEN": "24/05/2024", "FECHA_SUSP": null, "COD_REG": "13", "COD_PROV": "132", "COD_COM": "13203", "REGION": "Metropolitana de Santiago", "PROVINCIA": "Cordillera", "COMUNA": "San José de Maipo", "REGION_RES": "METROPOLITANA", "COD_CUEN": "057", "COD_SUBC": "0570", "COD_SSUBC": "05703", "NOM_CUEN": "Rio Maipo", "NOM_SUBC": "Rio Maipo Alto", "NOM_SSUBC": "Rio Yeso", "ALTITUD_MS": 2985, "AREA_DRENA": 4.0, "NOM_ACUIF": "Cuencas Altas Maipo", "SHAC": "Rio Yeso", "UBICACIÓN": null, "OBSERVACIO": null, "LUGAR": "LAGO O EMBALSE", "INSTITUCIO": "DIRECCION GENERAL DE AGUAS", "TIPO_ESTAC": "RED HIDROMETRICA ALTA MONTAÑA", "TIPO_EST_1": "FLUVIOMETRICA", "TIPO_EST_2": null, "TIPO_EST_3": null, "TIPO_EST_4": null, "FUENTE_00": "*SAT\n", "FUENTE_01": "SAT\n", "FUENTE_02": null, "FUENTE_03": null, "FUENTE_04": null, "PARAMETROS": "*ALTURA (m) | minimo: -2, maximo: 15\n*CAUDAL (m3/s) | minimo: 0, maximo: 10000\n*AFORO (m3/s) | minimo: 0, maximo: 10000\n*CURVA DE DESCARGA (M-M3/S) | minimo: 0, maximo: 10000\n", "INSTRUMENT": "*LIMNIMETRO DE REGLA GRADUADA\n*PLATAFORMA D.C.P.\n", "PROCESOS": null, "PERFIL_TOP": null, "LAGO_ASOCI": null, "POZO": null, "LATITUD": -33.590562386000002, "LONGITUD": -70.117136183, "ESTE_8418": 0, "NORTE_8418": 0, "ESTE_8419": 396340, "NORTE_8419": 6282681, "ESTE_8412": 0, "NORTE_8412": 0, "HUSO_REAL": 19 }, "geometry": { "type": "Point", "coordinates": [ -70.117136182999957, -33.590562385999931 ] } },
{ "type": "Feature", "properties": { "OBJECTID": 2705, "COD_BNA": "05703008-9", "NOM_ESTACI": "EL YESO EMBALSE", "FECHA_INST": "01/07/1963", "FECHA_LLEN": "16/12/2020", "FECHA_SUSP": null, "COD_REG": "13", "COD_PROV": "132", "COD_COM": "13203", "REGION": "Metropolitana de Santiago", "PROVINCIA": "Cordillera", "COMUNA": "San José de Maipo", "REGION_RES": "METROPOLITANA", "COD_CUEN": "057", "COD_SUBC": "0570", "COD_SSUBC": "05703", "NOM_CUEN": "Rio Maipo", "NOM_SUBC": "Rio Maipo Alto", "NOM_SSUBC": "Rio Yeso", "ALTITUD_MS": 2475, "AREA_DRENA": 0.0, "NOM_ACUIF": "Cuencas Altas Maipo", "SHAC": "Rio Yeso", "UBICACIÓN": "CAMPAMENTO DEL EMBALSE EL YESO, 20 KM AL NE DE SAN GABRIEL", "OBSERVACIO": "*sin registros de temperaturas minimas hasta 26/05/89\n*sin registros de temperaturas minimas hasta 04/04/89\n*sin registros termograficos hasta 21/03/89\n", "LUGAR": "ZONA RURAL", "INSTITUCIO": "DIRECCION GENERAL DE AGUAS", "TIPO_ESTAC": "*METEOROLOGICA\n", "TIPO_EST_1": "METEOROLOGICA\n", "TIPO_EST_2": null, "TIPO_EST_3": null, "TIPO_EST_4": null, "FUENTE_00": "*SAT\n*FOR\n", "FUENTE_01": "SAT\n", "FUENTE_02": "FOR\n", "FUENTE_03": null, "FUENTE_04": null, "PARAMETROS": "*PRECIPITACION (mm) | minimo: 0, maximo: 80\n*TEMPERATURA HORARIA (ºc) | minimo: -10, maximo: 25\n*TEMPERATURA MINIMA (ºc) | minimo: -10, maximo: 25\n*TEMPERATURA MAXIMA (ºc) | minimo: -10, maximo: 25\n*TEMP. BULBO SECO (ºc) | minimo: -10, maximo: 25\n*HU", "INSTRUMENT": "*PLUVIOMETRO HELLMAN\n*PLUVIOGRAFO DE FLOTADOR | SUSPENDIDO(01/06/1968)\n*NIVOMETRO\n*RUTA DE NIEVE | SUSPENDIDO(01/09/1976)\n*TERMOMETRO DE MAXIMA Y MINIMA\n*EVAPORIMETRO DE ESTANQUE CON REC. DIARIO DE VIENTO\n*PSICROMETRO VENTILACION NATURAL\n*HIGROTERMOGRAFO", "PROCESOS": "*PROCESO DE DATOS METEOROLÓGICOS | ALGUNAS FUENTES | SUSPENDIDO(17/01/2024)\n", "PERFIL_TOP": null, "LAGO_ASOCI": null, "POZO": null, "LATITUD": -33.675908716000002, "LONGITUD": -70.088671401, "ESTE_8418": 0, "NORTE_8418": 0, "ESTE_8419": 399081, "NORTE_8419": 6273246, "ESTE_8412": 0, "NORTE_8412": 0, "HUSO_REAL": 19 }, "geometry": { "type": "Point", "coordinates": [ -70.088671400999942, -33.675908715999981 ] } },
{ "type": "Feature", "properties": { "OBJECTID": 2706, "COD_BNA": "05703009-7", "NOM_ESTACI": "LAGUNA NEGRA", "FECHA_INST": "02/07/1965", "FECHA_LLEN": "29/10/2025", "FECHA_SUSP": null, "COD_REG": "13", "COD_PROV": "132", "COD_COM": "13203", "REGION": "Metropolitana de Santiago", "PROVINCIA": "Cordillera", "COMUNA": "San José de Maipo", "REGION_RES": "METROPOLITANA", "COD_CUEN": "057", "COD_SUBC": "0570", "COD_SSUBC": "05703", "NOM_CUEN": "Rio Maipo", "NOM_SUBC": "Rio Maipo Alto", "NOM_SSUBC": "Rio Yeso", "ALTITUD_MS": 2785, "AREA_DRENA": 0.0, "NOM_ACUIF": "Cuencas Altas Maipo", "SHAC": "Rio Yeso", "UBICACIÓN": "Sector morrenico entre El Yeso y Laguna Negra", "OBSERVACIO": null, "LUGAR": "ZONA RURAL", "INSTITUCIO": "DIRECCION GENERAL DE AGUAS", "TIPO_ESTAC": "RED HIDROMETRICA ALTA MONTAÑA", "TIPO_EST_1": "NIVOMETRICA", "TIPO_EST_2": null, "TIPO_EST_3": null, "TIPO_EST_4": null, "FUENTE_00": "*SAT\n", "FUENTE_01": "SAT\n", "FUENTE_02": null, "FUENTE_03": null, "FUENTE_04": null, "PARAMETROS": "*TEMPERATURA HORARIA (ºc) | minimo: -40, maximo: 40\n*TEMPERATURA MINIMA (ºc) | minimo: -40, maximo: 40\n*TEMPERATURA MAXIMA (ºc) | minimo: -40, maximo: 40\n*RUTA DE NIEVE (VARIOS) | minimo: -0.1, maximo: 100\n", "INSTRUMENT": "*RUTA DE NIEVE\n*TERMOMETRO DE MAXIMA Y MINIMA\n*TERMOGRAFO\n*PLATAFORMA D.C.P.\n*OBSERVADOR\n", "PROCESOS": "*PROCESO DE DATOS METEOROLÓGICOS | TODAS LAS FUENTES\n", "PERFIL_TOP": null, "LAGO_ASOCI": null, "POZO": null, "LATITUD": -33.666017767, "LONGITUD": -70.107659253999998, "ESTE_8418": 0, "NORTE_8418": 0, "ESTE_8419": 397309, "NORTE_8419": 6274324, "ESTE_8412": 0, "NORTE_8412": 0, "HUSO_REAL": 19 }, "geometry": { "type": "Point", "coordinates": [ -70.107659253999941, -33.666017766999971 ] } },
{ "type": "Feature", "properties": { "OBJECTID": 2707, "COD_BNA": "05703012-7", "NOM_ESTACI": "VALLE ECHAURREN NORTE", "FECHA_INST": "01/10/2014", "FECHA_LLEN": "15/01/2015", "FECHA_SUSP": null, "COD_REG": "13", "COD_PROV": "132", "COD_COM": "13203", "REGION": "Metropolitana de Santiago", "PROVINCIA": "Cordillera", "COMUNA": "San José de Maipo", "REGION_RES": "METROPOLITANA", "COD_CUEN": "057", "COD_SUBC": "0570", "COD_SSUBC": "05703", "NOM_CUEN": "Rio Maipo", "NOM_SUBC": "Rio Maipo Alto", "NOM_SSUBC": "Rio Yeso", "ALTITUD_MS": 2950, "AREA_DRENA": 0.0, "NOM_ACUIF": "Cuencas Altas Maipo", "SHAC": "Rio Yeso", "UBICACIÓN": null, "OBSERVACIO": null, "LUGAR": "Valle Laguna Negra", "INSTITUCIO": "DIRECCION GENERAL DE AGUAS", "TIPO_ESTAC": "RED HIDROMETRICA ALTA MONTAÑA", "TIPO_EST_1": "METEOROLOGICA FIJA", "TIPO_EST_2": null, "TIPO_EST_3": null, "TIPO_EST_4": null, "FUENTE_00": "*SAT\n", "FUENTE_01": "SAT\n", "FUENTE_02": null, "FUENTE_03": null, "FUENTE_04": null, "PARAMETROS": "*TEMPERATURA MAXIMA (ºc) | minimo: -40, maximo: 40\n*HUMEDAD RELATIVA (%) | minimo: 0.01, maximo: 100\n*0242-RADIACION SOLAR ONDA CORTA (WATT/M2) | minimo: 0, maximo: 2000\n*0243-RADIACION SOLAR ONDA LARGA (WATT/M2) | minimo: -250, maximo: 600\n*VELOCIDAD D", "INSTRUMENT": "*ESTACION AUTOMATICA M.R.I.\n*PLATAFORMA D.C.P.\n", "PROCESOS": "*PROCESO DE DATOS METEOROLÓGICOS | TODAS LAS FUENTES\n", "PERFIL_TOP": null, "LAGO_ASOCI": null, "POZO": null, "LATITUD": -33.593771678000003, "LONGITUD": -70.110280407999994, "ESTE_8418": 0, "NORTE_8418": 0, "ESTE_8419": 396980, "NORTE_8419": 6282332, "ESTE_8412": 0, "NORTE_8412": 0, "HUSO_REAL": 19 }, "geometry": { "type": "Point", "coordinates": [ -70.110280407999937, -33.593771677999939 ] } },
{ "type": "Feature", "properties": { "OBJECTID": 2708, "COD_BNA": "05703013-5", "NOM_ESTACI": "PORTEZUELO GLACIAR ECHAURREN NORTE", "FECHA_INST": "01/10/2014", "FECHA_LLEN": "15/01/2015", "FECHA_SUSP": null, "COD_REG": "13", "COD_PROV": "132", "COD_COM": "13203", "REGION": "Metropolitana de Santiago", "PROVINCIA": "Cordillera", "COMUNA": "San José de Maipo", "REGION_RES": "METROPOLITANA", "COD_CUEN": "057", "COD_SUBC": "0570", "COD_SSUBC": "05703", "NOM_CUEN": "Rio Maipo", "NOM_SUBC": "Rio Maipo Alto", "NOM_SSUBC": "Rio Yeso", "ALTITUD_MS": 3847, "AREA_DRENA": 0.0, "NOM_ACUIF": "Cuencas Altas Maipo", "SHAC": "Rio Yeso", "UBICACIÓN": null, "OBSERVACIO": null, "LUGAR": "Margen Glaciar", "INSTITUCIO": "DIRECCION GENERAL DE AGUAS", "TIPO_ESTAC": "RED HIDROMETRICA ALTA MONTAÑA", "TIPO_EST_1": "METEOROLOGICA FIJA", "TIPO_EST_2": null, "TIPO_EST_3": null, "TIPO_EST_4": null, "FUENTE_00": "*SAT\n", "FUENTE_01": "SAT\n", "FUENTE_02": null, "FUENTE_03": null, "FUENTE_04": null, "PARAMETROS": "*TEMPERATURA MAXIMA (ºc) | minimo: -40, maximo: 40\n*HUMEDAD RELATIVA (%) | minimo: 0.01, maximo: 100\n*0242-RADIACION SOLAR ONDA CORTA (WATT/M2) | minimo: 0, maximo: 2000\n*0243-RADIACION SOLAR ONDA LARGA (WATT/M2) | minimo: -250, maximo: 600\n*VELOCIDAD D", "INSTRUMENT": "*ESTACION AUTOMATICA M.R.I. | SUSPENDIDO(19/10/2021)\n*PLATAFORMA D.C.P.\n", "PROCESOS": "*PROCESO DE DATOS METEOROLÓGICOS | TODAS LAS FUENTES\n", "PERFIL_TOP": null, "LAGO_ASOCI": null, "POZO": null, "LATITUD": -33.576522044999997, "LONGITUD": -70.128839678000006, "ESTE_8418": 0, "NORTE_8418": 0, "ESTE_8419": 395237, "NORTE_8419": 6284226, "ESTE_8412": 0, "NORTE_8412": 0, "HUSO_REAL": 19 }, "geometry": { "type": "Point", "coordinates": [ -70.128839677999963, -33.576522044999933 ] } },
{ "type": "Feature", "properties": { "OBJECTID": 2709, "COD_BNA": "05703014-3", "NOM_ESTACI": "TERMAS DEL PLOMO", "FECHA_INST": "01/12/2015", "FECHA_LLEN": "28/12/2015", "FECHA_SUSP": null, "COD_REG": "13", "COD_PROV": "132", "COD_COM": "13203", "REGION": "Metropolitana de Santiago", "PROVINCIA": "Cordillera", "COMUNA": "San José de Maipo", "REGION_RES": "METROPOLITANA", "COD_CUEN": "057", "COD_SUBC": "0570", "COD_SSUBC": "05703", "NOM_CUEN": "Rio Maipo", "NOM_SUBC": "Rio Maipo Alto", "NOM_SSUBC": "Rio Yeso", "ALTITUD_MS": 3027, "AREA_DRENA": 0.0, "NOM_ACUIF": "Cuencas Altas Maipo", "SHAC": "Rio Yeso", "UBICACIÓN": "Valle Laguna Negra", "OBSERVACIO": null, "LUGAR": "Ladera Ote R. Yeso", "INSTITUCIO": "DIRECCION GENERAL DE AGUAS", "TIPO_ESTAC": "RED HIDROMETRICA ALTA MONTAÑA", "TIPO_EST_1": "METEOROLOGICA FIJA", "TIPO_EST_2": null, "TIPO_EST_3": null, "TIPO_EST_4": null, "FUENTE_00": "*SAT\n", "FUENTE_01": "SAT\n", "FUENTE_02": null, "FUENTE_03": null, "FUENTE_04": null, "PARAMETROS": "*TEMPERATURA HORARIA (ºc) | minimo: -40, maximo: 40\n*TEMPERATURA MINIMA (ºc) | minimo: -40, maximo: 40\n*TEMPERATURA MAXIMA (ºc) | minimo: -40, maximo: 40\n*HUMEDAD RELATIVA (%) | minimo: 0.01, maximo: 100\n*0242-RADIACION SOLAR ONDA CORTA (WATT/M2) | mi", "INSTRUMENT": "*TERMOMETRO DE MAXIMA Y MINIMA\n*TERMOGRAFO\n*ESTACION AUTOMATICA M.R.I.\n*PLATAFORMA D.C.P.\n", "PROCESOS": "*PROCESO DE DATOS METEOROLÓGICOS | TODAS LAS FUENTES\n", "PERFIL_TOP": null, "LAGO_ASOCI": null, "POZO": null, "LATITUD": -33.613796530999998, "LONGITUD": -69.906342374999994, "ESTE_8418": 0, "NORTE_8418": 0, "ESTE_8419": 415923, "NORTE_8419": 6280296, "ESTE_8412": 0, "NORTE_8412": 0, "HUSO_REAL": 19 }, "geometry": { "type": "Point", "coordinates": [ -69.906342374999952, -33.613796530999934 ] } },
{ "type": "Feature", "properties": { "OBJECTID": 2710, "COD_BNA": "05703015-1", "NOM_ESTACI": "RIO YESO", "FECHA_INST": "02/05/2021", "FECHA_LLEN": "27/05/2021", "FECHA_SUSP": null, "COD_REG": "13", "COD_PROV": "132", "COD_COM": "13203", "REGION": "Metropolitana de Santiago", "PROVINCIA": "Cordillera", "COMUNA": "San José de Maipo", "REGION_RES": "METROPOLITANA", "COD_CUEN": "057", "COD_SUBC": "0570", "COD_SSUBC": "05703", "NOM_CUEN": "Rio Maipo", "NOM_SUBC": "Rio Maipo Alto", "NOM_SSUBC": "Rio Yeso", "ALTITUD_MS": 2335, "AREA_DRENA": 627.0, "NOM_ACUIF": "Cuencas Altas Maipo", "SHAC": "Rio Yeso", "UBICACIÓN": null, "OBSERVACIO": null, "LUGAR": "CAUCE NATURAL", "INSTITUCIO": "DIRECCION GENERAL DE AGUAS", "TIPO_ESTAC": "*FLUVIOMETRICA\n*CALIDAD DE AGUA\n", "TIPO_EST_1": "FLUVIOMETRICA", "TIPO_EST_2": "CALIDAD DE AGUA\n", "TIPO_EST_3": null, "TIPO_EST_4": null, "FUENTE_00": "*SAT\n", "FUENTE_01": "SAT\n", "FUENTE_02": null, "FUENTE_03": null, "FUENTE_04": null, "PARAMETROS": "*ALTURA (m) | minimo: -2, maximo: 15\n*CAUDAL (m3/s) | minimo: 0, maximo: 10000\n*AFORO (m3/s) | minimo: 0, maximo: 10000\n*CURVA DE DESCARGA (M-M3/S) | minimo: 0, maximo: 10000\n*PARAMETROS FISICO-QUIMICO (VARIOS) | minimo: 0, maximo: 0\n", "INSTRUMENT": "*CALCULO EN OFICINA\n", "PROCESOS": "*PROCESO DE DATOS FLUVIOMÉTRICOS | ALGUNAS FUENTES\n", "PERFIL_TOP": null, "LAGO_ASOCI": null, "POZO": null, "LATITUD": -33.691670529, "LONGITUD": -70.110286347, "ESTE_8418": 0, "NORTE_8418": 0, "ESTE_8419": 397096, "NORTE_8419": 6271477, "ESTE_8412": 0, "NORTE_8412": 0, "HUSO_REAL": 19 }, "geometry": { "type": "Point", "coordinates": [ -70.110286346999942, -33.691670528999964 ] } },
{ "type": "Feature", "properties": { "OBJECTID": 2711, "COD_BNA": "05703016-K", "NOM_ESTACI": "GLACIAR BELLO BAJO (EMAM)", "FECHA_INST": "20/03/2014", "FECHA_LLEN": "21/01/2022", "FECHA_SUSP": null, "COD_REG": "13", "COD_PROV": "132", "COD_COM": "13203", "REGION": "Metropolitana de Santiago", "PROVINCIA": "Cordillera", "COMUNA": "San José de Maipo", "REGION_RES": "METROPOLITANA", "COD_CUEN": "057", "COD_SUBC": "0570", "COD_SSUBC": "05703", "NOM_CUEN": "Rio Maipo", "NOM_SUBC": "Rio Maipo Alto", "NOM_SSUBC": "Rio Yeso", "ALTITUD_MS": 4390, "AREA_DRENA": 0.0, "NOM_ACUIF": "Cuencas Altas Maipo", "SHAC": "Rio Yeso", "UBICACIÓN": null, "OBSERVACIO": null, "LUGAR": "OTRO", "INSTITUCIO": "DIRECCION GENERAL DE AGUAS", "TIPO_ESTAC": "RED HIDROMETRICA ALTA MONTAÑA", "TIPO_EST_1": "METEOROLOGICA MOVIL", "TIPO_EST_2": null, "TIPO_EST_3": null, "TIPO_EST_4": null, "FUENTE_00": "*DTL\n*SAT\n", "FUENTE_01": "DTL\n", "FUENTE_02": "SAT\n", "FUENTE_03": null, "FUENTE_04": null, "PARAMETROS": "*TEMPERATURA MAXIMA (ºc) | minimo: -40, maximo: 40\n*HUMEDAD RELATIVA (%) | minimo: 0.01, maximo: 100\n*0242-RADIACION SOLAR ONDA CORTA (WATT/M2) | minimo: 0.001, maximo: 2000\n*0243-RADIACION SOLAR ONDA LARGA (WATT/M2) | minimo: -250, maximo: 600\n*RADIACI", "INSTRUMENT": null, "PROCESOS": "*PROCESO DE DATOS METEOROLÓGICOS | ALGUNAS FUENTES\n", "PERFIL_TOP": null, "LAGO_ASOCI": null, "POZO": null, "LATITUD": -33.525086086999998, "LONGITUD": -69.947122293999996, "ESTE_8418": 0, "NORTE_8418": 0, "ESTE_8419": 412050, "NORTE_8419": 6290098, "ESTE_8412": 0, "NORTE_8412": 0, "HUSO_REAL": 19 }, "geometry": { "type": "Point", "coordinates": [ -69.947122293999939, -33.525086086999977 ] } },
{ "type": "Feature", "properties": { "OBJECTID": 2712, "COD_BNA": "05703018-6", "NOM_ESTACI": "GLACIAR PIRAMIDE (EMAM)", "FECHA_INST": "05/11/2013", "FECHA_LLEN": "21/01/2022", "FECHA_SUSP": null, "COD_REG": "13", "COD_PROV": "132", "COD_COM": "13203", "REGION": "Metropolitana de Santiago", "PROVINCIA": "Cordillera", "COMUNA": "San José de Maipo", "REGION_RES": "METROPOLITANA", "COD_CUEN": "057", "COD_SUBC": "0570", "COD_SSUBC": "05703", "NOM_CUEN": "Rio Maipo", "NOM_SUBC": "Rio Maipo Alto", "NOM_SSUBC": "Rio Yeso", "ALTITUD_MS": 3450, "AREA_DRENA": 0.0, "NOM_ACUIF": "Cuencas Altas Maipo", "SHAC": "Rio Yeso", "UBICACIÓN": null, "OBSERVACIO": null, "LUGAR": "OTRO", "INSTITUCIO": "DIRECCION GENERAL DE AGUAS", "TIPO_ESTAC": "RED HIDROMETRICA ALTA MONTAÑA", "TIPO_EST_1": "METEOROLOGICA MOVIL", "TIPO_EST_2": null, "TIPO_EST_3": null, "TIPO_EST_4": null, "FUENTE_00": "*DTL\n*SAT\n", "FUENTE_01": "DTL\n", "FUENTE_02": "SAT\n", "FUENTE_03": null, "FUENTE_04": null, "PARAMETROS": "*TEMPERATURA MAXIMA (ºc) | minimo: -40, maximo: 40\n*HUMEDAD RELATIVA (%) | minimo: 0.01, maximo: 100\n*0242-RADIACION SOLAR ONDA CORTA (WATT/M2) | minimo: 0.001, maximo: 2000\n*0243-RADIACION SOLAR ONDA LARGA (WATT/M2) | minimo: -250, maximo: 600\n*RADIACI", "INSTRUMENT": null, "PROCESOS": "*PROCESO DE DATOS METEOROLÓGICOS | ALGUNAS FUENTES\n", "PERFIL_TOP": null, "LAGO_ASOCI": null, "POZO": null, "LATITUD": -33.589612918, "LONGITUD": -69.890678910999995, "ESTE_8418": 0, "NORTE_8418": 0, "ESTE_8419": 417353, "NORTE_8419": 6282990, "ESTE_8412": 0, "NORTE_8412": 0, "HUSO_REAL": 19 }, "geometry": { "type": "Point", "coordinates": [ -69.890678910999952, -33.589612917999943 ] } },
{ "type": "Feature", "properties": { "OBJECTID": 2713, "COD_BNA": "05703019-4", "NOM_ESTACI": "GLACIAR ECHAURREN NORTE (EMAM)", "FECHA_INST": "01/11/2018", "FECHA_LLEN": "22/01/2022", "FECHA_SUSP": null, "COD_REG": "13", "COD_PROV": "132", "COD_COM": "13203", "REGION": "Metropolitana de Santiago", "PROVINCIA": "Cordillera", "COMUNA": "San José de Maipo", "REGION_RES": "METROPOLITANA", "COD_CUEN": "057", "COD_SUBC": "0570", "COD_SSUBC": "05703", "NOM_CUEN": "Rio Maipo", "NOM_SUBC": "Rio Maipo Alto", "NOM_SSUBC": "Rio Yeso", "ALTITUD_MS": 3715, "AREA_DRENA": 0.0, "NOM_ACUIF": "Cuencas Altas Maipo", "SHAC": "Rio Yeso", "UBICACIÓN": null, "OBSERVACIO": null, "LUGAR": "OTRO", "INSTITUCIO": "DIRECCION GENERAL DE AGUAS", "TIPO_ESTAC": "RED HIDROMETRICA ALTA MONTAÑA", "TIPO_EST_1": "METEOROLOGICA MOVIL", "TIPO_EST_2": null, "TIPO_EST_3": null, "TIPO_EST_4": null, "FUENTE_00": "*DTL\n*SAT\n", "FUENTE_01": "DTL\n", "FUENTE_02": "SAT\n", "FUENTE_03": null, "FUENTE_04": null, "PARAMETROS": "*TEMPERATURA MAXIMA (ºc) | minimo: -40, maximo: 40\n*HUMEDAD RELATIVA (%) | minimo: 0.01, maximo: 100\n*0242-RADIACION SOLAR ONDA CORTA (WATT/M2) | minimo: 0.001, maximo: 2000\n*0243-RADIACION SOLAR ONDA LARGA (WATT/M2) | minimo: -250, maximo: 600\n*RADIACI", "INSTRUMENT": null, "PROCESOS": "*PROCESO DE DATOS METEOROLÓGICOS | ALGUNAS FUENTES\n", "PERFIL_TOP": null, "LAGO_ASOCI": null, "POZO": null, "LATITUD": -33.580514033999997, "LONGITUD": -70.13413914, "ESTE_8418": 0, "NORTE_8418": 0, "ESTE_8419": 394750, "NORTE_8419": 6283778, "ESTE_8412": 0, "NORTE_8412": 0, "HUSO_REAL": 19 }, "geometry": { "type": "Point", "coordinates": [ -70.134139139999945, -33.580514033999975 ] } },
{ "type": "Feature", "properties": { "OBJECTID": 2714, "COD_BNA": "05703020-8", "NOM_ESTACI": "RIO YESO ENTRADA EMBALSE EL YESO", "FECHA_INST": "05/12/2024", "FECHA_LLEN": "03/12/2024", "FECHA_SUSP": null, "COD_REG": "13", "COD_PROV": "132", "COD_COM": "13203", "REGION": "Metropolitana de Santiago", "PROVINCIA": "Cordillera", "COMUNA": "San José de Maipo", "REGION_RES": "METROPOLITANA", "COD_CUEN": "057", "COD_SUBC": "0570", "COD_SSUBC": "05703", "NOM_CUEN": "Rio Maipo", "NOM_SUBC": "Rio Maipo Alto", "NOM_SSUBC": "Rio Yeso", "ALTITUD_MS": 2630, "AREA_DRENA": 0.0, "NOM_ACUIF": "Cuencas Altas Maipo", "SHAC": "Rio Yeso", "UBICACIÓN": null, "OBSERVACIO": null, "LUGAR": "CAUCE NATURAL", "INSTITUCIO": "DIRECCION GENERAL DE AGUAS", "TIPO_ESTAC": "*FLUVIOMETRICA\n", "TIPO_EST_1": "FLUVIOMETRICA", "TIPO_EST_2": null, "TIPO_EST_3": null, "TIPO_EST_4": null, "FUENTE_00": "*SAT\n", "FUENTE_01": "SAT\n", "FUENTE_02": null, "FUENTE_03": null, "FUENTE_04": null, "PARAMETROS": "*ALTURA (m) | minimo: -2, maximo: 15\n*CAUDAL (m3/s) | minimo: 0, maximo: 10000\n*AFORO (m3/s) | minimo: 0, maximo: 10000\n*CURVA DE DESCARGA (M-M3/S) | minimo: 0, maximo: 10000\n", "INSTRUMENT": "*LIMNIMETRO DE REGLA GRADUADA\n*ESTACION AUTOMATICA M.R.I.\n*PLATAFORMA D.C.P.\n", "PROCESOS": "*PROCESO DE DATOS FLUVIOMÉTRICOS | ALGUNAS FUENTES\n", "PERFIL_TOP": null, "LAGO_ASOCI": null, "POZO": null, "LATITUD": -33.617185753000001, "LONGITUD": -69.997974874999997, "ESTE_8418": 0, "NORTE_8418": 0, "ESTE_8419": 407426, "NORTE_8419": 6279842, "ESTE_8412": 0, "NORTE_8412": 0, "HUSO_REAL": 19 }, "geometry": { "type": "Point", "coordinates": [ -69.997974874999954, -33.617185752999944 ] } },
{ "type": "Feature", "properties": { "OBJECTID": 2715, "COD_BNA": "05800006-K", "NOM_ESTACI": "APR LOICA", "FECHA_INST": "15/10/2015", "FECHA_LLEN": "31/07/2017", "FECHA_SUSP": null, "COD_REG": "13", "COD_PROV": "135", "COD_COM": "13505", "REGION": "Metropolitana de Santiago", "PROVINCIA": "Melipilla", "COMUNA": "San Pedro", "REGION_RES": "METROPOLITANA", "COD_CUEN": "058", "COD_SUBC": "0580", "COD_SSUBC": "05800", "NOM_CUEN": "Costeras entre  Maipo y Rapel", "NOM_SUBC": "Estero Yali", "NOM_SSUBC": "Estero Yali", "ALTITUD_MS": 179, "AREA_DRENA": 0.0, "NOM_ACUIF": "Estero Yali", "SHAC": "Las Loicas", "UBICACIÓN": null, "OBSERVACIO": null, "LUGAR": "POZO", "INSTITUCIO": "DIRECCION GENERAL DE AGUAS", "TIPO_ESTAC": "*CALIDAD DE AGUA\n", "TIPO_EST_1": "CALIDAD DE AGUA\n", "TIPO_EST_2": null, "TIPO_EST_3": null, "TIPO_EST_4": null, "FUENTE_00": null, "FUENTE_01": null, "FUENTE_02": null, "FUENTE_03": null, "FUENTE_04": null, "PARAMETROS": "*PARAMETROS FISICO-QUIMICO (VARIOS) | minimo: 0, maximo: 0\n", "INSTRUMENT": "*INSTRUMENTOS VARIOS DE LABORATORIO\n", "PROCESOS": null, "PERFIL_TOP": null, "LAGO_ASOCI": null, "POZO": null, "LATITUD": -33.964969910999997, "LONGITUD": -71.479300013, "ESTE_8418": 0, "NORTE_8418": 0, "ESTE_8419": 270921, "NORTE_8419": 6238958, "ESTE_8412": 0, "NORTE_8412": 0, "HUSO_REAL": 19 }, "geometry": { "type": "Point", "coordinates": [ -71.479300012999943, -33.964969910999969 ] } },
{ "type": "Feature", "properties": { "OBJECTID": 2716, "COD_BNA": "05740005-6", "NOM_ESTACI": "MELIPILLA", "FECHA_INST": "03/08/1971", "FECHA_LLEN": "19/12/2020", "FECHA_SUSP": null, "COD_REG": "13", "COD_PROV": "135", "COD_COM": "13501", "REGION": "Metropolitana de Santiago", "PROVINCIA": "Melipilla", "COMUNA": "Melipilla", "REGION_RES": "METROPOLITANA", "COD_CUEN": "057", "COD_SUBC": "0574", "COD_SSUBC": "05740", "NOM_CUEN": "Rio Maipo", "NOM_SUBC": "Rio Maipo Bajo (Entre Rio Mapocho y Desembocadura)", "NOM_SSUBC": "Rio Maipo Entre Rio Mapocho y Estero Puangue", "ALTITUD_MS": 168, "AREA_DRENA": 0.0, "NOM_ACUIF": "Rio Maipo", "SHAC": "Melipilla", "UBICACIÓN": "PLANTA DE AGUAS SERVIDAS (SENDOS) COSTADO ORIENTE DE MELIPILLA", "OBSERVACIO": "*Estación con fuente satelital\n*sin registro de temperaturas minimas hasta el 18/10/88\n*INSTRUMENTO LEVEMENTE DESNIVELADO DURANTE JUNIO\n", "LUGAR": "ZONA URBANA", "INSTITUCIO": "DIRECCION GENERAL DE AGUAS", "TIPO_ESTAC": "*METEOROLOGICA\n", "TIPO_EST_1": "METEOROLOGICA\n", "TIPO_EST_2": null, "TIPO_EST_3": null, "TIPO_EST_4": null, "FUENTE_00": "*DTL\n*GPR\n", "FUENTE_01": "DTL\n", "FUENTE_02": "GPR\n", "FUENTE_03": null, "FUENTE_04": null, "PARAMETROS": "*PRECIPITACION (mm) | minimo: 0, maximo: 80\n*TEMPERATURA HORARIA (ºc) | minimo: -3, maximo: 32\n*TEMPERATURA MINIMA (ºc) | minimo: -3, maximo: 32\n*TEMPERATURA MAXIMA (ºc) | minimo: -3, maximo: 32\n*TEMP. BULBO SECO (ºc) | minimo: -3, maximo: 32 | SUSPE", "INSTRUMENT": "*PLUVIOMETRO HELLMAN\n*PLUVIOGRAFO DE FLOTADOR\n*TERMOMETRO DE MAXIMA Y MINIMA\n*TERMOMETRO DE MAXIMA Y MINIMA\n*TERMOGRAFO\n*EVAPORIMETRO DE ESTANQUE CON REC. DIARIO DE VIENTO\n*PSICROMETRO VENTILACION NATURAL\n*HIGROTERMOGRAFO\n*ANEMOMETRO Y VELETA\n*ANEMOMETRO", "PROCESOS": "*PROCESO DE DATOS METEOROLÓGICOS | ALGUNAS FUENTES\n", "PERFIL_TOP": null, "LAGO_ASOCI": null, "POZO": null, "LATITUD": -33.680219615, "LONGITUD": -71.199872641, "ESTE_8418": 0, "NORTE_8418": 0, "ESTE_8419": 296069, "NORTE_8419": 6271128, "ESTE_8412": 0, "NORTE_8412": 0, "HUSO_REAL": 19 }, "geometry": { "type": "Point", "coordinates": [ -71.199872640999956, -33.680219614999942 ] } },
{ "type": "Feature", "properties": { "OBJECTID": 2717, "COD_BNA": "05740008-0", "NOM_ESTACI": "POZO INDUSTRIA BATA", "FECHA_INST": "01/01/1900", "FECHA_LLEN": "08/03/2022", "FECHA_SUSP": null, "COD_REG": "13", "COD_PROV": "135", "COD_COM": "13501", "REGION": "Metropolitana de Santiago", "PROVINCIA": "Melipilla", "COMUNA": "Melipilla", "REGION_RES": "METROPOLITANA", "COD_CUEN": "057", "COD_SUBC": "0574", "COD_SSUBC": "05740", "NOM_CUEN": "Rio Maipo", "NOM_SUBC": "Rio Maipo Bajo (Entre Rio Mapocho y Desembocadura)", "NOM_SSUBC": "Rio Maipo Entre Rio Mapocho y Estero Puangue", "ALTITUD_MS": 178, "AREA_DRENA": 0.0, "NOM_ACUIF": "Rio Maipo", "SHAC": "Melipilla", "UBICACIÓN": null, "OBSERVACIO": null, "LUGAR": "POZO", "INSTITUCIO": "DIRECCION GENERAL DE AGUAS", "TIPO_ESTAC": "*CONTROL DE NIVEL\n", "TIPO_EST_1": "CONTROL DE NIVEL\n", "TIPO_EST_2": null, "TIPO_EST_3": null, "TIPO_EST_4": null, "FUENTE_00": "*FOR\n", "FUENTE_01": "FOR\n", "FUENTE_02": null, "FUENTE_03": null, "FUENTE_04": null, "PARAMETROS": "*PROFUNDIDAD (POZO) (m) | minimo: 0, maximo: 0\n", "INSTRUMENT": "*POZOMETRO\n", "PROCESOS": null, "PERFIL_TOP": null, "LAGO_ASOCI": null, "POZO": null, "LATITUD": -33.678190448000002, "LONGITUD": -71.183632576999997, "ESTE_8418": 0, "NORTE_8418": 0, "ESTE_8419": 297570, "NORTE_8419": 6271385, "ESTE_8412": 0, "NORTE_8412": 0, "HUSO_REAL": 19 }, "geometry": { "type": "Point", "coordinates": [ -71.183632576999969, -33.678190447999953 ] } },
{ "type": "Feature", "properties": { "OBJECTID": 2718, "COD_BNA": "05740010-2", "NOM_ESTACI": "RIO MAIPO DESPUES DE JUNTA E.CHOLQUI", "FECHA_INST": "12/12/2016", "FECHA_LLEN": "09/03/2017", "FECHA_SUSP": null, "COD_REG": "13", "COD_PROV": "135", "COD_COM": "13501", "REGION": "Metropolitana de Santiago", "PROVINCIA": "Melipilla", "COMUNA": "Melipilla", "REGION_RES": "METROPOLITANA", "COD_CUEN": "057", "COD_SUBC": "0574", "COD_SSUBC": "05740", "NOM_CUEN": "Rio Maipo", "NOM_SUBC": "Rio Maipo Bajo (Entre Rio Mapocho y Desembocadura)", "NOM_SSUBC": "Rio Maipo Entre Rio Mapocho y Estero Puangue", "ALTITUD_MS": 122, "AREA_DRENA": 0.0, "NOM_ACUIF": "Rio Maipo", "SHAC": "Melipilla", "UBICACIÓN": "Estación creada para la red de obs de la NSCA del río Maipo", "OBSERVACIO": null, "LUGAR": "CAUCE NATURAL", "INSTITUCIO": "DIRECCION GENERAL DE AGUAS", "TIPO_ESTAC": "*CALIDAD DE AGUA\n", "TIPO_EST_1": "CALIDAD DE AGUA\n", "TIPO_EST_2": null, "TIPO_EST_3": null, "TIPO_EST_4": null, "FUENTE_00": null, "FUENTE_01": null, "FUENTE_02": null, "FUENTE_03": null, "FUENTE_04": null, "PARAMETROS": "*PARAMETROS FISICO-QUIMICO (VARIOS) | minimo: 0, maximo: 0\n", "INSTRUMENT": "*INSTRUMENTOS VARIOS DE LABORATORIO\n", "PROCESOS": null, "PERFIL_TOP": null, "LAGO_ASOCI": null, "POZO": null, "LATITUD": -33.737641875000001, "LONGITUD": -71.263016382999993, "ESTE_8418": 0, "NORTE_8418": 0, "ESTE_8419": 290354, "NORTE_8419": 6264633, "ESTE_8412": 0, "NORTE_8412": 0, "HUSO_REAL": 19 }, "geometry": { "type": "Point", "coordinates": [ -71.263016382999979, -33.737641874999952 ] } },
{ "type": "Feature", "properties": { "OBJECTID": 2719, "COD_BNA": "05740013-7", "NOM_ESTACI": "APR CODIGUA EL ESFUERZO", "FECHA_INST": "13/10/2015", "FECHA_LLEN": "31/07/2017", "FECHA_SUSP": null, "COD_REG": "13", "COD_PROV": "135", "COD_COM": "13501", "REGION": "Metropolitana de Santiago", "PROVINCIA": "Melipilla", "COMUNA": "Melipilla", "REGION_RES": "METROPOLITANA", "COD_CUEN": "057", "COD_SUBC": "0574", "COD_SSUBC": "05740", "NOM_CUEN": "Rio Maipo", "NOM_SUBC": "Rio Maipo Bajo (Entre Rio Mapocho y Desembocadura)", "NOM_SSUBC": "Rio Maipo Entre Rio Mapocho y Estero Puangue", "ALTITUD_MS": 100, "AREA_DRENA": 0.0, "NOM_ACUIF": "Rio Maipo", "SHAC": "Melipilla", "UBICACIÓN": null, "OBSERVACIO": null, "LUGAR": "POZO", "INSTITUCIO": null, "TIPO_ESTAC": "*CALIDAD DE AGUA\n", "TIPO_EST_1": "CALIDAD DE AGUA\n", "TIPO_EST_2": null, "TIPO_EST_3": null, "TIPO_EST_4": null, "FUENTE_00": null, "FUENTE_01": null, "FUENTE_02": null, "FUENTE_03": null, "FUENTE_04": null, "PARAMETROS": "*PARAMETROS FISICO-QUIMICO (VARIOS) | minimo: 0, maximo: 0\n", "INSTRUMENT": "*INSTRUMENTOS VARIOS DE LABORATORIO\n", "PROCESOS": null, "PERFIL_TOP": null, "LAGO_ASOCI": null, "POZO": null, "LATITUD": -33.747480844999998, "LONGITUD": -71.325952434000001, "ESTE_8418": 0, "NORTE_8418": 0, "ESTE_8419": 284547, "NORTE_8419": 6263412, "ESTE_8412": 0, "NORTE_8412": 0, "HUSO_REAL": 19 }, "geometry": { "type": "Point", "coordinates": [ -71.325952433999987, -33.747480844999984 ] } },
{ "type": "Feature", "properties": { "OBJECTID": 2720, "COD_BNA": "05740014-5", "NOM_ESTACI": "APR HUECHUN BAJO", "FECHA_INST": "09/10/2015", "FECHA_LLEN": "31/07/2017", "FECHA_SUSP": null, "COD_REG": "13", "COD_PROV": "135", "COD_COM": "13501", "REGION": "Metropolitana de Santiago", "PROVINCIA": "Melipilla", "COMUNA": "Melipilla", "REGION_RES": "METROPOLITANA", "COD_CUEN": "057", "COD_SUBC": "0574", "COD_SSUBC": "05740", "NOM_CUEN": "Rio Maipo", "NOM_SUBC": "Rio Maipo Bajo (Entre Rio Mapocho y Desembocadura)", "NOM_SSUBC": "Rio Maipo Entre Rio Mapocho y Estero Puangue", "ALTITUD_MS": 113, "AREA_DRENA": 0.0, "NOM_ACUIF": "Rio Maipo", "SHAC": "Melipilla", "UBICACIÓN": null, "OBSERVACIO": null, "LUGAR": "POZO", "INSTITUCIO": "DIRECCION GENERAL DE AGUAS", "TIPO_ESTAC": "*CALIDAD DE AGUA\n", "TIPO_EST_1": "CALIDAD DE AGUA\n", "TIPO_EST_2": null, "TIPO_EST_3": null, "TIPO_EST_4": null, "FUENTE_00": null, "FUENTE_01": null, "FUENTE_02": null, "FUENTE_03": null, "FUENTE_04": null, "PARAMETROS": "*PARAMETROS FISICO-QUIMICO (VARIOS) | minimo: 0, maximo: 0\n", "INSTRUMENT": "*INSTRUMENTOS VARIOS DE LABORATORIO\n", "PROCESOS": null, "PERFIL_TOP": null, "LAGO_ASOCI": null, "POZO": null, "LATITUD": -33.720252747000004, "LONGITUD": -71.288725709000005, "ESTE_8418": 0, "NORTE_8418": 0, "ESTE_8419": 287929, "NORTE_8419": 6266509, "ESTE_8412": 0, "NORTE_8412": 0, "HUSO_REAL": 19 }, "geometry": { "type": "Point", "coordinates": [ -71.288725708999948, -33.720252746999961 ] } },
{ "type": "Feature", "properties": { "OBJECTID": 2721, "COD_BNA": "05740017-K", "NOM_ESTACI": "APR LA VEGA", "FECHA_INST": "16/03/2016", "FECHA_LLEN": "03/09/2018", "FECHA_SUSP": null, "COD_REG": "13", "COD_PROV": "135", "COD_COM": "13501", "REGION": "Metropolitana de Santiago", "PROVINCIA": "Melipilla", "COMUNA": "Melipilla", "REGION_RES": "METROPOLITANA", "COD_CUEN": "057", "COD_SUBC": "0574", "COD_SSUBC": "05740", "NOM_CUEN": "Rio Maipo", "NOM_SUBC": "Rio Maipo Bajo (Entre Rio Mapocho y Desembocadura)", "NOM_SSUBC": "Rio Maipo Entre Rio Mapocho y Estero Puangue", "ALTITUD_MS": 0, "AREA_DRENA": 0.0, "NOM_ACUIF": "Rio Maipo", "SHAC": "Melipilla", "UBICACIÓN": null, "OBSERVACIO": null, "LUGAR": "POZO", "INSTITUCIO": "DIRECCION GENERAL DE AGUAS", "TIPO_ESTAC": "*CALIDAD DE AGUA\n", "TIPO_EST_1": "CALIDAD DE AGUA\n", "TIPO_EST_2": null, "TIPO_EST_3": null, "TIPO_EST_4": null, "FUENTE_00": null, "FUENTE_01": null, "FUENTE_02": null, "FUENTE_03": null, "FUENTE_04": null, "PARAMETROS": "*PARAMETROS FISICO-QUIMICO (VARIOS) | minimo: 0, maximo: 0\n", "INSTRUMENT": "*INSTRUMENTOS VARIOS DE LABORATORIO\n", "PROCESOS": null, "PERFIL_TOP": null, "LAGO_ASOCI": null, "POZO": null, "LATITUD": -33.70464487, "LONGITUD": -71.175002468000002, "ESTE_8418": 0, "NORTE_8418": 0, "ESTE_8419": 298432, "NORTE_8419": 6268468, "ESTE_8412": 0, "NORTE_8412": 0, "HUSO_REAL": 19 }, "geometry": { "type": "Point", "coordinates": [ -71.175002467999946, -33.704644869999981 ] } },
{ "type": "Feature", "properties": { "OBJECTID": 2722, "COD_BNA": "05740020-K", "NOM_ESTACI": "POZO RIO MAIPO EN HUECHUN", "FECHA_INST": "19/11/2025", "FECHA_LLEN": "14/11/2025", "FECHA_SUSP": null, "COD_REG": "13", "COD_PROV": "135", "COD_COM": "13501", "REGION": "Metropolitana de Santiago", "PROVINCIA": "Melipilla", "COMUNA": "Melipilla", "REGION_RES": "METROPOLITANA", "COD_CUEN": "057", "COD_SUBC": "0574", "COD_SSUBC": "05740", "NOM_CUEN": "Rio Maipo", "NOM_SUBC": "Rio Maipo Bajo (Entre Rio Mapocho y Desembocadura)", "NOM_SSUBC": "Rio Maipo Entre Rio Mapocho y Estero Puangue", "ALTITUD_MS": 109, "AREA_DRENA": 0.0, "NOM_ACUIF": "Rio Maipo", "SHAC": "Melipilla", "UBICACIÓN": "Ribera derecha o norte de Rio Maipo,a unos 7,3 kms al Poniente del Pte Ingeniero Marambio,Melipilla", "OBSERVACIO": null, "LUGAR": "ZONA RURAL", "INSTITUCIO": "DIRECCION GENERAL DE AGUAS", "TIPO_ESTAC": "*METEOROLOGICA\n*CONTROL DE NIVEL\n", "TIPO_EST_1": "METEOROLOGICA\n", "TIPO_EST_2": "CONTROL DE NIVEL\n", "TIPO_EST_3": null, "TIPO_EST_4": null, "FUENTE_00": "*SAT\n*FOR\n", "FUENTE_01": "SAT\n", "FUENTE_02": "FOR\n", "FUENTE_03": null, "FUENTE_04": null, "PARAMETROS": "*PRECIPITACION (mm) | minimo: 0, maximo: 100\n*PROFUNDIDAD (POZO) (m) | minimo: 0, maximo: 150\n*PROFUNDIDAD (POZO) (m) | minimo: 0, maximo: 150\n", "INSTRUMENT": "*ESTACION AUTOMATICA M.R.I.\n*PLATAFORMA D.C.P.\n", "PROCESOS": "*PROCESO DE DATOS METEOROLÓGICOS | ALGUNAS FUENTES\n", "PERFIL_TOP": null, "LAGO_ASOCI": null, "POZO": null, "LATITUD": -33.722785772999998, "LONGITUD": -71.28973173, "ESTE_8418": 0, "NORTE_8418": 0, "ESTE_8419": 287842, "NORTE_8419": 6266226, "ESTE_8412": 0, "NORTE_8412": 0, "HUSO_REAL": 19 }, "geometry": { "type": "Point", "coordinates": [ -71.289731729999971, -33.722785772999941 ] } },
{ "type": "Feature", "properties": { "OBJECTID": 2723, "COD_BNA": "05702001-6", "NOM_ESTACI": "RIO VOLCAN EN QUELTEHUES", "FECHA_INST": "01/10/1966", "FECHA_LLEN": "25/02/2021", "FECHA_SUSP": null, "COD_REG": "13", "COD_PROV": "132", "COD_COM": "13203", "REGION": "Metropolitana de Santiago", "PROVINCIA": "Cordillera", "COMUNA": "San José de Maipo", "REGION_RES": "METROPOLITANA", "COD_CUEN": "057", "COD_SUBC": "0570", "COD_SSUBC": "05702", "NOM_CUEN": "Rio Maipo", "NOM_SUBC": "Rio Maipo Alto", "NOM_SSUBC": "Rio Volcan", "ALTITUD_MS": 1365, "AREA_DRENA": 523.0, "NOM_ACUIF": "Cuencas Altas Maipo", "SHAC": "Rio Volcan", "UBICACIÓN": null, "OBSERVACIO": "*Estación funcionando bien.\n*Se saca sensor de nivel afuera cámara embancada, por eso el salto de altura\n*HASTA 31.10.89 RELOJ DETENIDO.\n", "LUGAR": "CAUCE NATURAL", "INSTITUCIO": "DIRECCION GENERAL DE AGUAS", "TIPO_ESTAC": "*FLUVIOMETRICA\n*METEOROLOGICA\n", "TIPO_EST_1": "FLUVIOMETRICA", "TIPO_EST_2": "METEOROLOGICA\n", "TIPO_EST_3": null, "TIPO_EST_4": null, "FUENTE_00": "*SAT\n*DTL\n", "FUENTE_01": "SAT\n", "FUENTE_02": "DTL\n", "FUENTE_03": null, "FUENTE_04": null, "PARAMETROS": "*ALTURA (m) | minimo: -2, maximo: 15\n*CAUDAL (m3/s) | minimo: 0, maximo: 10000\n*AFORO (m3/s) | minimo: 0, maximo: 10000\n*CURVA DE DESCARGA (M-M3/S) | minimo: 0, maximo: 10000\n*PRECIPITACION (mm) | minimo: 0, maximo: 100\n*TEMPERATURA HORARIA (ºc) | minim", "INSTRUMENT": "*LIMNIMETRO DE REGLA GRADUADA | SUSPENDIDO(24/02/2021)\n*LIMNIGRAFO DE FLOTADOR | SUSPENDIDO(24/02/2021)\n*MOLINETE TIPO 622 | SUSPENDIDO(24/02/2021)\n*BOTELLA MUESTREADORA SUPERFICIAL | SUSPENDIDO(24/02/2021)\n*BOTELLA MUESTREADORA-MUESTREO DETALLADO | SUSP", "PROCESOS": "*PROCESO DE DATOS METEOROLÓGICOS | ALGUNAS FUENTES | SUSPENDIDO(17/05/2022)\n*PROCESO DE DATOS FLUVIOMÉTRICOS | ALGUNAS FUENTES\n", "PERFIL_TOP": "*N° Perfil: 1 | Fecha: 01/07/1988 | Delta H: 100 | Delta X: 100\n", "LAGO_ASOCI": null, "POZO": null, "LATITUD": -33.809666440999997, "LONGITUD": -70.210392427000002, "ESTE_8418": 0, "NORTE_8418": 0, "ESTE_8419": 387971, "NORTE_8419": 6258289, "ESTE_8412": 0, "NORTE_8412": 0, "HUSO_REAL": 19 }, "geometry": { "type": "Point", "coordinates": [ -70.210392426999988, -33.809666440999933 ] } },
{ "type": "Feature", "properties": { "OBJECTID": 2724, "COD_BNA": "05702006-7", "NOM_ESTACI": "RIO VOLCAN ANTES RIO MAIPO (CA)", "FECHA_INST": "01/03/1991", "FECHA_LLEN": null, "FECHA_SUSP": null, "COD_REG": "13", "COD_PROV": "132", "COD_COM": "13203", "REGION": "Metropolitana de Santiago", "PROVINCIA": "Cordillera", "COMUNA": "San José de Maipo", "REGION_RES": "METROPOLITANA", "COD_CUEN": "057", "COD_SUBC": "0570", "COD_SSUBC": "05702", "NOM_CUEN": "Rio Maipo", "NOM_SUBC": "Rio Maipo Alto", "NOM_SSUBC": "Rio Volcan", "ALTITUD_MS": 0, "AREA_DRENA": 0.0, "NOM_ACUIF": "Cuencas Altas Maipo", "SHAC": "Rio Volcan", "UBICACIÓN": null, "OBSERVACIO": null, "LUGAR": "CAUCE NATURAL", "INSTITUCIO": "DIRECCION GENERAL DE AGUAS", "TIPO_ESTAC": "*CALIDAD DE AGUA\n", "TIPO_EST_1": "CALIDAD DE AGUA\n", "TIPO_EST_2": null, "TIPO_EST_3": null, "TIPO_EST_4": null, "FUENTE_00": "*SAT\n", "FUENTE_01": "SAT\n", "FUENTE_02": null, "FUENTE_03": null, "FUENTE_04": null, "PARAMETROS": "*PARAMETROS FISICO-QUIMICO (VARIOS) | minimo: 0, maximo: 0\n", "INSTRUMENT": "*INSTRUMENTOS VARIOS DE LABORATORIO\n", "PROCESOS": null, "PERFIL_TOP": null, "LAGO_ASOCI": null, "POZO": null, "LATITUD": -33.80844082, "LONGITUD": -70.213972733000006, "ESTE_8418": 0, "NORTE_8418": 0, "ESTE_8419": 387638, "NORTE_8419": 6258421, "ESTE_8412": 0, "NORTE_8412": 0, "HUSO_REAL": 19 }, "geometry": { "type": "Point", "coordinates": [ -70.213972732999935, -33.80844081999993 ] } },
{ "type": "Feature", "properties": { "OBJECTID": 2725, "COD_BNA": "05702011-3", "NOM_ESTACI": "GLACIAR SAN FRANCISCO EN AGUAS PANIMAVIDA", "FECHA_INST": "19/04/2011", "FECHA_LLEN": "03/03/2011", "FECHA_SUSP": null, "COD_REG": "13", "COD_PROV": "132", "COD_COM": "13203", "REGION": "Metropolitana de Santiago", "PROVINCIA": "Cordillera", "COMUNA": "San José de Maipo", "REGION_RES": "METROPOLITANA", "COD_CUEN": "057", "COD_SUBC": "0570", "COD_SSUBC": "05702", "NOM_CUEN": "Rio Maipo", "NOM_SUBC": "Rio Maipo Alto", "NOM_SSUBC": "Rio Volcan", "ALTITUD_MS": 2238, "AREA_DRENA": 9.0, "NOM_ACUIF": "Cuencas Altas Maipo", "SHAC": "Rio Volcan", "UBICACIÓN": "Ribera de la Quebrada Morales", "OBSERVACIO": null, "LUGAR": "ZONA RURAL", "INSTITUCIO": "DIRECCION GENERAL DE AGUAS", "TIPO_ESTAC": "RED HIDROMETRICA ALTA MONTAÑA", "TIPO_EST_1": "METEOROLOGICA FIJA", "TIPO_EST_2": null, "TIPO_EST_3": null, "TIPO_EST_4": null, "FUENTE_00": "*SAT\n", "FUENTE_01": "SAT\n", "FUENTE_02": null, "FUENTE_03": null, "FUENTE_04": null, "PARAMETROS": "*PRECIPITACION (mm) | minimo: 0, maximo: 100\n", "INSTRUMENT": "*ESTACION AUTOMATICA M.R.I.\n", "PROCESOS": "*PROCESO DE DATOS METEOROLÓGICOS | TODAS LAS FUENTES\n", "PERFIL_TOP": null, "LAGO_ASOCI": null, "POZO": null, "LATITUD": -33.804211436000003, "LONGITUD": -70.070804667000004, "ESTE_8418": 0, "NORTE_8418": 0, "ESTE_8419": 400885, "NORTE_8419": 6259037, "ESTE_8412": 0, "NORTE_8412": 0, "HUSO_REAL": 19 }, "geometry": { "type": "Point", "coordinates": [ -70.070804666999948, -33.804211435999946 ] } },
{ "type": "Feature", "properties": { "OBJECTID": 2726, "COD_BNA": "05702013-K", "NOM_ESTACI": "ESTERO LA ENGORDA", "FECHA_INST": "02/05/2021", "FECHA_LLEN": "27/05/2021", "FECHA_SUSP": null, "COD_REG": "13", "COD_PROV": "132", "COD_COM": "13203", "REGION": "Metropolitana de Santiago", "PROVINCIA": "Cordillera", "COMUNA": "San José de Maipo", "REGION_RES": "METROPOLITANA", "COD_CUEN": "057", "COD_SUBC": "0570", "COD_SSUBC": "05702", "NOM_CUEN": "Rio Maipo", "NOM_SUBC": "Rio Maipo Alto", "NOM_SSUBC": "Rio Volcan", "ALTITUD_MS": 2275, "AREA_DRENA": 523.0, "NOM_ACUIF": "Cuencas Altas Maipo", "SHAC": "Rio Volcan", "UBICACIÓN": null, "OBSERVACIO": null, "LUGAR": "CAUCE NATURAL", "INSTITUCIO": "DIRECCION GENERAL DE AGUAS", "TIPO_ESTAC": "*CALIDAD DE AGUA\n", "TIPO_EST_1": "CALIDAD DE AGUA\n", "TIPO_EST_2": null, "TIPO_EST_3": null, "TIPO_EST_4": null, "FUENTE_00": "*SAT\n", "FUENTE_01": "SAT\n", "FUENTE_02": null, "FUENTE_03": null, "FUENTE_04": null, "PARAMETROS": "*ALTURA (m) | minimo: -2, maximo: 15\n*CAUDAL (m3/s) | minimo: 0, maximo: 10000\n*AFORO (m3/s) | minimo: 0, maximo: 10000\n*CURVA DE DESCARGA (M-M3/S) | minimo: 0, maximo: 10000\n*PARAMETROS FISICO-QUIMICO (VARIOS) | minimo: 0, maximo: 0\n", "INSTRUMENT": null, "PROCESOS": null, "PERFIL_TOP": null, "LAGO_ASOCI": null, "POZO": null, "LATITUD": -33.807230932000003, "LONGITUD": -70.015560300999994, "ESTE_8418": 0, "NORTE_8418": 0, "ESTE_8419": 406002, "NORTE_8419": 6258754, "ESTE_8412": 0, "NORTE_8412": 0, "HUSO_REAL": 19 }, "geometry": { "type": "Point", "coordinates": [ -70.015560300999937, -33.807230931999982 ] } },
{ "type": "Feature", "properties": { "OBJECTID": 2727, "COD_BNA": "05702014-8", "NOM_ESTACI": "RIO VOLCAN", "FECHA_INST": "02/05/2021", "FECHA_LLEN": "27/05/2021", "FECHA_SUSP": null, "COD_REG": "13", "COD_PROV": "132", "COD_COM": "13203", "REGION": "Metropolitana de Santiago", "PROVINCIA": "Cordillera", "COMUNA": "San José de Maipo", "REGION_RES": "METROPOLITANA", "COD_CUEN": "057", "COD_SUBC": "0570", "COD_SSUBC": "05702", "NOM_CUEN": "Rio Maipo", "NOM_SUBC": "Rio Maipo Alto", "NOM_SSUBC": "Rio Volcan", "ALTITUD_MS": 2358, "AREA_DRENA": 523.0, "NOM_ACUIF": "Cuencas Altas Maipo", "SHAC": "Rio Volcan", "UBICACIÓN": null, "OBSERVACIO": null, "LUGAR": "CAUCE NATURAL", "INSTITUCIO": "DIRECCION GENERAL DE AGUAS", "TIPO_ESTAC": "*FLUVIOMETRICA\n*CALIDAD DE AGUA\n", "TIPO_EST_1": "FLUVIOMETRICA", "TIPO_EST_2": "CALIDAD DE AGUA\n", "TIPO_EST_3": null, "TIPO_EST_4": null, "FUENTE_00": "*SAT\n", "FUENTE_01": "SAT\n", "FUENTE_02": null, "FUENTE_03": null, "FUENTE_04": null, "PARAMETROS": "*ALTURA (m) | minimo: -2, maximo: 15\n*CAUDAL (m3/s) | minimo: 0, maximo: 10000\n*AFORO (m3/s) | minimo: 0, maximo: 10000\n*CURVA DE DESCARGA (M-M3/S) | minimo: 0, maximo: 10000\n*PARAMETROS FISICO-QUIMICO (VARIOS) | minimo: 0, maximo: 0\n", "INSTRUMENT": null, "PROCESOS": "*PROCESO DE DATOS FLUVIOMÉTRICOS | ALGUNAS FUENTES\n", "PERFIL_TOP": null, "LAGO_ASOCI": null, "POZO": null, "LATITUD": -33.816112719000003, "LONGITUD": -70.008058720999998, "ESTE_8418": 0, "NORTE_8418": 0, "ESTE_8419": 406706, "NORTE_8419": 6257776, "ESTE_8412": 0, "NORTE_8412": 0, "HUSO_REAL": 19 }, "geometry": { "type": "Point", "coordinates": [ -70.008058720999941, -33.816112718999932 ] } },
{ "type": "Feature", "properties": { "OBJECTID": 2728, "COD_BNA": "05702016-4", "NOM_ESTACI": "ESTERO MORALES EN AGUAS PANIMAVIDA", "FECHA_INST": "02/05/2023", "FECHA_LLEN": "12/04/2023", "FECHA_SUSP": null, "COD_REG": "13", "COD_PROV": "132", "COD_COM": "13203", "REGION": "Metropolitana de Santiago", "PROVINCIA": "Cordillera", "COMUNA": "San José de Maipo", "REGION_RES": "METROPOLITANA", "COD_CUEN": "057", "COD_SUBC": "0570", "COD_SSUBC": "05702", "NOM_CUEN": "Rio Maipo", "NOM_SUBC": "Rio Maipo Alto", "NOM_SSUBC": "Rio Volcan", "ALTITUD_MS": 2240, "AREA_DRENA": 21.0, "NOM_ACUIF": "Cuencas Altas Maipo", "SHAC": "Rio Volcan", "UBICACIÓN": "Ubicada a 3,7 km a pie o a caballo desde Baños Morales. Solicitar autorización de ingreso a CONAF", "OBSERVACIO": "*Estación reinstalada con fecha 24.09.2025\n", "LUGAR": "ZONA RURAL", "INSTITUCIO": "DIRECCION GENERAL DE AGUAS", "TIPO_ESTAC": "RED HIDROMETRICA ALTA MONTAÑA", "TIPO_EST_1": "FLUVIOMETRICA", "TIPO_EST_2": null, "TIPO_EST_3": null, "TIPO_EST_4": null, "FUENTE_00": "*SAT\n*DTL\n", "FUENTE_01": "SAT\n", "FUENTE_02": "DTL\n", "FUENTE_03": null, "FUENTE_04": null, "PARAMETROS": "*ALTURA (m) | minimo: -2, maximo: 15\n*CAUDAL (m3/s) | minimo: 0, maximo: 10000\n*AFORO (m3/s) | minimo: 0, maximo: 10000\n*CURVA DE DESCARGA (M-M3/S) | minimo: 0, maximo: 10000\n", "INSTRUMENT": "*ESTACION AUTOMATICA M.R.I.\n*PLATAFORMA D.C.P.\n", "PROCESOS": null, "PERFIL_TOP": null, "LAGO_ASOCI": null, "POZO": null, "LATITUD": -33.800661507999997, "LONGITUD": -70.073525949, "ESTE_8418": 0, "NORTE_8418": 0, "ESTE_8419": 400629, "NORTE_8419": 6259428, "ESTE_8412": 0, "NORTE_8412": 0, "HUSO_REAL": 19 }, "geometry": { "type": "Point", "coordinates": [ -70.073525948999986, -33.800661507999962 ] } },
{ "type": "Feature", "properties": { "OBJECTID": 2729, "COD_BNA": "05747013-5", "NOM_ESTACI": "APR SAN VALENTIN-LA UNION", "FECHA_INST": "13/10/2015", "FECHA_LLEN": "31/07/2017", "FECHA_SUSP": null, "COD_REG": "13", "COD_PROV": "135", "COD_COM": "13501", "REGION": "Metropolitana de Santiago", "PROVINCIA": "Melipilla", "COMUNA": "Melipilla", "REGION_RES": "METROPOLITANA", "COD_CUEN": "057", "COD_SUBC": "0574", "COD_SSUBC": "05747", "NOM_CUEN": "Rio Maipo", "NOM_SUBC": "Rio Maipo Bajo (Entre Rio Mapocho y Desembocadura)", "NOM_SSUBC": "Rio Maipo entre Estero Puangue y bajo junta Estero Popeta", "ALTITUD_MS": 78, "AREA_DRENA": 0.0, "NOM_ACUIF": "Rio Maipo", "SHAC": "Melipilla", "UBICACIÓN": null, "OBSERVACIO": null, "LUGAR": "POZO", "INSTITUCIO": "DIRECCION GENERAL DE AGUAS", "TIPO_ESTAC": "*CALIDAD DE AGUA\n", "TIPO_EST_1": "CALIDAD DE AGUA\n", "TIPO_EST_2": null, "TIPO_EST_3": null, "TIPO_EST_4": null, "FUENTE_00": null, "FUENTE_01": null, "FUENTE_02": null, "FUENTE_03": null, "FUENTE_04": null, "PARAMETROS": "*PARAMETROS FISICO-QUIMICO (VARIOS) | minimo: 0, maximo: 0\n", "INSTRUMENT": "*INSTRUMENTOS VARIOS DE LABORATORIO\n", "PROCESOS": null, "PERFIL_TOP": null, "LAGO_ASOCI": null, "POZO": null, "LATITUD": -33.771366311000001, "LONGITUD": -71.353470017000006, "ESTE_8418": 0, "NORTE_8418": 0, "ESTE_8419": 282058, "NORTE_8419": 6260705, "ESTE_8412": 0, "NORTE_8412": 0, "HUSO_REAL": 19 }, "geometry": { "type": "Point", "coordinates": [ -71.35347001699995, -33.771366310999952 ] } },
{ "type": "Feature", "properties": { "OBJECTID": 2730, "COD_BNA": "05701001-0", "NOM_ESTACI": "RIO MAIPO EN LAS HUALTATAS", "FECHA_INST": "01/12/1979", "FECHA_LLEN": "09/08/2021", "FECHA_SUSP": null, "COD_REG": "13", "COD_PROV": "132", "COD_COM": "13203", "REGION": "Metropolitana de Santiago", "PROVINCIA": "Cordillera", "COMUNA": "San José de Maipo", "REGION_RES": "METROPOLITANA", "COD_CUEN": "057", "COD_SUBC": "0570", "COD_SSUBC": "05701", "NOM_CUEN": "Rio Maipo", "NOM_SUBC": "Rio Maipo Alto", "NOM_SSUBC": "Rio Maipo entre Rio Negro y Rio Volcan", "ALTITUD_MS": 1820, "AREA_DRENA": 843.0, "NOM_ACUIF": "Cuencas Altas Maipo", "SHAC": "Rio Maipo Alto", "UBICACIÓN": null, "OBSERVACIO": "*SIN REGISTRO DEL 15/03 AL 12/05/89 DEBIDO A EMBANQUE EXTERIOR DE CÁMARA LIMNIGRÁFICA.\n*termino aforos. termino registros limnigraficos.\n*SIN CONTROL LG. DEL 14/10/1987 AL 18/12/87 POR FALLA DE RELOJ. (SE CAMBIO EL 18/12/87)\n", "LUGAR": "CAUCE NATURAL", "INSTITUCIO": "DIRECCION GENERAL DE AGUAS", "TIPO_ESTAC": "*FLUVIOMETRICA\n", "TIPO_EST_1": "FLUVIOMETRICA", "TIPO_EST_2": null, "TIPO_EST_3": null, "TIPO_EST_4": null, "FUENTE_00": "*DTL\n*SAT\n", "FUENTE_01": "DTL\n", "FUENTE_02": "SAT\n", "FUENTE_03": null, "FUENTE_04": null, "PARAMETROS": "*ALTURA (m) | minimo: -2, maximo: 15\n*CAUDAL (m3/s) | minimo: 0, maximo: 10000\n*AFORO (m3/s) | minimo: 0, maximo: 10000\n*CURVA DE DESCARGA (M-M3/S) | minimo: 0, maximo: 10000\n", "INSTRUMENT": "*LIMNIMETRO DE REGLA GRADUADA | SUSPENDIDO(07/10/2013)\n*LIMNIGRAFO DE FLOTADOR | SUSPENDIDO(07/10/2013)\n*MOLINETE TIPO 622 | SUSPENDIDO(07/10/2013)\n*CALCULO EN OFICINA\n", "PROCESOS": "*PROCESO DE DATOS FLUVIOMÉTRICOS | ALGUNAS FUENTES | SUSPENDIDO(23/12/2024)\n", "PERFIL_TOP": "*N° Perfil: 1 | Fecha: 01/07/1988 | Delta H: 100 | Delta X: 100\n", "LAGO_ASOCI": null, "POZO": null, "LATITUD": -33.978577318, "LONGITUD": -70.145611957, "ESTE_8418": 0, "NORTE_8418": 0, "ESTE_8419": 394176, "NORTE_8419": 6239628, "ESTE_8412": 0, "NORTE_8412": 0, "HUSO_REAL": 19 }, "geometry": { "type": "Point", "coordinates": [ -70.145611956999971, -33.978577317999964 ] } },
{ "type": "Feature", "properties": { "OBJECTID": 2731, "COD_BNA": "05701002-9", "NOM_ESTACI": "RIO MAIPO EN LAS MELOSAS", "FECHA_INST": "02/01/1966", "FECHA_LLEN": "22/08/2020", "FECHA_SUSP": null, "COD_REG": "13", "COD_PROV": "132", "COD_COM": "13203", "REGION": "Metropolitana de Santiago", "PROVINCIA": "Cordillera", "COMUNA": "San José de Maipo", "REGION_RES": "METROPOLITANA", "COD_CUEN": "057", "COD_SUBC": "0570", "COD_SSUBC": "05701", "NOM_CUEN": "Rio Maipo", "NOM_SUBC": "Rio Maipo Alto", "NOM_SSUBC": "Rio Maipo entre Rio Negro y Rio Volcan", "ALTITUD_MS": 1527, "AREA_DRENA": 1488.0, "NOM_ACUIF": "Cuencas Altas Maipo", "SHAC": "Rio Maipo Alto", "UBICACIÓN": null, "OBSERVACIO": "*HASTA 18.04.89 EMBANQUE.\n*EMBANQUE ENTRE 30/03 Y 18/04; SE HI*                                                           *\n*HASTA 03.09.88 SIN REGISTROS LG.\n", "LUGAR": "CAUCE NATURAL", "INSTITUCIO": "DIRECCION GENERAL DE AGUAS", "TIPO_ESTAC": "*FLUVIOMETRICA\n*METEOROLOGICA\n*CALIDAD DE AGUA\n*CALIDAD DE AGUA\n*CALIDAD DE AGUA\n*CALIDAD DE AGUA\n", "TIPO_EST_1": "FLUVIOMETRICA", "TIPO_EST_2": "METEOROLOGICA\n", "TIPO_EST_3": "CALIDAD DE AGUA\n", "TIPO_EST_4": null, "FUENTE_00": "*SAT\n*DTL\n", "FUENTE_01": "SAT\n", "FUENTE_02": "DTL\n", "FUENTE_03": null, "FUENTE_04": null, "PARAMETROS": "*ALTURA (m) | minimo: -2, maximo: 15\n*CAUDAL (m3/s) | minimo: 0, maximo: 10000\n*AFORO (m3/s) | minimo: 0, maximo: 10000\n*CURVA DE DESCARGA (M-M3/S) | minimo: 0, maximo: 10000\n*PRECIPITACION (mm) | minimo: 0, maximo: 100\n*PARAMETROS FISICO-QUIMICO (VARIOS", "INSTRUMENT": "*LIMNIMETRO DE REGLA GRADUADA\n*LIMNIGRAFO DE FLOTADOR\n*MOLINETE TIPO 622\n*ESTACION AUTOMATICA M.R.I.\n*CALCULO EN OFICINA\n", "PROCESOS": "*PROCESO DE DATOS METEOROLÓGICOS | ALGUNAS FUENTES\n*PROCESO DE DATOS FLUVIOMÉTRICOS | ALGUNAS FUENTES\n", "PERFIL_TOP": null, "LAGO_ASOCI": null, "POZO": null, "LATITUD": -33.851919297000002, "LONGITUD": -70.19822272, "ESTE_8418": 0, "NORTE_8418": 0, "ESTE_8419": 389152, "NORTE_8419": 6253617, "ESTE_8412": 0, "NORTE_8412": 0, "HUSO_REAL": 19 }, "geometry": { "type": "Point", "coordinates": [ -70.198222719999933, -33.851919296999938 ] } },
{ "type": "Feature", "properties": { "OBJECTID": 2732, "COD_BNA": "05701009-6", "NOM_ESTACI": "RIO MAIPO EN QUELTEHUES", "FECHA_INST": "01/04/2017", "FECHA_LLEN": "02/05/2017", "FECHA_SUSP": null, "COD_REG": "13", "COD_PROV": "132", "COD_COM": "13203", "REGION": "Metropolitana de Santiago", "PROVINCIA": "Cordillera", "COMUNA": "San José de Maipo", "REGION_RES": "METROPOLITANA", "COD_CUEN": "057", "COD_SUBC": "0570", "COD_SSUBC": "05701", "NOM_CUEN": "Rio Maipo", "NOM_SUBC": "Rio Maipo Alto", "NOM_SSUBC": "Rio Maipo entre Rio Negro y Rio Volcan", "ALTITUD_MS": 1317, "AREA_DRENA": 0.0, "NOM_ACUIF": "Cuencas Altas Maipo", "SHAC": "Rio Maipo Alto", "UBICACIÓN": "CAMINO EL CAJON DEL MAIPO-SECTOR CENTRAL QUELTEHUES.", "OBSERVACIO": "*Se agregó fuente Satelital y se sacó GPRS para Meteorología\n*Ajustar curva de descarga.\n", "LUGAR": "ZONA RURAL", "INSTITUCIO": "DIRECCION GENERAL DE AGUAS", "TIPO_ESTAC": "*FLUVIOMETRICA\n*METEOROLOGICA\n", "TIPO_EST_1": "FLUVIOMETRICA", "TIPO_EST_2": "METEOROLOGICA\n", "TIPO_EST_3": null, "TIPO_EST_4": null, "FUENTE_00": "*DTL\n*GPR\n*SAT\n", "FUENTE_01": "DTL\n", "FUENTE_02": "GPR\n", "FUENTE_03": "SAT\n", "FUENTE_04": null, "PARAMETROS": "*ALTURA (m) | minimo: -2, maximo: 15\n*CAUDAL (m3/s) | minimo: 0, maximo: 10000\n*AFORO (m3/s) | minimo: 0, maximo: 10000\n*CURVA DE DESCARGA (M-M3/S) | minimo: 0, maximo: 10000\n*PRECIPITACION (mm) | minimo: 0, maximo: 100\n", "INSTRUMENT": "*LIMNIMETRO DE REGLA GRADUADA\n*MOLINETE TIPO 622\n*ESTACION AUTOMATICA M.R.I.\n*CALCULO EN OFICINA\n", "PROCESOS": "*PROCESO DE DATOS METEOROLÓGICOS | ALGUNAS FUENTES | SUSPENDIDO(07/01/2025)\n*PROCESO DE DATOS FLUVIOMÉTRICOS | ALGUNAS FUENTES\n", "PERFIL_TOP": null, "LAGO_ASOCI": null, "POZO": null, "LATITUD": -33.816949127000001, "LONGITUD": -70.223611758999994, "ESTE_8418": 0, "NORTE_8418": 0, "ESTE_8419": 386757, "NORTE_8419": 6257467, "ESTE_8412": 0, "NORTE_8412": 0, "HUSO_REAL": 19 }, "geometry": { "type": "Point", "coordinates": [ -70.223611758999937, -33.81694912699993 ] } },
{ "type": "Feature", "properties": { "OBJECTID": 2733, "COD_BNA": "05701011-8", "NOM_ESTACI": "LAS HUALTATAS", "FECHA_INST": "20/05/2021", "FECHA_LLEN": "21/05/2021", "FECHA_SUSP": null, "COD_REG": "13", "COD_PROV": "132", "COD_COM": "13203", "REGION": "Metropolitana de Santiago", "PROVINCIA": "Cordillera", "COMUNA": "San José de Maipo", "REGION_RES": "METROPOLITANA", "COD_CUEN": "057", "COD_SUBC": "0570", "COD_SSUBC": "05701", "NOM_CUEN": "Rio Maipo", "NOM_SUBC": "Rio Maipo Alto", "NOM_SSUBC": "Rio Maipo entre Rio Negro y Rio Volcan", "ALTITUD_MS": 2020, "AREA_DRENA": 737.0, "NOM_ACUIF": "Cuencas Altas Maipo", "SHAC": "Rio Maipo Alto", "UBICACIÓN": null, "OBSERVACIO": "*Estaci9n en buen estado\n", "LUGAR": "ZONA RURAL", "INSTITUCIO": "DIRECCION GENERAL DE AGUAS", "TIPO_ESTAC": "RED HIDROMETRICA ALTA MONTAÑA", "TIPO_EST_1": "NIVOMETRICA", "TIPO_EST_2": null, "TIPO_EST_3": null, "TIPO_EST_4": null, "FUENTE_00": "*SAT\n", "FUENTE_01": "SAT\n", "FUENTE_02": null, "FUENTE_03": null, "FUENTE_04": null, "PARAMETROS": "*PRECIPITACION (mm) | minimo: 0, maximo: 100\n*TEMPERATURA MINIMA (ºc) | minimo: -40, maximo: 40\n*TEMPERATURA MAXIMA (ºc) | minimo: -40, maximo: 40\n*TEMPERATURA MAXIMA (ºc) | minimo: -40, maximo: 40\n*HUMEDAD RELATIVA (%) | minimo: 0.01, maximo: 100\n*RA", "INSTRUMENT": null, "PROCESOS": "*PROCESO DE DATOS METEOROLÓGICOS | ALGUNAS FUENTES\n", "PERFIL_TOP": null, "LAGO_ASOCI": null, "POZO": null, "LATITUD": -34.067762869, "LONGITUD": -70.108742612, "ESTE_8418": 0, "NORTE_8418": 0, "ESTE_8419": 397689, "NORTE_8419": 6229776, "ESTE_8412": 0, "NORTE_8412": 0, "HUSO_REAL": 19 }, "geometry": { "type": "Point", "coordinates": [ -70.108742611999958, -34.067762868999978 ] } },
{ "type": "Feature", "properties": { "OBJECTID": 2734, "COD_BNA": "05705002-0", "NOM_ESTACI": "CANAL QUELTEHUE", "FECHA_INST": "29/10/2013", "FECHA_LLEN": "05/11/2013", "FECHA_SUSP": null, "COD_REG": "13", "COD_PROV": "132", "COD_COM": "13203", "REGION": "Metropolitana de Santiago", "PROVINCIA": "Cordillera", "COMUNA": "San José de Maipo", "REGION_RES": "METROPOLITANA", "COD_CUEN": "057", "COD_SUBC": "0570", "COD_SSUBC": "05701", "NOM_CUEN": "Rio Maipo", "NOM_SUBC": "Rio Maipo Alto", "NOM_SSUBC": "Rio Maipo entre Rio Negro y Rio Volcan", "ALTITUD_MS": 3080, "AREA_DRENA": 0.0, "NOM_ACUIF": "Cuencas Altas Maipo", "SHAC": "Rio Maipo Alto", "UBICACIÓN": null, "OBSERVACIO": null, "LUGAR": "ZONA RURAL", "INSTITUCIO": "DIRECCION GENERAL DE AGUAS", "TIPO_ESTAC": "*FLUVIOMETRICA\n", "TIPO_EST_1": "FLUVIOMETRICA", "TIPO_EST_2": null, "TIPO_EST_3": null, "TIPO_EST_4": null, "FUENTE_00": "*SAT\n*DTL\n", "FUENTE_01": "SAT\n", "FUENTE_02": "DTL\n", "FUENTE_03": null, "FUENTE_04": null, "PARAMETROS": "*ALTURA (m) | minimo: -2, maximo: 15\n*CAUDAL (m3/s) | minimo: 0, maximo: 10000\n*AFORO (m3/s) | minimo: 0, maximo: 10000\n*CURVA DE DESCARGA (M-M3/S) | minimo: 0, maximo: 10000\n", "INSTRUMENT": "*LIMNIMETRO DE REGLA GRADUADA\n*MOLINETE TIPO 622\n*CALCULO EN OFICINA\n", "PROCESOS": null, "PERFIL_TOP": null, "LAGO_ASOCI": null, "POZO": null, "LATITUD": -33.878058746999997, "LONGITUD": -70.197787874, "ESTE_8418": 0, "NORTE_8418": 0, "ESTE_8419": 389226, "NORTE_8419": 6250719, "ESTE_8412": 0, "NORTE_8412": 0, "HUSO_REAL": 19 }, "geometry": { "type": "Point", "coordinates": [ -70.197787873999971, -33.878058746999955 ] } },
{ "type": "Feature", "properties": { "OBJECTID": 3835, "COD_BNA": "05705005-5", "NOM_ESTACI": "Volcan Tupungato", "FECHA_INST": null, "FECHA_LLEN": null, "FECHA_SUSP": null, "COD_REG": "13", "COD_PROV": "132", "COD_COM": "13203", "REGION": "Metropolitana de Santiago", "PROVINCIA": "Cordillera", "COMUNA": "San José de Maipo", "REGION_RES": null, "COD_CUEN": "057", "COD_SUBC": "0570", "COD_SSUBC": "05705", "NOM_CUEN": "Rio Maipo", "NOM_SUBC": "Rio Maipo Alto", "NOM_SSUBC": "Rio Colorado antes junta Rio Olivares", "ALTITUD_MS": 6505, "AREA_DRENA": 0.0, "NOM_ACUIF": "Cuencas Altas Maipo", "SHAC": "Rio Colorado Alto", "UBICACIÓN": null, "OBSERVACIO": null, "LUGAR": null, "INSTITUCIO": null, "TIPO_ESTAC": "RED HIDROMETRICA ALTA MONTAÑA", "TIPO_EST_1": "METEOROLOGICA FIJA", "TIPO_EST_2": null, "TIPO_EST_3": null, "TIPO_EST_4": null, "FUENTE_00": null, "FUENTE_01": null, "FUENTE_02": null, "FUENTE_03": null, "FUENTE_04": null, "PARAMETROS": null, "INSTRUMENT": null, "PROCESOS": null, "PERFIL_TOP": null, "LAGO_ASOCI": null, "POZO": null, "LATITUD": -33.353001515000003, "LONGITUD": -69.770695899000003, "ESTE_8418": 0, "NORTE_8418": 0, "ESTE_8419": 428292, "NORTE_8419": 6309313, "ESTE_8412": 0, "NORTE_8412": 0, "HUSO_REAL": 19 }, "geometry": { "type": "Point", "coordinates": [ -69.770695898999975, -33.35300151499996 ] } },
{ "type": "Feature", "properties": { "OBJECTID": 3836, "COD_BNA": "05706004-4", "NOM_ESTACI": "Glaciar Juncal Sur", "FECHA_INST": null, "FECHA_LLEN": null, "FECHA_SUSP": null, "COD_REG": "13", "COD_PROV": "132", "COD_COM": "13203", "REGION": "Metropolitana de Santiago", "PROVINCIA": "Cordillera", "COMUNA": "San José de Maipo", "REGION_RES": null, "COD_CUEN": "057", "COD_SUBC": "0570", "COD_SSUBC": "05706", "NOM_CUEN": "Rio Maipo", "NOM_SUBC": "Rio Maipo Alto", "NOM_SSUBC": "Rio Olivares", "ALTITUD_MS": 4035, "AREA_DRENA": 0.0, "NOM_ACUIF": "Cuencas Altas Maipo", "SHAC": "Rio Olivares", "UBICACIÓN": null, "OBSERVACIO": null, "LUGAR": null, "INSTITUCIO": null, "TIPO_ESTAC": "RED HIDROMETRICA ALTA MONTAÑA", "TIPO_EST_1": "METEOROLOGICA FIJA", "TIPO_EST_2": null, "TIPO_EST_3": null, "TIPO_EST_4": null, "FUENTE_00": null, "FUENTE_01": null, "FUENTE_02": null, "FUENTE_03": null, "FUENTE_04": null, "PARAMETROS": null, "INSTRUMENT": null, "PROCESOS": null, "PERFIL_TOP": null, "LAGO_ASOCI": null, "POZO": null, "LATITUD": -33.117616573, "LONGITUD": -70.11187131, "ESTE_8418": 0, "NORTE_8418": 0, "ESTE_8419": 396269, "NORTE_8419": 6335124, "ESTE_8412": 0, "NORTE_8412": 0, "HUSO_REAL": 19 }, "geometry": { "type": "Point", "coordinates": [ -70.11187130999997, -33.117616572999964 ] } },
{ "type": "Feature", "properties": { "OBJECTID": 3837, "COD_BNA": "05702015-6", "NOM_ESTACI": "Glaciar San Francisco (EMAM)", "FECHA_INST": null, "FECHA_LLEN": null, "FECHA_SUSP": null, "COD_REG": "13", "COD_PROV": "132", "COD_COM": "13203", "REGION": "Metropolitana de Santiago", "PROVINCIA": "Cordillera", "COMUNA": "San José de Maipo", "REGION_RES": null, "COD_CUEN": "057", "COD_SUBC": "0570", "COD_SSUBC": "05702", "NOM_CUEN": "Rio Maipo", "NOM_SUBC": "Rio Maipo Alto", "NOM_SSUBC": "Rio Volcan", "ALTITUD_MS": 3460, "AREA_DRENA": 0.0, "NOM_ACUIF": "Cuencas Altas Maipo", "SHAC": "Rio Volcan", "UBICACIÓN": null, "OBSERVACIO": null, "LUGAR": null, "INSTITUCIO": null, "TIPO_ESTAC": "RED HIDROMETRICA ALTA MONTAÑA", "TIPO_EST_1": "METEOROLOGICA MOVIL", "TIPO_EST_2": null, "TIPO_EST_3": null, "TIPO_EST_4": null, "FUENTE_00": null, "FUENTE_01": null, "FUENTE_02": null, "FUENTE_03": null, "FUENTE_04": null, "PARAMETROS": null, "INSTRUMENT": null, "PROCESOS": null, "PERFIL_TOP": null, "LAGO_ASOCI": null, "POZO": null, "LATITUD": -33.74887223, "LONGITUD": -70.074013703999995, "ESTE_8418": 0, "NORTE_8418": 0, "ESTE_8419": 400524, "NORTE_8419": 6265170, "ESTE_8412": 0, "NORTE_8412": 0, "HUSO_REAL": 19 }, "geometry": { "type": "Point", "coordinates": [ -70.074013703999981, -33.748872229999961 ] } },
{ "type": "Feature", "properties": { "OBJECTID": 3838, "COD_BNA": "05702012-1", "NOM_ESTACI": "Baños Colina", "FECHA_INST": null, "FECHA_LLEN": null, "FECHA_SUSP": null, "COD_REG": "13", "COD_PROV": "132", "COD_COM": "13203", "REGION": "Metropolitana de Santiago", "PROVINCIA": "Cordillera", "COMUNA": "San José de Maipo", "REGION_RES": null, "COD_CUEN": "057", "COD_SUBC": "0570", "COD_SSUBC": "05702", "NOM_CUEN": "Rio Maipo", "NOM_SUBC": "Rio Maipo Alto", "NOM_SSUBC": "Rio Volcan", "ALTITUD_MS": 3600, "AREA_DRENA": 0.0, "NOM_ACUIF": "Cuencas Altas Maipo", "SHAC": "Rio Volcan", "UBICACIÓN": null, "OBSERVACIO": null, "LUGAR": null, "INSTITUCIO": null, "TIPO_ESTAC": "RED HIDROMETRICA ALTA MONTAÑA", "TIPO_EST_1": "NIVOMETRICA", "TIPO_EST_2": null, "TIPO_EST_3": null, "TIPO_EST_4": null, "FUENTE_00": null, "FUENTE_01": null, "FUENTE_02": null, "FUENTE_03": null, "FUENTE_04": null, "PARAMETROS": null, "INSTRUMENT": null, "PROCESOS": null, "PERFIL_TOP": null, "LAGO_ASOCI": null, "POZO": null, "LATITUD": -33.943612883, "LONGITUD": -69.941398527999993, "ESTE_8418": 0, "NORTE_8418": 0, "ESTE_8419": 413005, "NORTE_8419": 6243697, "ESTE_8412": 0, "NORTE_8412": 0, "HUSO_REAL": 19 }, "geometry": { "type": "Point", "coordinates": [ -69.941398527999979, -33.943612882999957 ] } },
{ "type": "Feature", "properties": { "OBJECTID": 3839, "COD_BNA": "05703017-8", "NOM_ESTACI": "Glaciar Bello Alto (EMAM)", "FECHA_INST": null, "FECHA_LLEN": null, "FECHA_SUSP": null, "COD_REG": "13", "COD_PROV": "132", "COD_COM": "13203", "REGION": "Metropolitana de Santiago", "PROVINCIA": "Cordillera", "COMUNA": "San José de Maipo", "REGION_RES": null, "COD_CUEN": "057", "COD_SUBC": "0570", "COD_SSUBC": "05703", "NOM_CUEN": "Rio Maipo", "NOM_SUBC": "Rio Maipo Alto", "NOM_SSUBC": "Rio Yeso", "ALTITUD_MS": 4785, "AREA_DRENA": 0.0, "NOM_ACUIF": "Cuencas Altas Maipo", "SHAC": "Rio Yeso", "UBICACIÓN": null, "OBSERVACIO": null, "LUGAR": null, "INSTITUCIO": null, "TIPO_ESTAC": "RED HIDROMETRICA ALTA MONTAÑA", "TIPO_EST_1": "METEOROLOGICA MOVIL", "TIPO_EST_2": null, "TIPO_EST_3": null, "TIPO_EST_4": null, "FUENTE_00": null, "FUENTE_01": null, "FUENTE_02": null, "FUENTE_03": null, "FUENTE_04": null, "PARAMETROS": null, "INSTRUMENT": null, "PROCESOS": null, "PERFIL_TOP": null, "LAGO_ASOCI": null, "POZO": null, "LATITUD": -33.514202261999998, "LONGITUD": -69.943278246000006, "ESTE_8418": 0, "NORTE_8418": 0, "ESTE_8419": 412396, "NORTE_8419": 6291308, "ESTE_8412": 0, "NORTE_8412": 0, "HUSO_REAL": 19 }, "geometry": { "type": "Point", "coordinates": [ -69.943278245999977, -33.514202261999969 ] } }
]
}
